source,listing_id,category,url,title,price_vnd,price_raw,area_m2,area_raw,bedrooms,toilets,furniture,city,district,ward,location_raw,posted_date,scraped_at
nhatot,nt_134726618,can_ho_chung_cu,https://www.nhatot.com/134726618.htm,CHO THUÊ 2PN FULL NỘI THẤT THIẾT KẾ SANG TRỌNG NGAY MẶT PHỐ NGỌC HÀ,15000000,15 triệu/tháng,50.0,50.0,2.0,1.0,Đầy đủ,Hà Nội,Ba Đình,Ngọc Hà,Phố Ngọc Hà - Phường Ngọc Hà - Quận Ba Đình,2026-09-16,2026-09-17
nhatot,nt_134726430,can_ho_chung_cu,https://www.nhatot.com/134726430.htm,Cho thuê căn hộ Tầng 3 khu TT xà phòng - 181 đường Nguyễn Trãi- TX- HN,5500000,"5,5 triệu/tháng",70.0,70.0,2.0,1.0,Cơ bản,Hà Nội,Thanh Xuân,Thượng Đình,Đường Nguyễn Trãi - Phường Thượng Đình - Quận Thanh Xuân,2026-09-16,2026-09-17
nhatot,nt_134655911,can_ho_chung_cu,https://www.nhatot.com/134655911.htm,🔥 Cực Hiếm! 3PN Vinhomes West Point 90m2 Đủ Đồ Chỉ 27Tr Ở Ngay,27000000,27 triệu/tháng,90.0,90.0,3.0,2.0,Đầy đủ,Hà Nội,Nam Từ Liêm,Mễ Trì,Đường Phạm Hùng - Phường Mễ Trì - Quận Nam Từ Liêm,2026-09-16,2026-09-17
nhatot,nt_134726149,can_ho_chung_cu,https://www.nhatot.com/134726149.htm,"Cho thuê chung cư 590 CMT8, Căn 1PN giá thuê 9tr/tháng",9000000,9 triệu/tháng,60.0,60.0,1.0,,Cơ bản,Hà Nội,Ba Đình,Thành Công,Láng Hạ - Phường Thành Công - Quận Ba Đình,2026-09-16,2026-09-17
nhatot,nt_134726057,can_ho_chung_cu,https://www.nhatot.com/134726057.htm,CHO THUÊ căn hộ tại CC Bắc Hà Lucky - Số 30 Phạm Văn Đồng - 2PN 2WC,12000000,12 triệu/tháng,70.0,70.0,2.0,2.0,,Hà Nội,Cầu Giấy,Dịch Vọng Hậu,Phạm Văn Đồng - Phường Dịch Vọng Hậu - Quận Cầu Giấy,2026-09-16,2026-09-17
nhatot,nt_134701819,can_ho_chung_cu,https://www.nhatot.com/134701819.htm,1N1K FULL NỘI THẤT TIỆN NGHI MỚI BAN CÔNG NGAY LOTTE MALL TÂY HỒ ,11000000,11 triệu/tháng,45.0,45.0,1.0,,,Hà Nội,Tây Hồ,Xuân La,Đường Lạc Long Quân - Phường Xuân La - Quận Tây Hồ,2026-09-16,2026-09-17
nhatot,nt_133453192,can_ho_chung_cu,https://www.nhatot.com/133453192.htm,"Ở đây có rất nhiều căn hộ đẹp - Giá tốt cho thuê. Ocean park, Gia Lâm ",5000000,5 triệu/tháng,36.0,36.0,1.0,,Đầy đủ,Hà Nội,Gia Lâm,Thị trấn Trâu Quỳ,Yên Viên - Thị trấn Trâu Quỳ - Huyện Gia Lâm,2026-09-16,2026-09-17
nhatot,nt_134725647,can_ho_chung_cu,https://www.nhatot.com/134725647.htm,CẬP NHẬT QUỸ CĂN THUÊ Studio/1N/2N/3N giá tốt từ 8tr,8000000,8 triệu/tháng,46.0,46.0,1.0,1.0,Đầy đủ,Hà Nội,Nam Từ Liêm,Tây Mỗ,Đại Mỗ - Phường Tây Mỗ - Quận Nam Từ Liêm,2026-09-16,2026-09-17
nhatot,nt_134449108,can_ho_chung_cu,https://www.nhatot.com/134449108.htm,CĂN GÓC 3PN 82M² FULL NT–PHÁP VÂN–VÀO Ở NGAY–ƯU TIÊN GĐ THUÊ LÂU DÀI,10500000,"10,5 triệu/tháng",82.0,82.0,3.0,2.0,Đầy đủ,Hà Nội,Hoàng Mai,Hoàng Liệt,Ngõ 15 Ngọc Hồi - Phường Hoàng Liệt - Quận Hoàng Mai,2026-09-16,2026-09-17
nhatot,nt_134725393,can_ho_chung_cu,https://www.nhatot.com/134725393.htm,"Cho thuê CCMN Hào Nam - Cát Linh, Thổ Quan ở ngay, oto đỗ cửa, full đồ",9000000,9 triệu/tháng,50.0,50.0,2.0,,Đầy đủ,Hà Nội,Đống Đa,Ô Chợ Dừa,Phố Hào Nam - Phường Ô Chợ Dừa - Quận Đống Đa,2026-09-16,2026-09-17
nhatot,nt_134552773,can_ho_chung_cu,https://www.nhatot.com/134552773.htm,Cho thuê căn hộ Phố Nguyễn Khánh Toàn-Cầu Giấy 55m 2 ngủ,9800000,"9,8 triệu/tháng",55.0,55.0,2.0,1.0,,Hà Nội,Cầu Giấy,Nghĩa Đô,Nguyễn Khánh Toàn - Phường Nghĩa Đô - Quận Cầu Giấy,2026-09-16,2026-09-17
nhatot,nt_132646762,can_ho_chung_cu,https://www.nhatot.com/132646762.htm,"CHO THUÊ CĂN HỘ TẦNG 4 – NGÕ 36 XUÂN LA, TÂY HỒ, HÀ NỘI",9000000,9 triệu/tháng,60.0,60.0,2.0,1.0,Đầy đủ,Hà Nội,Tây Hồ,Xuân La,Ngõ 36 Xuân La - Phường Xuân La - Quận Tây Hồ,2026-09-16,2026-09-17
nhatot,nt_131874120,can_ho_chung_cu,https://www.nhatot.com/131874120.htm,chính chủ cho thuê phòng chung cư mi ni như hình,3500000,"3,5 triệu/tháng",25.0,25.0,10.0,7.0,,Hà Nội,Nam Từ Liêm,Phú Đô,Đường Lê Quang Đạo - Phường Phú Đô - Quận Nam Từ Liêm,2026-09-16,2026-09-17
nhatot,nt_134723379,can_ho_chung_cu,https://www.nhatot.com/134723379.htm,Căn Hộ Tầng 4 Khu Tập Thể,5000000,5 triệu/tháng,54.0,54.0,2.0,1.0,Cơ bản,Hà Nội,Ba Đình,Ngọc Hà,Phố Đội Cấn - Phường Ngọc Hà - Quận Ba Đình,2026-09-16,2026-09-17
nhatot,nt_132810273,can_ho_chung_cu,https://www.nhatot.com/132810273.htm,"HÀNG HIẾM!!NEW 2 ngủ, 1 ngủ ô tô đỗ cửa tại Hoàng Quốc Việt, Cầu Giấy",10000000,10 triệu/tháng,60.0,60.0,2.0,2.0,Đầy đủ,Hà Nội,Cầu Giấy,Nghĩa Đô,Đường Hoàng Quốc Việt - Phường Nghĩa Đô - Quận Cầu Giấy,2026-09-16,2026-09-17
nhatot,nt_134678315,can_ho_chung_cu,https://www.nhatot.com/134678315.htm,1N1K FULL ĐỒ MỚI TINH BAN CÔNG NGAY TRUNG TÂM HỘI NGHỊ QUỐC GIA,8000000,8 triệu/tháng,45.0,45.0,1.0,,,Hà Nội,Nam Từ Liêm,Mễ Trì,Phố Đồng Me (kéo dài) - Phường Mễ Trì - Quận Nam Từ Liêm,2026-09-16,2026-09-17
nhatot,nt_134677853,can_ho_chung_cu,https://www.nhatot.com/134677853.htm,CĂN HỘ 3PN 2WC TRẦN QUÝ KIÊN – CẦU GIẤY – FULL ĐỒ – CHỈ 13TR/THÁNG,13000000,13 triệu/tháng,80.0,80.0,3.0,2.0,Đầy đủ,Hà Nội,Cầu Giấy,Dịch Vọng,Phố Trần Quý Kiên - Phường Dịch Vọng - Quận Cầu Giấy,2026-09-16,2026-09-17
nhatot,nt_134712245,can_ho_chung_cu,https://www.nhatot.com/134712245.htm,Cho thuê Tập thể 70m gồm 2 ngủ ở Đầm Trấu.,9000000,9 triệu/tháng,70.0,70.0,2.0,,,Hà Nội,Hai Bà Trưng,Bạch Đằng,Đường Đầm Trấu - Phường Bạch Đằng - Quận Hai Bà Trưng,2026-09-16,2026-09-17
nhatot,nt_134693598,can_ho_chung_cu,https://www.nhatot.com/134693598.htm,1N1K FULL ĐỒ MỚI BAN CÔNG SIÊU THOÁNG NGAY CÔNG VIÊN HOÀ BÌNH,6600000,"6,6 triệu/tháng",40.0,40.0,1.0,,,Hà Nội,Bắc Từ Liêm,Xuân Đỉnh,Đường Xuân Đỉnh - Phường Xuân Đỉnh - Quận Bắc Từ Liêm,2026-09-16,2026-09-17
nhatot,nt_134707335,can_ho_chung_cu,https://www.nhatot.com/134707335.htm,CHO THUÊ PHÒNG Ở PHÚ ĐÔ ,5000000,5 triệu/tháng,30.0,30.0,1.0,1.0,Đầy đủ,Hà Nội,Nam Từ Liêm,Phú Đô,Đường Lê Quang Đạo kéo dài - Phường Phú Đô - Quận Nam Từ Liêm,2026-09-16,2026-09-17
nhatot,nt_134438022,can_ho_chung_cu,https://www.nhatot.com/134438022.htm,"Cho thuê căn  góc  tòa H1 tầng 23 Masteri view hồ Ngọc Trai, 2N+1+2WC",10000000,10 triệu/tháng,63.0,63.0,2.0,2.0,Cơ bản,Hà Nội,Gia Lâm,Đa Tốn,Masteri Waterfront - Xã Đa Tốn - Huyện Gia Lâm,2026-09-17,2026-09-17
nhatot,nt_133659769,can_ho_chung_cu,https://www.nhatot.com/133659769.htm,Căn hộ mini riêng biệt nội thất cao cấp,5000000,5 triệu/tháng,45.0,45.0,2.0,1.0,Đầy đủ,Hà Nội,Thanh Xuân,Hạ Đình,Đường Khương Đình - Phường Hạ Đình - Quận Thanh Xuân,2026-09-17,2026-09-17
nhatot,nt_134034719,can_ho_chung_cu,https://www.nhatot.com/134034719.htm,"Căn hộ tiện ích vượng khí, an ninh tốt, đảm bảo PCCC, có thang máy",3200000,"3,2 triệu/tháng",20.0,20.0,1.0,,Đầy đủ,Hà Nội,Hoàng Mai,Hoàng Văn Thụ,Đường Hoàng Mai - Phường Hoàng Văn Thụ - Quận Hoàng Mai,2026-09-17,2026-09-17
nhatot,nt_134733478,can_ho_chung_cu,https://www.nhatot.com/134733478.htm,Phòng Studio 1 ngủ 1 bếp mới tinh,6300000,"6,3 triệu/tháng",25.0,25.0,1.0,1.0,Đầy đủ,Hà Nội,Cầu Giấy,Quan Hoa,Ngõ 155 Cầu Giấy - Phường Quan Hoa - Quận Cầu Giấy,2026-09-16,2026-09-17
nhatot,nt_134731663,can_ho_chung_cu,https://www.nhatot.com/134731663.htm,"Cho thuê chung cư 2 ngủ mới sạch sẽ giá tốt, ưu tiên thuê lâu dài",9000000,9 triệu/tháng,73.0,73.0,2.0,2.0,Cơ bản,Hà Nội,Hoài Đức,An Khánh,Đường An Khánh - Xã An Khánh - Huyện Hoài Đức,2026-09-16,2026-09-17
nhatot,nt_133945387,can_ho_chung_cu,https://www.nhatot.com/133945387.htm,"CHO THUÊ CHUNG CƯ MINI 2N, 1K ,1 BẾP - FUN ĐỒ - CẦU GIẤY ( TẶNG 3TR )",8800000,"8,8 triệu/tháng",50.0,50.0,2.0,1.0,Đầy đủ,Hà Nội,Cầu Giấy,Nghĩa Đô,Ngõ 17 Phùng Chí Kiên - Phường Nghĩa Đô - Quận Cầu Giấy,2026-09-16,2026-09-17
nhatot,nt_134475203,can_ho_chung_cu,https://www.nhatot.com/134475203.htm,CHO THUÊ CĂN HỘ STUDIO FULL ĐỒ:,6200000,"6,2 triệu/tháng",33.0,33.0,1.0,1.0,Đầy đủ,Hà Nội,Gia Lâm,Đa Tốn,"Đầu cao tốc Hà Nội – Hải Phòng, Gia Lâm, Hà Nội - Xã Đa Tốn - Huyện Gia Lâm",2026-09-16,2026-09-17
nhatot,nt_134667980,can_ho_chung_cu,https://www.nhatot.com/134667980.htm,Cho thuê căn hộ tập thể Văn Chương giá rẻ,3500000,"3,5 triệu/tháng",40.0,40.0,2.0,1.0,,Hà Nội,Đống Đa,Văn Chương,Ngõ Văn Chương - Phường Văn Chương - Quận Đống Đa,2026-09-16,2026-09-17
nhatot,nt_134624720,can_ho_chung_cu,https://www.nhatot.com/134624720.htm,Cho Thuê Căn Hộ Dịch Vụ Cao Cấp 1 Ngủ 1 Khách 70m² Âu Cơ Tây Hồ Hà Nội,11000000,11 triệu/tháng,70.0,70.0,1.0,1.0,Đầy đủ,Hà Nội,Tây Hồ,Nhật Tân,Đường Âu Cơ - Phường Nhật Tân - Quận Tây Hồ,2026-09-16,2026-09-17
nhatot,nt_131217499,can_ho_chung_cu,https://www.nhatot.com/131217499.htm,"Cho Thuê Căn Hộ Dịch Vụ Studio 70m2 View Hồ Ba Mẫu, Đống Đa, Hà Nội",11000000,11 triệu/tháng,70.0,70.0,1.0,1.0,Đầy đủ,Hà Nội,Đống Đa,Phương Liên,Phố Ô Đồng Lầm - Phường Phương Liên - Quận Đống Đa,2026-09-16,2026-09-17
nhatot,nt_134730364,can_ho_chung_cu,https://www.nhatot.com/134730364.htm,"Chính chủ cần cho thuê căn góc  ,toà Nơ 6b nhà đẹp giá cực tốt",11000000,11 triệu/tháng,87.0,87.0,3.0,2.0,Đầy đủ,Hà Nội,Hoàng Mai,Đại Kim,Hoàng Liệt - Phường Đại Kim - Quận Hoàng Mai,2026-09-16,2026-09-17
nhatot,nt_123476164,can_ho_chung_cu,https://www.nhatot.com/123476164.htm,Cho Thuê Căn Hộ Dịch Vụ Studio Cao Cấp 40m² Âu Cơ Tây Hồ Hà Nội,7000000,7 triệu/tháng,40.0,40.0,1.0,1.0,Đầy đủ,Hà Nội,Tây Hồ,Nhật Tân,Đường Âu Cơ - Phường Nhật Tân - Quận Tây Hồ,2026-09-16,2026-09-17
nhatot,nt_134730123,can_ho_chung_cu,https://www.nhatot.com/134730123.htm,CHO THUÊ CĂN HỘ STUDIO PHONG CÁCH RESORT – KHU VIP NGỌC LÂM,7500000,"7,5 triệu/tháng",50.0,50.0,1.0,,,Hà Nội,Long Biên,Ngọc Lâm,Phố Ngọc Lâm - Phường Ngọc Lâm - Quận Long Biên,2026-09-16,2026-09-17
nhatot,nt_134730067,can_ho_chung_cu,https://www.nhatot.com/134730067.htm,"CĂN HỘ 40M² – FULL ĐỒ, BAN CÔNG RIÊNG – VỊ TRÍ ĐẸP NGUYỄN KHÁNH TOÀN",7000000,7 triệu/tháng,40.0,40.0,1.0,1.0,,Hà Nội,Cầu Giấy,Quan Hoa,Đường Nguyễn Khánh Toàn - Phường Quan Hoa - Quận Cầu Giấy,2026-09-16,2026-09-17
nhatot,nt_54571786,can_ho_chung_cu,https://www.nhatot.com/54571786.htm,Căn hộ cho thuê Tòa nhà Hoàng Long House (Chính chủ),3000000,3 triệu/tháng,22.0,22.0,1.0,1.0,,Hà Nội,Long Biên,Ngọc Thụy,Đường Ngọc Thụy - Phường Ngọc Thụy - Quận Long Biên,2026-09-16,2026-09-17
nhatot,nt_131928597,can_ho_chung_cu,https://www.nhatot.com/131928597.htm,Căn hộ 1 phòng ngủ 1 WC biệt thự liền kề FULL ĐỒ nội thất cao cấp,3200000,"3,2 triệu/tháng",35.0,35.0,1.0,1.0,Đầy đủ,Hà Nội,Đống Đa,Láng Hạ,Láng Hạ - Phường Láng Hạ - Quận Đống Đa,2026-09-16,2026-09-17
nhatot,nt_129301773,can_ho_chung_cu,https://www.nhatot.com/129301773.htm,Cho Thuê Căn Hộ Dịch Vụ Studio Cao Cấp 35m² Âu Cơ Tây Hồ Hà Nội,6000000,6 triệu/tháng,35.0,35.0,1.0,1.0,,Hà Nội,Tây Hồ,Nhật Tân,Đường Âu Cơ - Phường Nhật Tân - Quận Tây Hồ,2026-09-16,2026-09-17
nhatot,nt_123475990,can_ho_chung_cu,https://www.nhatot.com/123475990.htm,Cho Thuê Căn Hộ Dịch Vụ Studio Cao Cấp 30m² Âu Cơ Tây Hồ Hà Nội,5000000,5 triệu/tháng,30.0,30.0,1.0,1.0,Đầy đủ,Hà Nội,Tây Hồ,Nhật Tân,Đường Âu Cơ - Phường Nhật Tân - Quận Tây Hồ,2026-09-16,2026-09-17
nhatot,nt_127133523,can_ho_chung_cu,https://www.nhatot.com/127133523.htm,Cho Thuê Căn Hộ Dịch Vụ Cao Cấp 1 Ngủ 1 Khách 50m² Âu Cơ Tây Hồ Hà Nội,8000000,8 triệu/tháng,50.0,50.0,1.0,2.0,Đầy đủ,Hà Nội,Tây Hồ,Nhật Tân,Đường Âu Cơ - Phường Nhật Tân - Quận Tây Hồ,2026-09-16,2026-09-17
nhatot,nt_133957344,can_ho_chung_cu,https://www.nhatot.com/133957344.htm,Cho thuê Helios Tower full đồ tầng trung view biệt thự,12000000,12 triệu/tháng,65.0,65.0,2.0,2.0,Đầy đủ,Hà Nội,Hoàng Mai,Mai Động,Tam Trinh - Phường Mai Động - Quận Hoàng Mai,2026-09-16,2026-09-17
nhatot,nt_134195228,can_ho_chung_cu,https://www.nhatot.com/134195228.htm,CHO THUÊ CĂN HỘ DỊCH VỤ 40M² - ĐẦY ĐỦ NỘI THẤT,7000000,7 triệu/tháng,40.0,40.0,10.0,7.0,,Hà Nội,Ba Đình,Ngọc Hà,Đường Hoàng Hoa Thám - Phường Ngọc Hà - Quận Ba Đình,2026-09-16,2026-09-17
nhatot,nt_134721689,can_ho_chung_cu,https://www.nhatot.com/134721689.htm,"cho thuê căn hộ số 5a ngõ 111 Nghĩa Dũng, Phúc Xá. đủ đồ vip, sát phố",4000000,4 triệu/tháng,46.0,46.0,1.0,1.0,Đầy đủ,Hà Nội,Ba Đình,Phúc Xá,Ngõ 111 Nghĩa Dũng - Phường Phúc Xá - Quận Ba Đình,2026-09-16,2026-09-17
nhatot,nt_134721401,can_ho_chung_cu,https://www.nhatot.com/134721401.htm,Chính chủ cho thuê lâu dài ,10000000,10 triệu/tháng,76.0,76.0,2.0,2.0,Đầy đủ,Hà Nội,Đông Anh,Vĩnh Ngọc,5 - Xã Vĩnh Ngọc - Huyện Đông Anh,2026-09-16,2026-09-17
nhatot,nt_134644551,can_ho_chung_cu,https://www.nhatot.com/134644551.htm,cho thuê cc ecogreen,12000000,12 triệu/tháng,67.0,67.0,2.0,2.0,,Hà Nội,Thanh Trì,Tân Triều,Tân Triều - Xã Tân Triều - Huyện Thanh Trì,2026-09-16,2026-09-17
nhatot,nt_134685314,can_ho_chung_cu,https://www.nhatot.com/134685314.htm,KHAI TRƯƠNG CĂN HỘ 1N1K NGAY TRUNG TÂM CẦU GIẤY - FULL NỘI THẤT,6000000,6 triệu/tháng,30.0,30.0,1.0,,,Hà Nội,Cầu Giấy,Dịch Vọng,Đường Xuân Thủy - Phường Dịch Vọng - Quận Cầu Giấy,2026-09-16,2026-09-17
nhatot,nt_134720999,can_ho_chung_cu,https://www.nhatot.com/134720999.htm,"Cho thuê studio 32m - 5,5 triệu- nguyên bản CĐT -Vin Smart City",5500000,"5,5 triệu/tháng",32.0,32.0,1.0,1.0,Cơ bản,Hà Nội,Nam Từ Liêm,Tây Mỗ,The Sapphire-Vinhomes Smart City - Phường Tây Mỗ - Quận Nam Từ Liêm,2026-09-16,2026-09-17
nhatot,nt_134524714,can_ho_chung_cu,https://www.nhatot.com/134524714.htm,"Siêu phẩm CCMN 30m2 Full đồ gác xép, máy giặt riêng tại Mễ Trì Hạ",6300000,"6,3 triệu/tháng",30.0,30.0,1.0,1.0,Đầy đủ,Hà Nội,Nam Từ Liêm,Mễ Trì,Phố Mễ Trì Hạ - Phường Mễ Trì - Quận Nam Từ Liêm,2026-09-16,2026-09-17
nhatot,nt_134679195,can_ho_chung_cu,https://www.nhatot.com/134679195.htm,"CCMN Hoàng Mai, nhỉnh 4tr, thang máy, full nội thất, phòng khép kín",4600000,"4,6 triệu/tháng",40.0,40.0,1.0,1.0,Đầy đủ,Hà Nội,Hoàng Mai,Đại Kim,Đường Kim Giang - Phường Đại Kim - Quận Hoàng Mai,2026-09-16,2026-09-17
nhatot,nt_134680545,can_ho_chung_cu,https://www.nhatot.com/134680545.htm,Em cho thuê căn hộ 1 ngủ full đồ tại E4 Yên Hòa Park View vào ở ngay,10000000,10 triệu/tháng,40.0,40.0,1.0,,,Hà Nội,Cầu Giấy,Yên Hoà,Vũ Phạm Hàm - Phường Yên Hoà - Quận Cầu Giấy,2026-09-16,2026-09-17
nhatot,nt_132559104,can_ho_chung_cu,https://www.nhatot.com/132559104.htm,cho thuê tầng riêng 50m²  2 Phong Full nội thất ,6000000,6 triệu/tháng,50.0,50.0,2.0,1.0,,Hà Nội,Hoàng Mai,Thịnh Liệt,Phố Nguyễn Chính - Phường Thịnh Liệt - Quận Hoàng Mai,2026-09-16,2026-09-17
nhatot,nt_132802864,can_ho_chung_cu,https://www.nhatot.com/132802864.htm,chính chủ cho thuê phòng như hình,3500000,"3,5 triệu/tháng",25.0,25.0,1.0,,,Hà Nội,Nam Từ Liêm,Phú Đô,Đường Lê Quang Đạo - Phường Phú Đô - Quận Nam Từ Liêm,2026-09-16,2026-09-17
nhatot,nt_134629984,can_ho_chung_cu,https://www.nhatot.com/134629984.htm,Khai trương CCMN 30-35m2 Full đồ xịn sò. ô tô qua ngay The Sun Mễ Trì ,5800000,"5,8 triệu/tháng",30.0,30.0,1.0,1.0,Đầy đủ,Hà Nội,Nam Từ Liêm,Mễ Trì,Đường Mễ Trì - Phường Mễ Trì - Quận Nam Từ Liêm,2026-09-16,2026-09-17
nhatot,nt_133192316,can_ho_chung_cu,https://www.nhatot.com/133192316.htm,"Cho thuê căn 02 ngủ 02 WC mới, full đồ, ngay mặt Hồ Tây, 90A Xóm Chùa",15500000,"15,5 triệu/tháng",100.0,100.0,2.0,2.0,Đầy đủ,Hà Nội,Tây Hồ,Quảng An,Phố Quảng Khánh - Phường Quảng An - Quận Tây Hồ,2026-09-16,2026-09-17
nhatot,nt_134720039,can_ho_chung_cu,https://www.nhatot.com/134720039.htm,"CHO THUÊ CĂN GÓC 2PN - 2WC VOV MỄ TRÌ, VINACONEX3, MỚI TINH",12000000,12 triệu/tháng,78.0,78.0,2.0,2.0,Đầy đủ,Hà Nội,Nam Từ Liêm,Mễ Trì,Lương Thế Vinh - Phường Mễ Trì - Quận Nam Từ Liêm,2026-09-16,2026-09-17
nhatot,nt_134143126,can_ho_chung_cu,https://www.nhatot.com/134143126.htm,Cho thuê Căn hộ chung cư LINH ĐÀM 2 ngủ 2 vệ sinh ,7200000,"7,2 triệu/tháng",65.0,65.0,2.0,2.0,,Hà Nội,Hoàng Mai,Hoàng Liệt,Linh Đàm - Phường Hoàng Liệt - Quận Hoàng Mai,2026-09-16,2026-09-17
nhatot,nt_134719038,can_ho_chung_cu,https://www.nhatot.com/134719038.htm,(Chính chủ) cho thuê căn hộ 50m2 - 02 phòng ngủ đầy đủ tiện nghi,8500000,"8,5 triệu/tháng",50.0,50.0,2.0,,,Hà Nội,Đống Đa,Láng Hạ,Phố Huỳnh Thúc Kháng - Phường Láng Hạ - Quận Đống Đa,2026-09-16,2026-09-17
nhatot,nt_133427944,can_ho_chung_cu,https://www.nhatot.com/133427944.htm,"Cho thuê CHDV full đồ 1K1N tại Thung lũng hoa Tây Hồ, Lotte Westlake",10000000,10 triệu/tháng,50.0,50.0,1.0,1.0,Đầy đủ,Hà Nội,Tây Hồ,Nhật Tân,Ngõ 399 Âu Cơ - Phường Nhật Tân - Quận Tây Hồ,2026-09-16,2026-09-17
nhatot,nt_134718500,can_ho_chung_cu,https://www.nhatot.com/134718500.htm,"Cần cho thuê căn hộ: 335 Cầu Giấy, 70m2, 2 ngủ",13500000,"13,5 triệu/tháng",70.0,70.0,2.0,1.0,,Hà Nội,Cầu Giấy,Dịch Vọng,Cầu Giấy - Phường Dịch Vọng - Quận Cầu Giấy,2026-09-16,2026-09-17
nhatot,nt_134718072,can_ho_chung_cu,https://www.nhatot.com/134718072.htm,Cho thuê căn 2n1wc nguyên bản giá 8 triệu- Vin Smart City Tây Mỗ,8000000,8 triệu/tháng,54.0,54.0,2.0,1.0,Cơ bản,Hà Nội,Nam Từ Liêm,Tây Mỗ,The Sapphire-Vinhomes Smart City - Phường Tây Mỗ - Quận Nam Từ Liêm,2026-09-16,2026-09-17
nhatot,nt_132929347,can_ho_chung_cu,https://www.nhatot.com/132929347.htm,"CHO THUÊ PHÒNG TRỌ HÀ NỘI TẠI NGÕ 35 TU HOÀNG, GẦN ĐH CÔNG NGHIỆP",3200000,"3,2 triệu/tháng",24.0,24.0,1.0,,Đầy đủ,Hà Nội,Nam Từ Liêm,Phương Canh,Ngõ 35 Tu Hoàng - Phường Phương Canh - Quận Nam Từ Liêm,2026-09-16,2026-09-17
nhatot,nt_132310001,can_ho_chung_cu,https://www.nhatot.com/132310001.htm,Căn hộ mini Ngõ 381 Nguyên Khang- Yên Hòa 4tr3 - 5tr,4300000,"4,3 triệu/tháng",25.0,25.0,1.0,1.0,Đầy đủ,Hà Nội,Cầu Giấy,Yên Hoà,Đường Nguyễn Khang - Phường Yên Hoà - Quận Cầu Giấy,2026-09-16,2026-09-17
nhatot,nt_134679020,can_ho_chung_cu,https://www.nhatot.com/134679020.htm,"Nhỉnh 5tr, CCMN Hai Bà Trưng, thang máy, gần các trường ĐH- CĐ, 40m2",5300000,"5,3 triệu/tháng",40.0,40.0,1.0,1.0,Đầy đủ,Hà Nội,Hai Bà Trưng,Bách Khoa,Đường Giải Phóng - Phường Bách Khoa - Quận Hai Bà Trưng,2026-09-16,2026-09-17
nhatot,nt_134680223,can_ho_chung_cu,https://www.nhatot.com/134680223.htm,"Nhỉnh 4tr, CCMN Kim Giang, thang máy, ban công, ngõ oto tránh, 40m2",4200000,"4,2 triệu/tháng",40.0,40.0,1.0,1.0,Đầy đủ,Hà Nội,Thanh Trì,Thanh Liệt,Đường Kim Giang - Xã Thanh Liệt - Huyện Thanh Trì,2026-09-16,2026-09-17
nhatot,nt_134678902,can_ho_chung_cu,https://www.nhatot.com/134678902.htm,"CCMN Tây Hồ, thang máy, nhỉnh 4tr, nội thất đầy đủ, giá cực sinh viên",4200000,"4,2 triệu/tháng",34.0,34.0,1.0,1.0,Đầy đủ,Hà Nội,Tây Hồ,Bưởi,Đường Lạc Long Quân - Phường Bưởi - Quận Tây Hồ,2026-09-16,2026-09-17
nhatot,nt_134716355,can_ho_chung_cu,https://www.nhatot.com/134716355.htm,SIÊU RẺ FULL NỘI THẤT NHÀ MỚI SIÊU ĐẸP,5488000,"5,48 triệu/tháng",35.0,35.0,1.0,1.0,,Hà Nội,Bắc Từ Liêm,Xuân Đỉnh,Phố Nguyễn Xuân Khoát - Phường Xuân Đỉnh - Quận Bắc Từ Liêm,2026-09-16,2026-09-17
nhatot,nt_134716002,can_ho_chung_cu,https://www.nhatot.com/134716002.htm,Khai trương CCMN 1n1k 35m2 Full đồ. ban công thoáng tại Lê Trọng Tấn,6800000,"6,8 triệu/tháng",35.0,35.0,1.0,1.0,Đầy đủ,Hà Nội,Thanh Xuân,Phương Liệt,Phố Lê Trọng Tấn - Phường Phương Liệt - Quận Thanh Xuân,2026-09-16,2026-09-17
nhatot,nt_134688462,can_ho_chung_cu,https://www.nhatot.com/134688462.htm,căn hộ ccmn phố lương khánh thiện 35m nội thất đầy đủ ban công thoáng,5500000,"5,5 triệu/tháng",35.0,35.0,1.0,1.0,Đầy đủ,Hà Nội,Hoàng Mai,Hoàng Văn Thụ,Lương Khánh Thiện - Phường Hoàng Văn Thụ - Quận Hoàng Mai,2026-09-16,2026-09-17
nhatot,nt_134714595,can_ho_chung_cu,https://www.nhatot.com/134714595.htm,"Cho thuê căn hộ 297 Thụy Khuê, Tây Hồ, full nội thất",6800000,"6,8 triệu/tháng",,,,,,Hà Nội,Tây Hồ,Bưởi,Đường Thụy Khuê - Phường Bưởi - Quận Tây Hồ,2026-09-16,2026-09-17
nhatot,nt_134714552,can_ho_chung_cu,https://www.nhatot.com/134714552.htm,"Cho thuê căn hộ 245 Đặng Tiến Đông 3,2 triệu/tháng",3200000,"3,2 triệu/tháng",,,,,,Hà Nội,Đống Đa,Cát Linh,Đặng Tiến Đông - Phường Cát Linh - Quận Đống Đa,2026-09-16,2026-09-17
nhatot,nt_134714542,can_ho_chung_cu,https://www.nhatot.com/134714542.htm,"Cho thuê căn hộ mặt đường Đào Duy Anh, Đống Đa, 3.6tr/tháng",3600000,"3,6 triệu/tháng",,,,,,Hà Nội,Đống Đa,Trung Phụng,Đường Đào Duy Anh - Phường Trung Phụng - Quận Đống Đa,2026-09-16,2026-09-17
nhatot,nt_134714512,can_ho_chung_cu,https://www.nhatot.com/134714512.htm,"Cho thuê căn hộ mặt đường Đào Duy Anh, Đống Đa, full nội thất",3800000,"3,8 triệu/tháng",,,,,,Hà Nội,Đống Đa,Láng Thượng,Đường Đào Duy Anh - Phường Láng Thượng - Quận Đống Đa,2026-09-16,2026-09-17
nhatot,nt_134714511,can_ho_chung_cu,https://www.nhatot.com/134714511.htm,"Cho thuê căn hộ mặt đường Đào Duy Anh, Đống Đa, full nội thất",3800000,"3,8 triệu/tháng",,,,,,Hà Nội,Đống Đa,Cát Linh,Đường Đào Duy Anh - Phường Cát Linh - Quận Đống Đa,2026-09-16,2026-09-17
nhatot,nt_134714510,can_ho_chung_cu,https://www.nhatot.com/134714510.htm,"Cho thuê căn hộ mặt đường Đào Duy Anh, Đống Đa, full nội thất",3800000,"3,8 triệu/tháng",,,,,,Hà Nội,Đống Đa,Láng Thượng,Đường Đào Duy Anh - Phường Láng Thượng - Quận Đống Đa,2026-09-16,2026-09-17
nhatot,nt_134714494,can_ho_chung_cu,https://www.nhatot.com/134714494.htm,"Cho thuê 2N1K Lạc Long Quân, Tây Hồ, full nội thất",11800000,"11,8 triệu/tháng",,,2.0,,,Hà Nội,Tây Hồ,Bưởi,Đường Lạc Long Quân - Phường Bưởi - Quận Tây Hồ,2026-09-16,2026-09-17
nhatot,nt_134714308,can_ho_chung_cu,https://www.nhatot.com/134714308.htm,Cho thuê căn hộ Hoàng Liệt full nội thất,4000000,4 triệu/tháng,,,,,,Hà Nội,Hoàng Mai,Hoàng Liệt,Phường Hoàng Liệt - Quận Hoàng Mai,2026-09-16,2026-09-17
nhatot,nt_134714116,can_ho_chung_cu,https://www.nhatot.com/134714116.htm,CĂN HỘ 1PN CỬA SỔ BAN CÔNG THOÁNG NGAY ĐẦU NGÕ 68 NGUYỄN KHÁNH TOÀN,7800000,"7,8 triệu/tháng",30.0,30.0,1.0,1.0,Đầy đủ,Hà Nội,Cầu Giấy,Nghĩa Đô,nguyễn khánh toàn - Phường Nghĩa Đô - Quận Cầu Giấy,2026-09-16,2026-09-17
nhatot,nt_134713990,can_ho_chung_cu,https://www.nhatot.com/134713990.htm,"Cho thuê căn hộ 245 Định Công, Hoàng Mai, full nội thất",4500000,"4,5 triệu/tháng",,,,,,Hà Nội,Hoàng Mai,Đại Kim,Đường Định Công - Phường Đại Kim - Quận Hoàng Mai,2026-09-16,2026-09-17
nhatot,nt_134713964,can_ho_chung_cu,https://www.nhatot.com/134713964.htm,"Chung cư mini cao cấp gần Bách Kinh Xây, Hoàng Mai, 5tr7",5700000,"5,7 triệu/tháng",,,,,,Hà Nội,Hoàng Mai,Hoàng Văn Thụ,Đường Hoàng Mai - Phường Hoàng Văn Thụ - Quận Hoàng Mai,2026-09-16,2026-09-17
nhatot,nt_134713733,can_ho_chung_cu,https://www.nhatot.com/134713733.htm,1PN_4.5 Tr,5000000,5 triệu/tháng,58.0,58.0,2.0,2.0,Đầy đủ,Hà Nội,Bắc Từ Liêm,Cổ Nhuế 1,Phạm Văn Đồng - Phường Cổ Nhuế 1 - Quận Bắc Từ Liêm,2026-09-15,2026-09-17
nhatot,nt_134713685,can_ho_chung_cu,https://www.nhatot.com/134713685.htm,TẬP THỂ B13 KIM LIÊN,6500000,"6,5 triệu/tháng",40.0,40.0,1.0,1.0,,Hà Nội,Đống Đa,Kim Liên,Phố Lương Định Của - Phường Kim Liên - Quận Đống Đa,2026-09-15,2026-09-17
nhatot,nt_134713320,can_ho_chung_cu,https://www.nhatot.com/134713320.htm,"Căn Studio Trúc Bạch, Ba Đình 7tr/ tháng",7000000,7 triệu/tháng,30.0,30.0,1.0,1.0,,Hà Nội,Ba Đình,Trúc Bạch,Phố Trúc Bạch - Phường Trúc Bạch - Quận Ba Đình,2026-09-15,2026-09-17
nhatot,nt_134713226,can_ho_chung_cu,https://www.nhatot.com/134713226.htm,CẦN CHO THUÊ NHÀ TẬP THỂ TẦNG 3,4500000,"4,5 triệu/tháng",35.0,35.0,1.0,1.0,Cơ bản,Hà Nội,Đống Đa,Phương Mai,Ngõ 4 Phương Mai - Phường Phương Mai - Quận Đống Đa,2026-09-15,2026-09-17
nhatot,nt_134495783,can_ho_chung_cu,https://www.nhatot.com/134495783.htm,TRỐNG LẠI CH 1N1k Full NT 100% mới ô tô đỗ cửa chỉ 9tr5 Lạc Long Quân,9500000,"9,5 triệu/tháng",50.0,50.0,1.0,1.0,Đầy đủ,Hà Nội,Tây Hồ,Xuân La,Đường Lạc Long Quân - Phường Xuân La - Quận Tây Hồ,2026-09-15,2026-09-17
nhatot,nt_134712383,can_ho_chung_cu,https://www.nhatot.com/134712383.htm,CHO THUÊ CHUNG CƯ GRAND JARDIN SÀI ĐỒNG 51M²–2PN FULL ĐỒ–10TR/THÁNG 🔥,10000000,10 triệu/tháng,51.0,51.0,2.0,,,Hà Nội,Long Biên,Sài Đồng,Phố Sài Đồng - Phường Sài Đồng - Quận Long Biên,2026-09-15,2026-09-17
nhatot,nt_134712236,can_ho_chung_cu,https://www.nhatot.com/134712236.htm,"Cho thuê căn hộ 1k1n phố Đặng Thai Mai Tây Hồ, full nội thất 6.8 tr/th",6800000,"6,8 triệu/tháng",42.0,42.0,1.0,1.0,Đầy đủ,Hà Nội,Tây Hồ,Quảng An,Đường Đặng Thai Mai - Phường Quảng An - Quận Tây Hồ,2026-09-15,2026-09-17
nhatot,nt_134712165,can_ho_chung_cu,https://www.nhatot.com/134712165.htm,"Cho thuê căn hộ 2 ngủ phố Tứ Liên Tây Hồ, full nội thất xịn 9 triệu/th",9000000,9 triệu/tháng,75.0,75.0,2.0,2.0,Đầy đủ,Hà Nội,Tây Hồ,Tứ Liên,Đường Tứ Liên - Phường Tứ Liên - Quận Tây Hồ,2026-09-15,2026-09-17
nhatot,nt_134532176,can_ho_chung_cu,https://www.nhatot.com/134532176.htm,"Cho Thuê 11Tr, VOV Mễ Trì 2PN, 2WC, Full Nội Thất Cao Cấp, View Hồ",11000000,11 triệu/tháng,70.0,70.0,2.0,2.0,Đầy đủ,Hà Nội,Nam Từ Liêm,Mễ Trì,Lương Thế Vinh - Phường Mễ Trì - Quận Nam Từ Liêm,2026-09-15,2026-09-17
nhatot,nt_134382024,can_ho_chung_cu,https://www.nhatot.com/134382024.htm,CHO THUÊ CĂN HỘ CC HOÀNG ĐẠO THÚY. NHÀ ĐẸP Ở LUÔN.,14500000,"14,5 triệu/tháng",80.0,80.0,3.0,2.0,Đầy đủ,Hà Nội,Cầu Giấy,Yên Hoà,hoàng đạo thúy - Phường Yên Hoà - Quận Cầu Giấy,2026-09-15,2026-09-17
nhatot,nt_130847730,can_ho_chung_cu,https://www.nhatot.com/130847730.htm,"Cho thuê CHCC mini đầy đủ tiện nghi, giá rẻ quận Thanh Xuân",2600000,"2,6 triệu/tháng",30.0,30.0,1.0,,,Hà Nội,Thanh Xuân,Khương Trung,Bùi Xương Trạch - Phường Khương Trung - Quận Thanh Xuân,2026-09-15,2026-09-17
nhatot,nt_134708120,can_ho_chung_cu,https://www.nhatot.com/134708120.htm,Tìm nữ ở ghép căn hộ chung cư cao cấp King Palace,7000000,7 triệu/tháng,115.0,115.0,3.0,2.0,Đầy đủ,Hà Nội,Thanh Xuân,Thượng Đình,Đường Nguyễn Trãi - Phường Thượng Đình - Quận Thanh Xuân,2026-09-15,2026-09-17
nhatot,nt_134707826,can_ho_chung_cu,https://www.nhatot.com/134707826.htm,Chính chủ cần cho Thuê căn hộ 60m2 khu Trung Hòa Nhân chính,11000000,11 triệu/tháng,60.0,60.0,2.0,1.0,,Hà Nội,Cầu Giấy,Trung Hoà,Nhân Chính - Phường Trung Hoà - Quận Cầu Giấy,2026-09-15,2026-09-17
nhatot,nt_134707738,can_ho_chung_cu,https://www.nhatot.com/134707738.htm,"chính chủ cho thuê căn góc toà nơ 6b bán đảo , giá cực tốt",1100000,"1,1 triệu/tháng",87.0,87.0,3.0,2.0,Đầy đủ,Hà Nội,Hoàng Mai,Đại Kim,Đại Kim - Phường Đại Kim - Quận Hoàng Mai,2026-09-15,2026-09-17
nhatot,nt_134707093,can_ho_chung_cu,https://www.nhatot.com/134707093.htm,CĂN 2 NGỦ 55M2_FULL ĐỒ_ĐIỆN NƯỚC GIÁ RẺ_XÃ ĐÀN ĐỐNG ĐA_8TR_NHÀ MỚI,8000000,8 triệu/tháng,55.0,55.0,2.0,,Đầy đủ,Hà Nội,Đống Đa,Phương Liên,Phố Xã Đàn - Phường Phương Liên - Quận Đống Đa,2026-09-15,2026-09-17
nhatot,nt_134706864,can_ho_chung_cu,https://www.nhatot.com/134706864.htm,Chính chủ cho thuê nhà căn Studio H1 Masterise full đồ điện tử và nội,7000000,7 triệu/tháng,28.0,28.0,1.0,1.0,,Hà Nội,Gia Lâm,Đa Tốn,Masteri Waterfront - Xã Đa Tốn - Huyện Gia Lâm,2026-09-15,2026-09-17
nhatot,nt_134706825,can_ho_chung_cu,https://www.nhatot.com/134706825.htm,cho thuê căn hộ chung cư 503 tòa CT1 khu đô thị Nam Xala,7500000,"7,5 triệu/tháng",81.0,81.0,2.0,2.0,Cơ bản,Hà Nội,Hà Đông,Phúc La,Phúc La - Phường Phúc La - Quận Hà Đông,2026-09-15,2026-09-17
nhatot,nt_134706150,can_ho_chung_cu,https://www.nhatot.com/134706150.htm,Cho thuê chung cư Hòa Bình Green 505 Minh Khai -70m2-2 ngủ,13000000,13 triệu/tháng,70.0,70.0,2.0,,,Hà Nội,Hai Bà Trưng,Vĩnh Tuy,Phố Minh Khai - Phường Vĩnh Tuy - Quận Hai Bà Trưng,2026-09-15,2026-09-17
nhatot,nt_134705018,can_ho_chung_cu,https://www.nhatot.com/134705018.htm,"CHO THUÊ CĂN HỘ IMPERIA SMART CITY 2PN+1 – 62,4M², FULL NỘI THẤT ĐẸP",13000000,13 triệu/tháng,62.4,62.4,2.0,2.0,,Hà Nội,Nam Từ Liêm,Tây Mỗ,Imperia Smart City - Phường Tây Mỗ - Quận Nam Từ Liêm,2026-09-15,2026-09-17
nhatot,nt_133401541,can_ho_chung_cu,https://www.nhatot.com/133401541.htm,"CHO THUÊ CHUNG CƯ MINI TẠI 110 TRẦN DUY HƯNG, FULL NỘI THẤT",6400000,"6,4 triệu/tháng",33.0,33.0,1.0,1.0,Đầy đủ,Hà Nội,Cầu Giấy,Trung Hoà,Đường Trần Duy Hưng - Phường Trung Hoà - Quận Cầu Giấy,2026-09-15,2026-09-17
nhatot,nt_131032732,can_ho_chung_cu,https://www.nhatot.com/131032732.htm,Cho thuê Căn hộ dịch vụ đầy đủ đồ 01 ngủ 01 khách mới tinh ở Hồ Tây,10500000,"10,5 triệu/tháng",45.0,45.0,1.0,1.0,Đầy đủ,Hà Nội,Tây Hồ,Nhật Tân,Phố Trịnh Công Sơn - Phường Nhật Tân - Quận Tây Hồ,2026-09-15,2026-09-17
nhatot,nt_134255539,can_ho_chung_cu,https://www.nhatot.com/134255539.htm,Studio full  6tr5 1pn giá 8tr 2pn giá 9tr tất cả đều full đồ,6500000,"6,5 triệu/tháng",32.0,32.0,1.0,1.0,Đầy đủ,Hà Nội,Nam Từ Liêm,Tây Mỗ,Đại Mỗ - Phường Tây Mỗ - Quận Nam Từ Liêm,2026-09-15,2026-09-17
nhatot,nt_134702593,can_ho_chung_cu,https://www.nhatot.com/134702593.htm,NHÀ MỚI STUDIO-  1N1K FULL ĐỒ MỚI BAN CÔNG NGAY TRUNG TÂM CẦU GIẤY,7800000,"7,8 triệu/tháng",45.0,45.0,1.0,,,Hà Nội,Cầu Giấy,Quan Hoa,Đường Nguyễn Khánh Toàn - Phường Quan Hoa - Quận Cầu Giấy,2026-09-15,2026-09-17
nhatot,nt_134672605,can_ho_chung_cu,https://www.nhatot.com/134672605.htm,"Studio Full Nội Thất Mễ Trì – Gần Keangnam, Mỹ Đình,Phòng Thoáng Sáng ",6300000,"6,3 triệu/tháng",40.0,40.0,1.0,1.0,Đầy đủ,Hà Nội,Nam Từ Liêm,Mễ Trì,Đường Mễ Trì - Phường Mễ Trì - Quận Nam Từ Liêm,2026-09-15,2026-09-17
nhatot,nt_133192330,can_ho_chung_cu,https://www.nhatot.com/133192330.htm,Cho thuê CHDV full đồ 01 ngủ 01 khách mới tinh ở 121 Yên Phụ nhỏ,10500000,"10,5 triệu/tháng",50.0,50.0,1.0,1.0,Đầy đủ,Hà Nội,Tây Hồ,Yên Phụ,Đường Yên Phụ - Phường Yên Phụ - Quận Tây Hồ,2026-09-15,2026-09-17
nhatot,nt_134482305,can_ho_chung_cu,https://www.nhatot.com/134482305.htm,Cho thuê căn 2pn full đồ giá 9tr,9000000,9 triệu/tháng,55.0,55.0,2.0,1.0,Đầy đủ,Hà Nội,Nam Từ Liêm,Tây Mỗ,Đại Mỗ - Phường Tây Mỗ - Quận Nam Từ Liêm,2026-09-15,2026-09-17
nhatot,nt_133887465,can_ho_chung_cu,https://www.nhatot.com/133887465.htm,🏡 hot 🏡-  siêu phẩm hàng hiếm .đẹp ko tì vết => 👏👏 🏰 - căn hộ 2n1k mới,12000000,12 triệu/tháng,70.0,70.0,2.0,1.0,Đầy đủ,Hà Nội,Cầu Giấy,Trung Hoà,Đường Nguyễn Ngọc Vũ - Phường Trung Hoà - Quận Cầu Giấy,2026-09-15,2026-09-17
nhatot,nt_134701576,can_ho_chung_cu,https://www.nhatot.com/134701576.htm,CHO THUÊ CHUNG CƯ MINI TẠI 16 ĐỒNG BÁT,4000000,4 triệu/tháng,30.0,30.0,1.0,1.0,,Hà Nội,Nam Từ Liêm,Mỹ Đình 2,Đường Đồng Bát - Phường Mỹ Đình 2 - Quận Nam Từ Liêm,2026-09-15,2026-09-17
nhatot,nt_134045797,can_ho_chung_cu,https://www.nhatot.com/134045797.htm,Căn hộ Studio Ngõ 66 Võng Thị- Hồ Tây 4tr5- 5tr,4500000,"4,5 triệu/tháng",25.0,25.0,1.0,1.0,Đầy đủ,Hà Nội,Tây Hồ,Bưởi,Phố Võng Thị - Phường Bưởi - Quận Tây Hồ,2026-09-15,2026-09-17
nhatot,nt_134502562,can_ho_chung_cu,https://www.nhatot.com/134502562.htm,Siêu phẩm CCMN 25m2 Full đồ xịn sò. máy giặt riêng tại Trương Định,5200000,"5,2 triệu/tháng",25.0,25.0,1.0,1.0,Đầy đủ,Hà Nội,Hai Bà Trưng,Trương Định,Đường Trương Định - Phường Trương Định - Quận Hai Bà Trưng,2026-09-15,2026-09-17
nhatot,nt_134700861,can_ho_chung_cu,https://www.nhatot.com/134700861.htm,CCMN PHỐ TRẠM - CỔ LINH - ĐÀM QUANG TRUNG - BÁT KHỐI,5000000,5 triệu/tháng,28.0,28.0,1.0,,,Hà Nội,Long Biên,Bồ Đề,Phố Trạm - Phường Bồ Đề - Quận Long Biên,2026-09-15,2026-09-17
nhatot,nt_134560907,can_ho_chung_cu,https://www.nhatot.com/134560907.htm,Siêu hot CCMN 1n1k 40m2 full đồ xịn sò. ban công thoáng ngay Hồ Ba Mẫu,8500000,"8,5 triệu/tháng",40.0,40.0,1.0,1.0,Đầy đủ,Hà Nội,Đống Đa,Phương Liên,Phố Ô Đồng Lầm - Phường Phương Liên - Quận Đống Đa,2026-09-15,2026-09-17
nhatot,nt_134700372,can_ho_chung_cu,https://www.nhatot.com/134700372.htm,"CHO THUÊ CHDV 1N1K Ở KIM MÃ, BA ĐÌNH - GIÁ 7tr6/THÁNG -  45m2",7600000,"7,6 triệu/tháng",45.0,45.0,1.0,,Đầy đủ,Hà Nội,Ba Đình,Kim Mã,Phố Kim Mã - Phường Kim Mã - Quận Ba Đình,2026-09-15,2026-09-17
nhatot,nt_134700333,can_ho_chung_cu,https://www.nhatot.com/134700333.htm,CCMN HOA LÂM - VIỆT HƯNG - KIM QUAN - LỆ MẬT,4200000,"4,2 triệu/tháng",30.0,30.0,1.0,,,Hà Nội,Long Biên,Việt Hưng,Phố Hoa Lâm - Phường Việt Hưng - Quận Long Biên,2026-09-15,2026-09-17
nhatot,nt_134575122,can_ho_chung_cu,https://www.nhatot.com/134575122.htm,Khai trương CCMN 25m2 Full đồ. tủ lạnh máy giặt riêng tại Hoàng Mai,5200000,"5,2 triệu/tháng",25.0,25.0,1.0,1.0,,Hà Nội,Hoàng Mai,Hoàng Văn Thụ,Đường Hoàng Mai - Phường Hoàng Văn Thụ - Quận Hoàng Mai,2026-09-15,2026-09-17
nhatot,nt_134636070,can_ho_chung_cu,https://www.nhatot.com/134636070.htm,"Nhỉnh 3tr, cho thuê chung cư mini, nội thất, thang máy, giá sinh viên",3400000,"3,4 triệu/tháng",40.0,40.0,1.0,1.0,Đầy đủ,Hà Nội,Bắc Từ Liêm,Phú Diễn,Đường Phú Diễn - Phường Phú Diễn - Quận Bắc Từ Liêm,2026-09-15,2026-09-17
nhatot,nt_134699871,can_ho_chung_cu,https://www.nhatot.com/134699871.htm,CCMN KHÉP KÍN phố HỒNG TIẾN - BỒ ĐỀ - ái mộ - nguyễn văn cừ,5000000,5 triệu/tháng,29.0,29.0,1.0,,,Hà Nội,Long Biên,Bồ Đề,Phố Bồ Đề - Phường Bồ Đề - Quận Long Biên,2026-09-15,2026-09-17
nhatot,nt_134699738,can_ho_chung_cu,https://www.nhatot.com/134699738.htm,"Cho thuê căn hộ 2 PN, 2 WC tại Kim Mã, Giá 20tr/tháng",20000000,20 triệu/tháng,100.0,100.0,2.0,2.0,Đầy đủ,Hà Nội,Ba Đình,Giảng Võ,Phố Kim Mã - Phường Giảng Võ - Quận Ba Đình,2026-09-15,2026-09-17
nhatot,nt_134699537,can_ho_chung_cu,https://www.nhatot.com/134699537.htm,CHO THUÊ CĂN HỘ PHỐ NGỌC LÂM - NGUYỄN VĂN CỪ,5000000,5 triệu/tháng,30.0,30.0,1.0,,,Hà Nội,Long Biên,Bồ Đề,Ngọc Lâm - Phường Bồ Đề - Quận Long Biên,2026-09-15,2026-09-17
nhatot,nt_134348375,can_ho_chung_cu,https://www.nhatot.com/134348375.htm,Tập thể mặt phố Tạ Quang Bửu 45m2 đủ Điều Hoà - Nóng Lạnh,6000000,6 triệu/tháng,45.0,45.0,2.0,,,Hà Nội,Hai Bà Trưng,Bách Khoa,Phố Tạ Quang Bửu - Phường Bách Khoa - Quận Hai Bà Trưng,2026-09-15,2026-09-17
nhatot,nt_134698407,can_ho_chung_cu,https://www.nhatot.com/134698407.htm,Pass chung cư 3 ngủ,16000000,16 triệu/tháng,80.0,80.0,3.0,2.0,,Hà Nội,Hoàng Mai,Tương Mai,Đường Trương Định - Phường Tương Mai - Quận Hoàng Mai,2026-09-15,2026-09-17
nhatot,nt_134697547,can_ho_chung_cu,https://www.nhatot.com/134697547.htm,cho thuê căn hộ chung cư VP6 linh đàm ,7000000,7 triệu/tháng,60.0,60.0,2.0,2.0,,Hà Nội,Hoàng Mai,Hoàng Liệt,Linh Đàm - Phường Hoàng Liệt - Quận Hoàng Mai,2026-09-15,2026-09-17
nhatot,nt_134672640,can_ho_chung_cu,https://www.nhatot.com/134672640.htm,Cho Thuê Studio 14 Ngọc Hà Full Đồ Gần ĐH Luật - Vị Trí Trung Tâm,6200000,"6,2 triệu/tháng",40.0,40.0,1.0,1.0,Đầy đủ,Hà Nội,Ba Đình,Ngọc Hà,Phố Ngọc Hà - Phường Ngọc Hà - Quận Ba Đình,2026-09-15,2026-09-17
nhatot,nt_134674240,can_ho_chung_cu,https://www.nhatot.com/134674240.htm,CHÍNH CHỦ THANG MÁY 35M2 1 KHÁCH 1 NGỦ 5.5 TRIỆU/THÁNG,5500000,"5,5 triệu/tháng",35.0,35.0,1.0,1.0,Đầy đủ,Hà Nội,Nam Từ Liêm,Trung Văn,Phố Đại Linh - Phường Trung Văn - Quận Nam Từ Liêm,2026-09-15,2026-09-17
nhatot,nt_134695721,can_ho_chung_cu,https://www.nhatot.com/134695721.htm,"STUDIO BE1 (OCEAN PARK 1) - MỚI TINH, FULL NỘI THẤT CHỈ 7.2 TRIỆU!",7200000,"7,2 triệu/tháng",33.0,33.0,1.0,1.0,Đầy đủ,Hà Nội,Gia Lâm,Đa Tốn,Đường Hải Đăng - Xã Đa Tốn - Huyện Gia Lâm,2026-09-15,2026-09-17
nhatot,nt_134695206,can_ho_chung_cu,https://www.nhatot.com/134695206.htm,Tầng 2- Cho thuê nhà tập thể Thành Công - Nhà mới đẹp như Chung cư,7500000,"7,5 triệu/tháng",80.0,80.0,2.0,1.0,Đầy đủ,Hà Nội,Ba Đình,Thành Công,Phố Nguyên Hồng - Phường Thành Công - Quận Ba Đình,2026-09-15,2026-09-17
nhatot,nt_134693243,can_ho_chung_cu,https://www.nhatot.com/134693243.htm, CT12 Văn Phú - Chính chủ cho thuê căn hộ,9000000,9 triệu/tháng,70.0,70.0,2.0,2.0,,Hà Nội,Hà Đông,Phú La,Phố Văn Phúc - Phường Phú La - Quận Hà Đông,2026-09-14,2026-09-17
nhatot,nt_134181361,can_ho_chung_cu,https://www.nhatot.com/134181361.htm,"HỆ KÍNH ĐÓN ÁNH SÁNG 1N1K CẦU GIẤY CHO THUÊ, Ô TÔ ĐỖ CỬA, GIẶT RIÊNG",6900000,"6,9 triệu/tháng",45.0,45.0,1.0,1.0,Đầy đủ,Hà Nội,Cầu Giấy,Yên Hoà,Đường Nguyễn Khang - Phường Yên Hoà - Quận Cầu Giấy,2026-09-14,2026-09-17
nhatot,nt_134164319,can_ho_chung_cu,https://www.nhatot.com/134164319.htm,"Studio,1n1k, Phố láng hạ xây mới, Full nt cơ bản, cho thuê TSV 2k8 ",6500000,"6,5 triệu/tháng",35.0,35.0,1.0,1.0,Đầy đủ,Hà Nội,Đống Đa,Láng Hạ,Phố Láng Hạ - Phường Láng Hạ - Quận Đống Đa,2026-09-14,2026-09-17
nhatot,nt_134164288,can_ho_chung_cu,https://www.nhatot.com/134164288.htm,"2n1k ngay Cầu Giấy, ô tô đỗ cửa, Full Nt cơ bản, ở ngay, khu Duy Tân ",10000000,10 triệu/tháng,60.0,60.0,2.0,1.0,Đầy đủ,Hà Nội,Cầu Giấy,Quan Hoa,Ngõ 92 Đường Nguyễn Khánh Toàn - Phường Quan Hoa - Quận Cầu Giấy,2026-09-14,2026-09-17
nhatot,nt_133749301,can_ho_chung_cu,https://www.nhatot.com/133749301.htm,CHO THUÊ CĂN HỘ CHUNG CƯ-D2 GIẢNG VÕ-HÀ NỘI,28500000,"28,5 triệu/tháng",114.5,114.5,3.0,2.0,Đầy đủ,Hà Nội,Ba Đình,Giảng Võ,Phố Giảng Võ - Phường Giảng Võ - Quận Ba Đình,2026-09-14,2026-09-17
nhatot,nt_134691047,can_ho_chung_cu,https://www.nhatot.com/134691047.htm,cho thuê căn hộ khép kín TT tL cảnh vệ,6500000,"6,5 triệu/tháng",55.0,55.0,2.0,1.0,Đầy đủ,Hà Nội,Tây Hồ,Xuân La,Đường Võ Chí Công - Phường Xuân La - Quận Tây Hồ,2026-09-14,2026-09-17
nhatot,nt_134689761,can_ho_chung_cu,https://www.nhatot.com/134689761.htm,"Cho thuê căn hộ Chung cư Osaka Complex, Ngọc Hồi, 2PN, full nội thất",10500000,"10,5 triệu/tháng",,,2.0,1.0,,Hà Nội,Thanh Trì,Thị trấn Văn Điển,Ngõ 46 Ngọc Hồi - Thị trấn Văn Điển - Huyện Thanh Trì,2026-09-14,2026-09-17
nhatot,nt_134689524,can_ho_chung_cu,https://www.nhatot.com/134689524.htm,"Cho thuê căn hộ 2 ngủ full đồ Thanh Đàm, Hoàng Mai",5200000,"5,2 triệu/tháng",,,2.0,,,Hà Nội,Hoàng Mai,Thanh Trì,Thanh Đàm - Phường Thanh Trì - Quận Hoàng Mai,2026-09-14,2026-09-17
nhatot,nt_134688484,can_ho_chung_cu,https://www.nhatot.com/134688484.htm,Căn hộ Trịnh Công Sơn Tây Hồ Full đồ 35m2 thang máy 7 Triệu,7000000,7 triệu/tháng,35.0,35.0,1.0,,,Hà Nội,Tây Hồ,Nhật Tân,Phố Trịnh Công Sơn - Phường Nhật Tân - Quận Tây Hồ,2026-09-14,2026-09-17
nhatot,nt_134687725,can_ho_chung_cu,https://www.nhatot.com/134687725.htm,CHO THUÊ 2N2VS PHỐ BẠCH THÁI BƯỞI - VĂN QUÁN - NỘI THẤT VIP CỰC ĐẸP!,9500000,"9,5 triệu/tháng",70.0,70.0,2.0,,Đầy đủ,Hà Nội,Hà Đông,Phúc La,Phố Bạch Thái Bưởi - Phường Phúc La - Quận Hà Đông,2026-09-14,2026-09-17
nhatot,nt_130926489,can_ho_chung_cu,https://www.nhatot.com/130926489.htm,Nhà thật giá thật 100%  thung lũng hoa Hồ Tây - Xuân Diệu - Quảng An,5350000,"5,35 triệu/tháng",25.0,25.0,1.0,1.0,,Hà Nội,Tây Hồ,Quảng An,Đường Tô Ngọc Vân - Phường Quảng An - Quận Tây Hồ,2026-09-14,2026-09-17
nhatot,nt_134467400,can_ho_chung_cu,https://www.nhatot.com/134467400.htm,CHO THUÊ CĂN HỘ CHÍNH CHỦ TẠI TÂY HỒ,7500000,"7,5 triệu/tháng",40.0,40.0,1.0,1.0,,Hà Nội,Tây Hồ,Bưởi,Ngõ 66/10 Võng Thị - Phường Bưởi - Quận Tây Hồ,2026-09-14,2026-09-17
nhatot,nt_134623879,can_ho_chung_cu,https://www.nhatot.com/134623879.htm,Cần cho thuê chung cư 3 ngủ 126m có Ban công rộng độc nhất vô nhị,13000000,13 triệu/tháng,126.0,126.0,3.0,,,Hà Nội,Nam Từ Liêm,Cầu Diễn,Phố Nguyễn Đổng Chi - Phường Cầu Diễn - Quận Nam Từ Liêm,2026-09-14,2026-09-17
nhatot,nt_134686115,can_ho_chung_cu,https://www.nhatot.com/134686115.htm,1n1k 2wc siêu rộng ban công đối diện lotte tây hồ 50 ra hồ tây full nt,9000000,9 triệu/tháng,55.0,55.0,1.0,2.0,Đầy đủ,Hà Nội,Tây Hồ,Xuân La,Đường Lạc Long Quân - Phường Xuân La - Quận Tây Hồ,2026-09-14,2026-09-17
nhatot,nt_131526841,can_ho_chung_cu,https://www.nhatot.com/131526841.htm,"Cho Thuê Căn Hộ Dịch Vụ 1 Ngủ 1 Khách Đủ Đồ Tại Âu Cơ, Tây Hồ, Hà Nội",9000000,9 triệu/tháng,60.0,60.0,1.0,1.0,Đầy đủ,Hà Nội,Tây Hồ,Nhật Tân,Đường Âu Cơ - Phường Nhật Tân - Quận Tây Hồ,2026-09-14,2026-09-17
nhatot,nt_134564525,can_ho_chung_cu,https://www.nhatot.com/134564525.htm, ÂU CƠ – TÂY HỒ – FULL NỘI THẤT – GIÁ KHUYẾN MÃI TỪ 5TR05 ,5000000,5 triệu/tháng,30.0,30.0,1.0,,,Hà Nội,Tây Hồ,Quảng An,Đường Âu Cơ - Phường Quảng An - Quận Tây Hồ,2026-09-14,2026-09-17
nhatot,nt_134685436,can_ho_chung_cu,https://www.nhatot.com/134685436.htm,Cho thuê chung cư ngõ 773 Giải Phóng -60m2 -2 ngủ,7500000,"7,5 triệu/tháng",60.0,60.0,2.0,,,Hà Nội,Hoàng Mai,Giáp Bát,Đường Giải Phóng - Phường Giáp Bát - Quận Hoàng Mai,2026-09-14,2026-09-17
nhatot,nt_103622412,can_ho_chung_cu,https://www.nhatot.com/103622412.htm,"Cho thuê CHDV Studio mới ở Trịnh Công Sơn, cạnh TTTM Lotte Tây Hồ",8600000,"8,6 triệu/tháng",45.0,45.0,1.0,1.0,,Hà Nội,Tây Hồ,Nhật Tân,Ngõ 37 Phố Trịnh Công Sơn - Phường Nhật Tân - Quận Tây Hồ,2026-09-14,2026-09-17
nhatot,nt_134683941,can_ho_chung_cu,https://www.nhatot.com/134683941.htm,Căn hộ cho thuê,9000000,9 triệu/tháng,30.0,30.0,1.0,1.0,Đầy đủ,Hà Nội,Đống Đa,Hàng Bột,Phố Tôn Đức Thắng - Phường Hàng Bột - Quận Đống Đa,2026-09-14,2026-09-17
nhatot,nt_133210380,can_ho_chung_cu,https://www.nhatot.com/133210380.htm,Cho thuê căn hộ rẻ nhất tháng 9 tại Vinhomes Smart City Tây Mỗ ,6000000,6 triệu/tháng,32.0,32.0,1.0,1.0,Đầy đủ,Hà Nội,Nam Từ Liêm,Tây Mỗ,Đại Mỗ - Phường Tây Mỗ - Quận Nam Từ Liêm,2026-09-14,2026-09-17
nhatot,nt_132487403,can_ho_chung_cu,https://www.nhatot.com/132487403.htm,"Cho thuê CHDV Studio mới tinh Ngõ 690 Lạc Long Quân, gần Lotte Tây Hồ",7000000,7 triệu/tháng,30.0,30.0,1.0,1.0,Đầy đủ,Hà Nội,Tây Hồ,Nhật Tân,Đường Lạc Long Quân - Phường Nhật Tân - Quận Tây Hồ,2026-09-14,2026-09-17
nhatot,nt_134682676,can_ho_chung_cu,https://www.nhatot.com/134682676.htm,CHO THUÊ CHUNG CƯ CT2B,10000000,10 triệu/tháng,88.0,88.0,3.0,2.0,Đầy đủ,Hà Nội,Long Biên,Thạch Bàn,Thạch Bàn - Phường Thạch Bàn - Quận Long Biên,2026-09-14,2026-09-17
nhatot,nt_134682341,can_ho_chung_cu,https://www.nhatot.com/134682341.htm,"Cực phẩm CCMN 25m2 Full đồ. máy giặt, ban công tại Trường Chinh",5800000,"5,8 triệu/tháng",25.0,25.0,1.0,1.0,Đầy đủ,Hà Nội,Đống Đa,Khương Thượng,Đường Trường Chinh - Phường Khương Thượng - Quận Đống Đa,2026-09-14,2026-09-17
nhatot,nt_134682011,can_ho_chung_cu,https://www.nhatot.com/134682011.htm,"Cho thuê căn hộ 17T11 Nguyễn Thị Định, 70m2, 2 ngủ",13000000,13 triệu/tháng,70.0,70.0,2.0,1.0,,Hà Nội,Cầu Giấy,Trung Hoà,Nhân Chính - Phường Trung Hoà - Quận Cầu Giấy,2026-09-14,2026-09-17
nhatot,nt_134681643,can_ho_chung_cu,https://www.nhatot.com/134681643.htm,CĂN HỘ STUDIO MỚI FULL NỘI THẤT THE SUN MỄ TRÌ - PHẠM HÙNG-TRUNG KÍNH,5800000,"5,8 triệu/tháng",45.0,45.0,1.0,1.0,Đầy đủ,Hà Nội,Nam Từ Liêm,Mễ Trì,Đường Mễ Trì - Phường Mễ Trì - Quận Nam Từ Liêm,2026-09-14,2026-09-17
nhatot,nt_134645798,can_ho_chung_cu,https://www.nhatot.com/134645798.htm,NHÀ MỚI CẦU DIỄN KHAI TRƯƠNG – PHÒNG FULL ĐỒ – CẠNH GA MINH KHAI,4800000,"4,8 triệu/tháng",25.0,25.0,1.0,,,Hà Nội,Bắc Từ Liêm,Phú Diễn,Đường Cầu Diễn - Phường Phú Diễn - Quận Bắc Từ Liêm,2026-09-14,2026-09-17
nhatot,nt_134680420,can_ho_chung_cu,https://www.nhatot.com/134680420.htm,"Cho thuê 2Pn Full đủ đồ cực đẹp tại ngõ 185 Quan Nhân, Thanh Xuân",9000000,9 triệu/tháng,42.0,42.0,2.0,,,Hà Nội,Thanh Xuân,Nhân Chính,Phố Quan Nhân - Phường Nhân Chính - Quận Thanh Xuân,2026-09-14,2026-09-17
nhatot,nt_134571156,can_ho_chung_cu,https://www.nhatot.com/134571156.htm,CHUNG CƯ 2N2WC 3 ĐIỀU HÒA 100M2,10500000,"10,5 triệu/tháng",100.0,100.0,2.0,2.0,,Hà Nội,Nam Từ Liêm,Mễ Trì,Đường Mễ Trì - Phường Mễ Trì - Quận Nam Từ Liêm,2026-09-14,2026-09-17
nhatot,nt_132384724,can_ho_chung_cu,https://www.nhatot.com/132384724.htm,CHO THUÊ CĂN HỘ R4 GOLDMARK 136 HỒ TÙNG MẬU DT 105M2 3PN FULL ĐỒ 15 TR,15000000,15 triệu/tháng,105.0,105.0,3.0,2.0,,Hà Nội,Bắc Từ Liêm,Phú Diễn,Hồ Tùng Mậu - Phường Phú Diễn - Quận Bắc Từ Liêm,2026-09-14,2026-09-17
nhatot,nt_133391080,can_ho_chung_cu,https://www.nhatot.com/133391080.htm,"CHO THUÊ CHUNG CƯ THUỴ KHUÊ, TÂY HỒ, FULL NỘI THẤT",6500000,"6,5 triệu/tháng",25.0,25.0,1.0,1.0,Đầy đủ,Hà Nội,Tây Hồ,Thụy Khuê,Phố Đồng Cổ - Phường Thụy Khuê - Quận Tây Hồ,2026-09-14,2026-09-17
nhatot,nt_134678773,can_ho_chung_cu,https://www.nhatot.com/134678773.htm,Căn hộ full đồ - 1 khách 1 ngủ - Ngõ 555 Kim Mã,9500000,"9,5 triệu/tháng",62.0,62.0,1.0,1.0,Đầy đủ,Hà Nội,Ba Đình,Kim Mã,Phố Kim Mã - Phường Kim Mã - Quận Ba Đình,2026-09-14,2026-09-17
nhatot,nt_133761620,can_ho_chung_cu,https://www.nhatot.com/133761620.htm,Cho thuê căn hộ View Hồ Tây - 55m2 - 1 ngủ 1 khách - 10 triệu/ 1 tháng,10000000,10 triệu/tháng,55.0,55.0,1.0,1.0,Đầy đủ,Hà Nội,Tây Hồ,Nhật Tân,Phố Nhật Chiêu - Phường Nhật Tân - Quận Tây Hồ,2026-09-14,2026-09-17
nhatot,nt_134677643,can_ho_chung_cu,https://www.nhatot.com/134677643.htm,Chính chủ cho thuê căn hộ 2 PN tại Thăng Long Capital -Toà t3,8500000,"8,5 triệu/tháng",70.0,70.0,2.0,2.0,,Hà Nội,Hoài Đức,An Khánh,An Khánh - Xã An Khánh - Huyện Hoài Đức,2026-09-14,2026-09-17
nhatot,nt_134644273,can_ho_chung_cu,https://www.nhatot.com/134644273.htm,"Chung cư mini Cầu Giấy, nhỉnh 4tr, thang máy, full đồ, 40m2",4000000,4 triệu/tháng,40.0,40.0,1.0,1.0,Đầy đủ,Hà Nội,Cầu Giấy,Trung Hoà,Phố Trung Hòa - Phường Trung Hoà - Quận Cầu Giấy,2026-09-14,2026-09-17
nhatot,nt_134213152,can_ho_chung_cu,https://www.nhatot.com/134213152.htm,"Căn hộ tập thể ngõ 120 Hoàng Quốc Việt. Dt 80m2 gồm 2 ngủ 1 khách, bếp",11000000,11 triệu/tháng,80.0,80.0,2.0,1.0,Đầy đủ,Hà Nội,Cầu Giấy,Nghĩa Đô,Đường Hoàng Quốc Việt - Phường Nghĩa Đô - Quận Cầu Giấy,2026-09-14,2026-09-17
nhatot,nt_122851803,can_ho_chung_cu,https://www.nhatot.com/122851803.htm,"Căn hộ CCMN cao cấp Ngọc Thụy, Q Long Biên, 28m2, 1PN",3500000,"3,5 triệu/tháng",28.0,28.0,1.0,1.0,Đầy đủ,Hà Nội,Long Biên,Ngọc Thụy,Đường Ngọc Thụy - Phường Ngọc Thụy - Quận Long Biên,2026-09-14,2026-09-17
nhatot,nt_134653641,can_ho_chung_cu,https://www.nhatot.com/134653641.htm,"cho thuê căn hộ kdt Pháp Vân, Hoàng Liệt",8000000,8 triệu/tháng,82.0,82.0,3.0,2.0,Đầy đủ,Hà Nội,Hoàng Mai,Hoàng Liệt,Hoàng Liệt - Phường Hoàng Liệt - Quận Hoàng Mai,2026-09-14,2026-09-17
nhatot,nt_134644382,can_ho_chung_cu,https://www.nhatot.com/134644382.htm,"Chung cư mini, 2n1k, thang máy, có ban công, giá cực sinh viên, 50m2",5000000,5 triệu/tháng,50.0,50.0,2.0,2.0,Đầy đủ,Hà Nội,Nam Từ Liêm,Mỹ Đình 1,Đường Lê Đức Thọ - Phường Mỹ Đình 1 - Quận Nam Từ Liêm,2026-09-14,2026-09-17
nhatot,nt_123180726,can_ho_chung_cu,https://www.nhatot.com/123180726.htm,"Cho thuê CHDV full đồ 01 ngủ 01 khách mới ở phố đi bộ Trịnh Công Sơn,",10500000,"10,5 triệu/tháng",45.0,45.0,1.0,1.0,Đầy đủ,Hà Nội,Tây Hồ,Nhật Tân,Phố Trịnh Công Sơn - Phường Nhật Tân - Quận Tây Hồ,2026-09-14,2026-09-17
nhatot,nt_134643017,can_ho_chung_cu,https://www.nhatot.com/134643017.htm,"Studio Full Nội Thất Ngõ 78 Võ Chí Công,Gần Lạc Long Quân, Tây Hồ",4800000,"4,8 triệu/tháng",35.0,35.0,1.0,1.0,Đầy đủ,Hà Nội,Tây Hồ,Xuân La,Đường Võ Chí Công - Phường Xuân La - Quận Tây Hồ,2026-09-14,2026-09-17
nhatot,nt_134659325,can_ho_chung_cu,https://www.nhatot.com/134659325.htm,2 NGỦ 1 KHÁCH BAN CÔNG SIÊU LỚN Ô TÔ ĐỖ CỬA NGAY CÔNG VIÊN HOÀ BÌNH,7300000,"7,3 triệu/tháng",60.0,60.0,2.0,1.0,,Hà Nội,Bắc Từ Liêm,Cổ Nhuế 2,Đường Cổ Nhuế - Phường Cổ Nhuế 2 - Quận Bắc Từ Liêm,2026-09-14,2026-09-17
nhatot,nt_134646517,can_ho_chung_cu,https://www.nhatot.com/134646517.htm,"Còn 2 phòng cho hộ gđ hoặc nhóm sv thuê ở, hoặc vừa ở vừa làm vì rộng",7000000,7 triệu/tháng,128.0,128.0,3.0,,,Hà Nội,Nam Từ Liêm,Cầu Diễn,Phố Hàm Nghi - Phường Cầu Diễn - Quận Nam Từ Liêm,2026-09-14,2026-09-17
nhatot,nt_131006613,can_ho_chung_cu,https://www.nhatot.com/131006613.htm,Căn hộ mini Ngã Tư Chùa Bộc - Tây Sơn- Thái Hà 4tr8 -7tr,4800000,"4,8 triệu/tháng",24.0,24.0,1.0,1.0,Đầy đủ,Hà Nội,Đống Đa,Quang Trung,Phố Chùa Bộc - Phường Quang Trung - Quận Đống Đa,2026-09-14,2026-09-17
nhatot,nt_134376561,can_ho_chung_cu,https://www.nhatot.com/134376561.htm,Căn hộ Studio Ngõ 628 Minh Khai 4tr8- 6tr gần Times,4800000,"4,8 triệu/tháng",25.0,25.0,1.0,1.0,Đầy đủ,Hà Nội,Hai Bà Trưng,Minh Khai,Phố Minh Khai - Phường Minh Khai - Quận Hai Bà Trưng,2026-09-14,2026-09-17
nhatot,nt_134674202,can_ho_chung_cu,https://www.nhatot.com/134674202.htm,Cho thuê căn hộ Studio 30m² mới đẹp tại khu Tái định cư Ngọc Thụy,5500000,"5,5 triệu/tháng",30.0,30.0,1.0,,,Hà Nội,Long Biên,Ngọc Thụy,Đường Ngọc Thụy - Phường Ngọc Thụy - Quận Long Biên,2026-09-13,2026-09-17
nhatot,nt_134674181,can_ho_chung_cu,https://www.nhatot.com/134674181.htm,TĐC NGỌC THUỴ - CHO THUÊ CĂN CHUNG CƯ 2 NGỦ + 1 KHÁCH NỘI THẤT XỊN MỊN,15000000,15 triệu/tháng,70.0,70.0,2.0,,,Hà Nội,Long Biên,Bồ Đề,Nguyễn Gia Bồng - Phường Bồ Đề - Quận Long Biên,2026-09-13,2026-09-17
nhatot,nt_134674030,can_ho_chung_cu,https://www.nhatot.com/134674030.htm,CHO THUÊ CHUNG CƯ K2 VIỆT HƯNG 100M – LÔ GÓC 3 NGỦ - FULL NỘI THẤT,10000000,10 triệu/tháng,100.0,100.0,3.0,,,Hà Nội,Long Biên,Việt Hưng,Phố Vạn Hạnh - Phường Việt Hưng - Quận Long Biên,2026-09-13,2026-09-17
nhatot,nt_134673824,can_ho_chung_cu,https://www.nhatot.com/134673824.htm,Tôi là chính chủ cho thuê căn STUDIO 65 Lý Nam Đế,4500000,"4,5 triệu/tháng",21.0,21.0,1.0,1.0,Đầy đủ,Hà Nội,Hoàn Kiếm,Cửa Đông,Phố Lý Nam Đế - Phường Cửa Đông - Quận Hoàn Kiếm,2026-09-13,2026-09-17
nhatot,nt_134672942,can_ho_chung_cu,https://www.nhatot.com/134672942.htm,Cho thuê căn hộ 1 ngủ 1 khách phố Khương Trung - Cửa sổ thoáng,5800000,"5,8 triệu/tháng",28.0,28.0,1.0,1.0,Đầy đủ,Hà Nội,Thanh Xuân,Khương Trung,Ngõ 97 Khương Trung - Phường Khương Trung - Quận Thanh Xuân,2026-09-13,2026-09-17
nhatot,nt_134672728,can_ho_chung_cu,https://www.nhatot.com/134672728.htm,Cho thuê 1 ngủ 1 khách 42 Phú Đô - cách BV Hồng Ngọc 300m,5600000,"5,6 triệu/tháng",35.0,35.0,1.0,1.0,Đầy đủ,Hà Nội,Nam Từ Liêm,Phú Đô,Ngõ 42 Phố Phú Đô - Phường Phú Đô - Quận Nam Từ Liêm,2026-09-13,2026-09-17
nhatot,nt_134054702,can_ho_chung_cu,https://www.nhatot.com/134054702.htm,CHO THUÊ CĂN HỘ TẠI TRUNG TÂM PHỐ CỔ HOÀN KIẾM,12500000,"12,5 triệu/tháng",50.0,50.0,2.0,1.0,Đầy đủ,Hà Nội,Hoàn Kiếm,Cửa Nam,Phố Nguyễn Thái Học - Phường Cửa Nam - Quận Hoàn Kiếm,2026-09-13,2026-09-17
nhatot,nt_134670184,can_ho_chung_cu,https://www.nhatot.com/134670184.htm,CHO THUÊ CĂN HỘ MINI HOÀNG NHƯ TIẾP - BỒ ĐỀ - Ái Mộ - NGUYỄN CĂN CỪ,5000000,5 triệu/tháng,30.0,30.0,1.0,,,Hà Nội,Long Biên,Bồ Đề,Phố Hoàng Như Tiếp - Phường Bồ Đề - Quận Long Biên,2026-09-13,2026-09-17
nhatot,nt_134669798,can_ho_chung_cu,https://www.nhatot.com/134669798.htm,🔥 Hot bỏng tay – căn hộ 1N1K cực phẩm tại Lạc Long Quân – ô tô đỗ cửa,9500000,"9,5 triệu/tháng",35.0,35.0,1.0,1.0,Đầy đủ,Hà Nội,Tây Hồ,Xuân La,Đường Lạc Long Quân - Phường Xuân La - Quận Tây Hồ,2026-09-13,2026-09-17
nhatot,nt_134130891,can_ho_chung_cu,https://www.nhatot.com/134130891.htm,chung cư 3 ngủ vào ở luôn 120 m tầng cao view đẹp,21000000,21 triệu/tháng,120.0,120.0,3.0,2.0,,Hà Nội,Bắc Từ Liêm,Xuân Tảo,Xuân Tảo - Phường Xuân Tảo - Quận Bắc Từ Liêm,2026-09-13,2026-09-17
nhatot,nt_134669078,can_ho_chung_cu,https://www.nhatot.com/134669078.htm,"Cho thuê căn hộ 2PN tại Vinhomes Smart City, tiện ích cạnh tòa gửi xe.",9500000,"9,5 triệu/tháng",55.0,55.0,2.0,1.0,,Hà Nội,Nam Từ Liêm,Tây Mỗ,Đường Âu Lạc - Phường Tây Mỗ - Quận Nam Từ Liêm,2026-09-13,2026-09-17
nhatot,nt_134668990,can_ho_chung_cu,https://www.nhatot.com/134668990.htm,4tr2 phòng thường nhỏ 3c1 19/9 vào ở,4300000,"4,3 triệu/tháng",14.0,14.0,1.0,,,Hà Nội,Thanh Xuân,Khương Trung,Nguyễn Tuân - Phường Khương Trung - Quận Thanh Xuân,2026-09-13,2026-09-17
nhatot,nt_134642053,can_ho_chung_cu,https://www.nhatot.com/134642053.htm,1N1K rộng 40m2 khu Yên Hoà - Cầu Giấy ở được luôn đi bộ GIAO THÔNG VT,6550000,"6,55 triệu/tháng",40.0,40.0,1.0,,,Hà Nội,Cầu Giấy,Yên Hoà,Đường Nguyễn Khang - Phường Yên Hoà - Quận Cầu Giấy,2026-09-13,2026-09-17
nhatot,nt_134641393,can_ho_chung_cu,https://www.nhatot.com/134641393.htm,"Cho thuê căn hộ mini Âu Cơ, Tây Hồ, Hà Nội, 25m2, view Hồ Tây",4550000,"4,55 triệu/tháng",25.0,25.0,1.0,,,Hà Nội,Tây Hồ,Quảng An,Đường Âu Cơ - Phường Quảng An - Quận Tây Hồ,2026-09-13,2026-09-17
nhatot,nt_134412607,can_ho_chung_cu,https://www.nhatot.com/134412607.htm,"Siêu phẩm CCMN 1n1k 40m2 Full đồ. ban công, máy giặt tại Quan Nhân",7200000,"7,2 triệu/tháng",40.0,40.0,1.0,1.0,Đầy đủ,Hà Nội,Thanh Xuân,Nhân Chính,Phố Quan Nhân - Phường Nhân Chính - Quận Thanh Xuân,2026-09-13,2026-09-17
nhatot,nt_133611516,can_ho_chung_cu,https://www.nhatot.com/133611516.htm,"Cho thuê VP Tầng 2 và 5 Toà 532 Thuỵ Khuê, Tây Hồ , Hà Nội (70m2/tầng)",7500000,"7,5 triệu/tháng",70.0,70.0,2.0,2.0,Cơ bản,Hà Nội,Tây Hồ,Bưởi,Thuỵ Khuê - Phường Bưởi - Quận Tây Hồ,2026-09-13,2026-09-17
nhatot,nt_134664562,can_ho_chung_cu,https://www.nhatot.com/134664562.htm,CHO THUÊ CHUNG CƯ 3 NGỦ - FULL NỘI THẤT - TÒA VICTORIA VĂN PHÚ,14000000,14 triệu/tháng,120.0,120.0,3.0,2.0,Đầy đủ,Hà Nội,Hà Đông,Phú La,Phú La - Phường Phú La - Quận Hà Đông,2026-09-13,2026-09-17
nhatot,nt_134625298,can_ho_chung_cu,https://www.nhatot.com/134625298.htm,"TỐI GIẢN, NHẬT BẢN!!! 25-40M2 STUDIO, 1N1K FULL NT CAO CẤP, BAN CÔNG++",7800000,"7,8 triệu/tháng",40.0,40.0,1.0,,Đầy đủ,Hà Nội,Cầu Giấy,Nghĩa Đô,Nguyễn Khánh Toàn - Phường Nghĩa Đô - Quận Cầu Giấy,2026-09-13,2026-09-17
nhatot,nt_134594003,can_ho_chung_cu,https://www.nhatot.com/134594003.htm,"CHO THUÊ CĂN HỘ CHUNG CƯ, CHDV TẠI NGỌC THUỴ LONG BIÊN HÀ  NỘI",6000000,6 triệu/tháng,45.0,45.0,1.0,1.0,Đầy đủ,Hà Nội,Long Biên,Ngọc Thụy,Đường Ngọc Thụy - Phường Ngọc Thụy - Quận Long Biên,2026-09-13,2026-09-17
nhatot,nt_134023662,can_ho_chung_cu,https://www.nhatot.com/134023662.htm,🏠 CHO THUÊ CĂN HỘ CT2B QUÂN ĐỘI,10000000,10 triệu/tháng,88.3,88.3,3.0,2.0,,Hà Nội,Long Biên,Thạch Bàn,Thạch Bàn - Phường Thạch Bàn - Quận Long Biên,2026-09-13,2026-09-17
nhatot,nt_134699215,can_ho_chung_cu,https://www.nhatot.com/134699215.htm,Cho thuê Ccmn Nguyễn Văn Cừ - Ái Mộ - Hồng Tiến - Bồ đề,5000000,5 triệu/tháng,30.0,30.0,1.0,,,Hà Nội,Long Biên,Bồ Đề,Đường Nguyễn Văn Cừ - Phường Bồ Đề - Quận Long Biên,2026-09-16,2026-09-17
nhatot,nt_132487359,can_ho_chung_cu,https://www.nhatot.com/132487359.htm,"Cho thuê CHDV Studio mới tinh Ngõ 690 Lạc Long Quân, gần Lotte Tây Hồ",8000000,8 triệu/tháng,30.0,30.0,1.0,1.0,Đầy đủ,Hà Nội,Tây Hồ,Nhật Tân,Đường Lạc Long Quân - Phường Nhật Tân - Quận Tây Hồ,2026-09-16,2026-09-17
nhatot,nt_134720542,can_ho_chung_cu,https://www.nhatot.com/134720542.htm,Căn hộ Tập thể tầng 5 DT70 2 P.Ngủ thoáng ngõ ôtô phố Hoàng Ngọc Phách,6500000,"6,5 triệu/tháng",70.0,70.0,2.0,2.0,,Hà Nội,Đống Đa,Láng Hạ,Phố Hoàng Ngọc Phách - Phường Láng Hạ - Quận Đống Đa,2026-09-16,2026-09-17
nhatot,nt_134720435,can_ho_chung_cu,https://www.nhatot.com/134720435.htm, CHO THUÊ CĂN HỘ CT3A X2 – LINH ĐÀM 2Pn GIÁ 8TR,8000000,8 triệu/tháng,68.0,68.0,2.0,,Đầy đủ,Hà Nội,Hoàng Mai,Hoàng Liệt,lINH đAM - Phường Hoàng Liệt - Quận Hoàng Mai,2026-09-16,2026-09-17
nhatot,nt_134710676,can_ho_chung_cu,https://www.nhatot.com/134710676.htm,Cho thuê nhà tập thể nguyên căn điện nước giá dân,7200000,"7,2 triệu/tháng",58.0,58.0,3.0,2.0,Đầy đủ,Hà Nội,Hai Bà Trưng,Quỳnh Mai,Phố Quỳnh Mai - Phường Quỳnh Mai - Quận Hai Bà Trưng,2026-09-16,2026-09-17
nhatot,nt_134485331,can_ho_chung_cu,https://www.nhatot.com/134485331.htm,"Cho thuê nhà chung cư, khu tập thể Sông Đà, Thanh Xuân Nam Hà Nội",10000000,10 triệu/tháng,81.0,81.0,3.0,2.0,Cơ bản,Hà Nội,Thanh Xuân,Thanh Xuân Nam,Đường Nguyễn Trãi - Phường Thanh Xuân Nam - Quận Thanh Xuân,2026-09-16,2026-09-17
nhatot,nt_134676902,can_ho_chung_cu,https://www.nhatot.com/134676902.htm,Chính chủ cho thuê căn hộ 80m2 đường Võ Chí Công,11000000,11 triệu/tháng,80.0,80.0,2.0,,Đầy đủ,Hà Nội,Tây Hồ,Xuân La,Đường Võ Chí Công - Phường Xuân La - Quận Tây Hồ,2026-09-16,2026-09-17
nhatot,nt_134669099,can_ho_chung_cu,https://www.nhatot.com/134669099.htm,Cho thuê căn hộ 1 phòng ngủ full nội thất phố Trần Duy Hưng,5000000,5 triệu/tháng,30.0,30.0,1.0,1.0,Đầy đủ,Hà Nội,Cầu Giấy,Yên Hoà,Trần Duy Hưng - Phường Yên Hoà - Quận Cầu Giấy,2026-09-16,2026-09-17
nhatot,nt_134687919,can_ho_chung_cu,https://www.nhatot.com/134687919.htm,cho thuê nhà 95m2 -3N2VS ,13500000,"13,5 triệu/tháng",95.0,95.0,3.0,2.0,Cơ bản,Hà Nội,Nam Từ Liêm,Đại Mỗ,67 phùng khoang - Phường Đại Mỗ - Quận Nam Từ Liêm,2026-09-16,2026-09-17
nhatot,nt_134669616,can_ho_chung_cu,https://www.nhatot.com/134669616.htm,🔥 Hot bỏng tay – căn hộ 1N1K Xuân Đỉnh gần Ngoại Giao Đoàn – ban công,6000000,6 triệu/tháng,35.0,35.0,1.0,1.0,Đầy đủ,Hà Nội,Bắc Từ Liêm,Xuân Đỉnh,Đường Xuân Đỉnh - Phường Xuân Đỉnh - Quận Bắc Từ Liêm,2026-09-16,2026-09-17
nhatot,nt_133411558,can_ho_chung_cu,https://www.nhatot.com/133411558.htm,"Cho thuê chung cư Vinsmart City Tây Mỗ , Căn 2 Ngủ  - Full Nội Thất",9000000,9 triệu/tháng,64.0,64.0,2.0,2.0,Đầy đủ,Hà Nội,Nam Từ Liêm,Tây Mỗ,Đường Tây Mỗ - Phường Tây Mỗ - Quận Nam Từ Liêm,2026-09-16,2026-09-17
nhatot,nt_134687127,can_ho_chung_cu,https://www.nhatot.com/134687127.htm,Chung cư mini gần hồ Linh Đàm,4900000,"4,9 triệu/tháng",22.0,22.0,1.0,1.0,Đầy đủ,Hà Nội,Hoàng Mai,Hoàng Liệt,Đường Ngọc Hồi - Phường Hoàng Liệt - Quận Hoàng Mai,2026-09-16,2026-09-17
nhatot,nt_134718640,can_ho_chung_cu,https://www.nhatot.com/134718640.htm,cho thuê The Park Home - Thành Thái - 2PN/2WC - 86m² - FULL ĐỒ,18000000,18 triệu/tháng,86.0,86.0,2.0,2.0,Đầy đủ,Hà Nội,Cầu Giấy,Dịch Vọng,Phố Thành Thái - Phường Dịch Vọng - Quận Cầu Giấy,2026-09-16,2026-09-17
nhatot,nt_134593059,can_ho_chung_cu,https://www.nhatot.com/134593059.htm,"Cho thuê căn hộ studio ở Ngọc Lâm, Long Biên, Hà Nội",5000000,5 triệu/tháng,30.0,30.0,1.0,1.0,Đầy đủ,Hà Nội,Long Biên,Ngọc Lâm,Phố Ngọc Lâm - Phường Ngọc Lâm - Quận Long Biên,2026-09-13,2026-09-17
nhatot,nt_132996239,can_ho_chung_cu,https://www.nhatot.com/132996239.htm,"CHO THUÊ CHUNG CƯ HÀ NỘI, CĂN HỘ STUDIO, NGUYỄN CHÁNH FULL NỘI THẤT",5700000,"5,7 triệu/tháng",28.0,28.0,1.0,1.0,Đầy đủ,Hà Nội,Cầu Giấy,Yên Hoà,Phố Nguyễn Chánh - Phường Yên Hoà - Quận Cầu Giấy,2026-09-13,2026-09-17
nhatot,nt_134086769,can_ho_chung_cu,https://www.nhatot.com/134086769.htm,Căn hộ Studio Ngõ 1160 Đường Láng- Chùa Láng 5tr- 6tr,5000000,5 triệu/tháng,25.0,25.0,1.0,1.0,Đầy đủ,Hà Nội,Đống Đa,Láng Thượng,Đường Láng - Phường Láng Thượng - Quận Đống Đa,2026-09-13,2026-09-17
nhatot,nt_134641773,can_ho_chung_cu,https://www.nhatot.com/134641773.htm,CĂN HỘ 80M2 CT3 81 LÊ ĐỨC THỌ GIÁ 12 TRIỆU,12000000,12 triệu/tháng,80.0,80.0,2.0,2.0,Đầy đủ,Hà Nội,Nam Từ Liêm,Mỹ Đình 2,Lê Đức Thọ - Phường Mỹ Đình 2 - Quận Nam Từ Liêm,2026-09-13,2026-09-17
nhatot,nt_134626202,can_ho_chung_cu,https://www.nhatot.com/134626202.htm,SIÊU PHẨM PENTHOUSE 1PN  – VIEW PHỐ HOÀNG CẦU – FULL NỘI THẤT CAO CẤP,13500000,"13,5 triệu/tháng",50.0,50.0,1.0,1.0,Đầy đủ,Hà Nội,Đống Đa,Ô Chợ Dừa,Phố Trần Quang Diệu - Phường Ô Chợ Dừa - Quận Đống Đa,2026-09-13,2026-09-17
nhatot,nt_134640435,can_ho_chung_cu,https://www.nhatot.com/134640435.htm,"CHO THUÊ CĂN HỘ MINI MỚI TINH – PHỐ NGUYỄN VĂN CỪ / ÁI MỘ, LONG BIÊN",5000000,5 triệu/tháng,30.0,30.0,1.0,,,Hà Nội,Long Biên,Bồ Đề,Đường Nguyễn Văn Cừ - Phường Bồ Đề - Quận Long Biên,2026-09-13,2026-09-17
nhatot,nt_134641422,can_ho_chung_cu,https://www.nhatot.com/134641422.htm,"Căn hộ mini full đồ Miếu Đầm,Nam Từ Liêm đối diện KS Marriot ",4350000,"4,35 triệu/tháng",25.0,25.0,1.0,,,Hà Nội,Nam Từ Liêm,Mỹ Đình 1,Đường Miếu Đầm - Phường Mỹ Đình 1 - Quận Nam Từ Liêm,2026-09-13,2026-09-17
nhatot,nt_134627400,can_ho_chung_cu,https://www.nhatot.com/134627400.htm,CC Hateco 987 TAM TRINH – HOÀNG MAI | CHO THUÊ CĂN HỘ 2PN,8500000,"8,5 triệu/tháng",76.0,76.0,2.0,2.0,,Hà Nội,Hoàng Mai,Mai Động,Đường Tam Trinh - Phường Mai Động - Quận Hoàng Mai,2026-09-13,2026-09-17
nhatot,nt_134628427,can_ho_chung_cu,https://www.nhatot.com/134628427.htm,CCMN -  YÊN LẠC - HAI BÀ TRƯNG - FULL NỘI THẤT,5000000,5 triệu/tháng,33.0,33.0,1.0,1.0,Đầy đủ,Hà Nội,Hai Bà Trưng,Vĩnh Tuy,Phố Yên Lạc - Phường Vĩnh Tuy - Quận Hai Bà Trưng,2026-09-13,2026-09-17
nhatot,nt_134627266,can_ho_chung_cu,https://www.nhatot.com/134627266.htm,"KHAI TRƯƠNG CCMN SIÊU VIP FULL ĐỒ – LẠC LONG QUÂN, CÓ THỂ Ở LUÔN",6300000,"6,3 triệu/tháng",30.0,30.0,1.0,,,Hà Nội,Tây Hồ,Nhật Tân,Đường Lạc Long Quân - Phường Nhật Tân - Quận Tây Hồ,2026-09-13,2026-09-17
nhatot,nt_134316282,can_ho_chung_cu,https://www.nhatot.com/134316282.htm,"1n1k, 80m ra ô tô gần phố quận ba đình, giá ngon bổ rẻ, ngay đội cấn ",7000000,7 triệu/tháng,45.0,45.0,1.0,1.0,Đầy đủ,Hà Nội,Ba Đình,Đội Cấn,Phố Đội Cấn - Phường Đội Cấn - Quận Ba Đình,2026-09-13,2026-09-17
nhatot,nt_134659291,can_ho_chung_cu,https://www.nhatot.com/134659291.htm,"KHÓ TIN!!! 1n1k 40m2 6x, nhà mặt đường giặt riêng, ban công Xuân Đỉnh",6000000,6 triệu/tháng,40.0,40.0,1.0,1.0,Đầy đủ,Hà Nội,Bắc Từ Liêm,Xuân Đỉnh,Đường Xuân Đỉnh - Phường Xuân Đỉnh - Quận Bắc Từ Liêm,2026-09-12,2026-09-17
nhatot,nt_134659213,can_ho_chung_cu,https://www.nhatot.com/134659213.htm,1N1K BAN CÔNG SIÊU RỘNG ĐẦY ĐỦ NỘI THẤT NGAY MẶT ĐƯỜNG LỚN CỔ NHUẾ,6000000,6 triệu/tháng,50.0,50.0,1.0,1.0,,Hà Nội,Bắc Từ Liêm,Cổ Nhuế 2,Đường Cổ Nhuế - Phường Cổ Nhuế 2 - Quận Bắc Từ Liêm,2026-09-12,2026-09-17
nhatot,nt_134659208,can_ho_chung_cu,https://www.nhatot.com/134659208.htm,CHO THUÊ CĂN HỘ STUDIO FULL ĐỒ - LỆ MẬT - VIỆT HƯNG - HOA LÂM,4000000,4 triệu/tháng,27.0,27.0,1.0,,,Hà Nội,Long Biên,Việt Hưng,Phố Việt Hưng - Phường Việt Hưng - Quận Long Biên,2026-09-12,2026-09-17
nhatot,nt_134658539,can_ho_chung_cu,https://www.nhatot.com/134658539.htm,"CHO THUÊ CHUNG CƯ VIỆT HƯNG, LONG BIÊN",7500000,"7,5 triệu/tháng",80.0,80.0,2.0,,Đầy đủ,Hà Nội,Long Biên,Việt Hưng,Phố Vạn Hạnh - Phường Việt Hưng - Quận Long Biên,2026-09-12,2026-09-17
nhatot,nt_134658456,can_ho_chung_cu,https://www.nhatot.com/134658456.htm,"1n1k ngay đại sứ quán hàn, ban công, full nội thất, nhận xe điện, pet!",6500000,"6,5 triệu/tháng",35.0,35.0,1.0,1.0,Đầy đủ,Hà Nội,Bắc Từ Liêm,Xuân Đỉnh,Đường Xuân Đỉnh - Phường Xuân Đỉnh - Quận Bắc Từ Liêm,2026-09-12,2026-09-17
nhatot,nt_134658431,can_ho_chung_cu,https://www.nhatot.com/134658431.htm,Nhà mới ngay Ngoại Giao Đoàn - 1N1K - FULL NỘI THẤT - Ban công thoáng,6300000,"6,3 triệu/tháng",40.0,40.0,1.0,,,Hà Nội,Bắc Từ Liêm,Xuân Đỉnh,Xuân đỉnh - Phường Xuân Đỉnh - Quận Bắc Từ Liêm,2026-09-12,2026-09-17
nhatot,nt_134658108,can_ho_chung_cu,https://www.nhatot.com/134658108.htm,???SIÊU HIẾM 1PN 2 BAN CÔNG SIÊU THOÁNG NỘI THẤT ĐẦY ĐỦ,6000000,6 triệu/tháng,35.0,35.0,1.0,1.0,,Hà Nội,Bắc Từ Liêm,Xuân Đỉnh,Đường Xuân Đỉnh - Phường Xuân Đỉnh - Quận Bắc Từ Liêm,2026-09-12,2026-09-17
nhatot,nt_134657095,can_ho_chung_cu,https://www.nhatot.com/134657095.htm,🔥 CC K33 LÝ SƠN – 80M² – 3PN – FULL NỘI THẤT – 9TR/THÁNG!,9000000,9 triệu/tháng,80.0,80.0,3.0,,,Hà Nội,Long Biên,Ngọc Thụy,Đường Lý Sơn - Phường Ngọc Thụy - Quận Long Biên,2026-09-12,2026-09-17
nhatot,nt_134655849,can_ho_chung_cu,https://www.nhatot.com/134655849.htm,NGỌC THUỴ - BỒ ĐỀ - NGỌC LÂM - CHO THUÊ CĂN HỘ SIÊU SANG SỊN MỊN,8000000,8 triệu/tháng,60.0,60.0,1.0,1.0,Đầy đủ,Hà Nội,Long Biên,Ngọc Thụy,Đường Ngọc Thụy - Phường Ngọc Thụy - Quận Long Biên,2026-09-12,2026-09-17
nhatot,nt_134654510,can_ho_chung_cu,https://www.nhatot.com/134654510.htm,Chỉ từ 10 triệu/ tháng - căn 1 ngủ -  full nội thất tại 66/12 Đào Tấn,10000000,10 triệu/tháng,50.0,50.0,1.0,,,Hà Nội,Ba Đình,Giảng Võ,Phố Đào Tấn - Phường Giảng Võ - Quận Ba Đình,2026-09-12,2026-09-17
nhatot,nt_134654367,can_ho_chung_cu,https://www.nhatot.com/134654367.htm,cho thuê căn hộ p.203 ccmn  ngõ 86 Hào Nam,7000000,7 triệu/tháng,47.0,47.0,2.0,1.0,Đầy đủ,Hà Nội,Đống Đa,Cát Linh,Cát Linh - Phường Cát Linh - Quận Đống Đa,2026-09-12,2026-09-17
nhatot,nt_134334000,can_ho_chung_cu,https://www.nhatot.com/134334000.htm,"CĂN HỘ CHUNG CƯ HOÀNG ĐẠO THÚY. 3 NGỦ, 2WC, ĐẸP LUNG LINH. VÀO Ở NGAY.",15000000,15 triệu/tháng,80.0,80.0,3.0,2.0,Đầy đủ,Hà Nội,Cầu Giấy,Yên Hoà,hoàng đạo thúy - Phường Yên Hoà - Quận Cầu Giấy,2026-09-12,2026-09-17
nhatot,nt_134254347,can_ho_chung_cu,https://www.nhatot.com/134254347.htm,BA ĐÌNH. CHO THUÊ CĂN HỘ TẦNG 1. KINH DOANH ONLINE. Ô TÔ ĐỖ 24/24.,8000000,8 triệu/tháng,50.0,50.0,2.0,1.0,Đầy đủ,Hà Nội,Ba Đình,Phúc Xá,Phố Tân Ấp - Phường Phúc Xá - Quận Ba Đình,2026-09-12,2026-09-17
nhatot,nt_134585374,can_ho_chung_cu,https://www.nhatot.com/134585374.htm,CHÍNH CHỦ CHO THUÊ CĂN HỘ DUPLEX PENTSTUDIO TÂY HỒ – 96M² – TẦNG 20,27000000,27 triệu/tháng,96.0,96.0,1.0,,Đầy đủ,Hà Nội,Tây Hồ,Phú Thượng,Ngõ 699 Lạc Long Quân - Phường Phú Thượng - Quận Tây Hồ,2026-09-12,2026-09-17
nhatot,nt_134570940,can_ho_chung_cu,https://www.nhatot.com/134570940.htm,"🏠 CHO THUÊ TẬP THỂ TẦNG 2 – GIẢNG VÕ, ĐỐNG ĐA – 100M² – 3 NGỦ",10000000,10 triệu/tháng,100.0,100.0,3.0,2.0,Đầy đủ,Hà Nội,Đống Đa,Cát Linh,Phố Giảng Võ - Phường Cát Linh - Quận Đống Đa,2026-09-12,2026-09-17
nhatot,nt_134651495,can_ho_chung_cu,https://www.nhatot.com/134651495.htm,cho Nữ thuê 01 phòng riêng trong căn hộ 96m2- 3PN  cao cấp Golden West,6200000,"6,2 triệu/tháng",96.0,96.0,3.0,2.0,,Hà Nội,Thanh Xuân,Nhân Chính,Lê Văn Thiêm - Phường Nhân Chính - Quận Thanh Xuân,2026-09-12,2026-09-17
nhatot,nt_134609549,can_ho_chung_cu,https://www.nhatot.com/134609549.htm,Cho thuê chung cư  Nam Đô 609 Trương Định 3 ngủ full đồ,13000000,13 triệu/tháng,100.0,100.0,3.0,2.0,,Hà Nội,Hai Bà Trưng,Trương Định,Đường Trương Định - Phường Trương Định - Quận Hai Bà Trưng,2026-09-12,2026-09-17
nhatot,nt_134612028,can_ho_chung_cu,https://www.nhatot.com/134612028.htm,chính chủ cho thuê tập thể tầng 1 Thái Thịnh. 1 khách 1 ngủ,6500000,"6,5 triệu/tháng",45.0,45.0,2.0,1.0,,Hà Nội,Đống Đa,Thịnh Quang,Ngõ 67 Thái Thịnh - Phường Thịnh Quang - Quận Đống Đa,2026-09-12,2026-09-17
nhatot,nt_134617832,can_ho_chung_cu,https://www.nhatot.com/134617832.htm,cho thuê chung cư bộ tư lệnh đặc công,8000000,8 triệu/tháng,60.0,60.0,2.0,1.0,Đầy đủ,Hà Nội,Thanh Trì,Vĩnh Quỳnh,Quốc lộ 1A - Xã Vĩnh Quỳnh - Huyện Thanh Trì,2026-09-12,2026-09-17
nhatot,nt_134609474,can_ho_chung_cu,https://www.nhatot.com/134609474.htm,C2 XUÂN ĐỈNH 85M² – 2PN FULL ĐỒ ĐẸP – BAN CÔNG RỘNG THOÁNG – CHỈ 11TR,11000000,11 triệu/tháng,85.0,85.0,2.0,,Đầy đủ,Hà Nội,Bắc Từ Liêm,Xuân Đỉnh,Xuân Đỉnh - Phường Xuân Đỉnh - Quận Bắc Từ Liêm,2026-09-12,2026-09-17
nhatot,nt_134648411,can_ho_chung_cu,https://www.nhatot.com/134648411.htm,Chung cư Nguyễn Tuân 113m2 3PN 2WC căn góc siêu thoáng sáng,17000000,17 triệu/tháng,113.0,113.0,3.0,2.0,,Hà Nội,Thanh Xuân,Nhân Chính,Khuất Duy Tiến - Phường Nhân Chính - Quận Thanh Xuân,2026-09-12,2026-09-17
nhatot,nt_134648066,can_ho_chung_cu,https://www.nhatot.com/134648066.htm,Cho thuê chung cư 105 m2 gần tòa VTC Minh Khai - Hà Nội,12000000,12 triệu/tháng,105.0,105.0,2.0,1.0,Đầy đủ,Hà Nội,Hai Bà Trưng,Minh Khai,Phố Kim Ngưu - Phường Minh Khai - Quận Hai Bà Trưng,2026-09-12,2026-09-17
nhatot,nt_134309672,can_ho_chung_cu,https://www.nhatot.com/134309672.htm,"1n1k, ô tô đỗ cửa, full nội thất cao cấp, nhà mới, gần Lotte Tây Hồ,",7000000,7 triệu/tháng,40.0,40.0,1.0,1.0,Đầy đủ,Hà Nội,Tây Hồ,Thụy Khuê,lạc long quân - Phường Thụy Khuê - Quận Tây Hồ,2026-09-12,2026-09-17
nhatot,nt_131593471,can_ho_chung_cu,https://www.nhatot.com/131593471.htm,CHO THUÊ CĂN HỘ VIN SMART CITY GIÁ RẺ NHẤT THỊ TRƯỜNG CẬP NHẬT 24/7,5500000,"5,5 triệu/tháng",34.0,34.0,1.0,,,Hà Nội,Nam Từ Liêm,Tây Mỗ,Đại Mỗ - Phường Tây Mỗ - Quận Nam Từ Liêm,2026-09-12,2026-09-17
nhatot,nt_134571216,can_ho_chung_cu,https://www.nhatot.com/134571216.htm,chính chủ cho thuê chung cư ct36,11500000,"11,5 triệu/tháng",60.0,60.0,2.0,2.0,,Hà Nội,Hoàng Mai,Định Công,Phố Nguyễn Cảnh Dị - Phường Định Công - Quận Hoàng Mai,2026-09-12,2026-09-17
nhatot,nt_134647658,can_ho_chung_cu,https://www.nhatot.com/134647658.htm,"studio siêu rộng ban công thoáng mát ô tô đỗ cửa, full nội thất xịu sò",7000000,7 triệu/tháng,35.0,35.0,1.0,1.0,Đầy đủ,Hà Nội,Tây Hồ,Xuân La,Đường Võ Chí Công - Phường Xuân La - Quận Tây Hồ,2026-09-12,2026-09-17
nhatot,nt_134309766,can_ho_chung_cu,https://www.nhatot.com/134309766.htm,BÃI ĐỖ Ô TÔ TRƯỚC CỬA 1N1K 45M2 FULL ĐỒ NGAY LOTTE TÂY HỒ,8500000,"8,5 triệu/tháng",45.0,45.0,1.0,1.0,Đầy đủ,Hà Nội,Tây Hồ,Thụy Khuê,võ chí công - Phường Thụy Khuê - Quận Tây Hồ,2026-09-12,2026-09-17
nhatot,nt_134647298,can_ho_chung_cu,https://www.nhatot.com/134647298.htm,"PHỐ TÂN THỤY / NGUYỄN LAM, PHÚC ĐỒNG - CCMN MỚI TINH",6500000,"6,5 triệu/tháng",40.0,40.0,1.0,1.0,,Hà Nội,Long Biên,Phúc Đồng,Phố Nguyễn Lam - Phường Phúc Đồng - Quận Long Biên,2026-09-12,2026-09-17
nhatot,nt_133523617,can_ho_chung_cu,https://www.nhatot.com/133523617.htm,"Cho Thuê Căn Hộ Tại Vinhomes Ocean Park, Gia Lâm, Hà Nội giá từ 5tr",5000000,5 triệu/tháng,36.0,36.0,1.0,,Đầy đủ,Hà Nội,Gia Lâm,Thị trấn Trâu Quỳ,Yên Viên - Thị trấn Trâu Quỳ - Huyện Gia Lâm,2026-09-12,2026-09-17
nhatot,nt_134378902,can_ho_chung_cu,https://www.nhatot.com/134378902.htm,CHO THUÊ CĂN HỘ FULL ĐỒ – HOÀNG NHƯ TIẾP ĐỐI DIỆN BV TÂM ANH,5000000,5 triệu/tháng,35.0,35.0,1.0,,,Hà Nội,Long Biên,Bồ Đề,Phố Hoàng Như Tiếp - Phường Bồ Đề - Quận Long Biên,2026-09-12,2026-09-17
nhatot,nt_134378613,can_ho_chung_cu,https://www.nhatot.com/134378613.htm,💥 CHO THUÊ CĂN HỘ DỊCH VỤ VIỆT HƯNG – FULL ĐỒ – VÀO Ở NGAY! 💥,3500000,"3,5 triệu/tháng",30.0,30.0,1.0,,,Hà Nội,Long Biên,Việt Hưng,Phố Việt Hưng - Phường Việt Hưng - Quận Long Biên,2026-09-12,2026-09-17
nhatot,nt_134376350,can_ho_chung_cu,https://www.nhatot.com/134376350.htm,"CHO THUÊ CĂN HỘ STUDIO CAO CẤP 40M² – MỚI 100% TẠI NGỌC THỤY, LONG BIÊ",7000000,7 triệu/tháng,40.0,40.0,1.0,,,Hà Nội,Long Biên,Ngọc Thụy,Đường Ngọc Thụy - Phường Ngọc Thụy - Quận Long Biên,2026-09-12,2026-09-17
nhatot,nt_134645983,can_ho_chung_cu,https://www.nhatot.com/134645983.htm,căn hộ cạnh Lotte ở luôn thời gian thuê linh động,7500000,"7,5 triệu/tháng",35.0,35.0,1.0,1.0,Đầy đủ,Hà Nội,Tây Hồ,Xuân La,Đường Lạc Long Quân - Phường Xuân La - Quận Tây Hồ,2026-09-12,2026-09-17
nhatot,nt_134645724,can_ho_chung_cu,https://www.nhatot.com/134645724.htm,"Căn hộ tầng 6, Rộng 60m2 2 phòng ngủ, 1wc tại ngõ 165 Dương Quàng Hàm",7500000,"7,5 triệu/tháng",60.0,60.0,2.0,,,Hà Nội,Cầu Giấy,Quan Hoa,Phố Dương Quảng Hàm - Phường Quan Hoa - Quận Cầu Giấy,2026-09-12,2026-09-17
nhatot,nt_134614277,can_ho_chung_cu,https://www.nhatot.com/134614277.htm,Chính chủ cho thuê CHCC số 2316 tòa A2 Lumière Evergreen Smart City,13500000,"13,5 triệu/tháng",50.0,50.0,1.0,1.0,Đầy đủ,Hà Nội,Nam Từ Liêm,Tây Mỗ,Lumiere EverGreen - Phường Tây Mỗ - Quận Nam Từ Liêm,2026-09-12,2026-09-17
nhatot,nt_106201090,can_ho_chung_cu,https://www.nhatot.com/106201090.htm,CCMN từ STUDIO -> 1k1N 40m2 đủ đồ phố Nguyễn Lân Đường Trường chinh,6000000,6 triệu/tháng,40.0,40.0,1.0,1.0,Đầy đủ,Hà Nội,Thanh Xuân,Phương Liệt,Phố Nguyễn Lân - Phường Phương Liệt - Quận Thanh Xuân,2026-09-12,2026-09-17
nhatot,nt_134611364,can_ho_chung_cu,https://www.nhatot.com/134611364.htm,2 ngủ 1 vệ sinh - Timescity,15000000,15 triệu/tháng,64.0,64.0,2.0,,,Hà Nội,Hai Bà Trưng,Vĩnh Tuy,Minh Khai - Phường Vĩnh Tuy - Quận Hai Bà Trưng,2026-09-12,2026-09-17
nhatot,nt_134643485,can_ho_chung_cu,https://www.nhatot.com/134643485.htm,Cho thuê CCMN 25m2 Full đồ. gác xép ban công thoáng tại Yên Lãng,5000000,5 triệu/tháng,25.0,25.0,1.0,1.0,,Hà Nội,Đống Đa,Láng Hạ,Phố Yên Lãng - Phường Láng Hạ - Quận Đống Đa,2026-09-12,2026-09-17
nhatot,nt_134642405,can_ho_chung_cu,https://www.nhatot.com/134642405.htm,Siêu phẩm CCMN 2n1k 50m2 full đồ xịn sò. máy giặt riêng tại Cự Lộc ,8600000,"8,6 triệu/tháng",50.0,50.0,1.0,1.0,Đầy đủ,Hà Nội,Thanh Xuân,Nhân Chính,Phố Cự Lộc - Phường Nhân Chính - Quận Thanh Xuân,2026-09-11,2026-09-17
nhatot,nt_134642008,can_ho_chung_cu,https://www.nhatot.com/134642008.htm,"Cho thuê căn hộ 2PN đủ đồ giá 9.5tr phố Trần Quý Kiên, Cầu Giấy",9500000,"9,5 triệu/tháng",80.0,80.0,2.0,,Đầy đủ,Hà Nội,Cầu Giấy,Dịch Vọng,Phố Trần Quý Kiên - Phường Dịch Vọng - Quận Cầu Giấy,2026-09-11,2026-09-17
nhatot,nt_134195582,can_ho_chung_cu,https://www.nhatot.com/134195582.htm,"NHÀ MỚI, OTO ĐỖ CỬA, *** 1 PHÒNG, NGAY GẦN HỒ TÂY",8456000,"8,45 triệu/tháng",45.0,45.0,1.0,,,Hà Nội,Tây Hồ,Xuân La,Ngõ 210A Võ Chí Công - Phường Xuân La - Quận Tây Hồ,2026-09-11,2026-09-17
nhatot,nt_134598927,can_ho_chung_cu,https://www.nhatot.com/134598927.htm,CHO THUÊ CĂN HỘ 1PN/2PN FULL NỘI THẤT BAN CÔNG NGAY NGÕ 32 ĐỒNG ME,8000000,8 triệu/tháng,40.0,40.0,1.0,,Đầy đủ,Hà Nội,Nam Từ Liêm,Mễ Trì,Ngõ 32 Phố Đồng Me - Phường Mễ Trì - Quận Nam Từ Liêm,2026-09-11,2026-09-17
nhatot,nt_134636850,can_ho_chung_cu,https://www.nhatot.com/134636850.htm,"Đập hộp toà mới Full đồ cao cấp, ô tô đỗ cửa tại Nguyễn Khánh Toàn ",7800000,"7,8 triệu/tháng",30.0,30.0,1.0,1.0,Đầy đủ,Hà Nội,Cầu Giấy,Quan Hoa,Đường Nguyễn Khánh Toàn - Phường Quan Hoa - Quận Cầu Giấy,2026-09-11,2026-09-17
nhatot,nt_134365781,can_ho_chung_cu,https://www.nhatot.com/134365781.htm,Căn hộ Studio Nhõ 676 Đê La Thành- Hào Nam 4tr8- 5tr8,4800000,"4,8 triệu/tháng",25.0,25.0,1.0,1.0,Đầy đủ,Hà Nội,Đống Đa,Cát Linh,Đê La Thành - Phường Cát Linh - Quận Đống Đa,2026-09-11,2026-09-17
nhatot,nt_134634917,can_ho_chung_cu,https://www.nhatot.com/134634917.htm,CĂN HỘ NHƯ Ý - XÁCH VALI TỚI Ở,15000000,15 triệu/tháng,62.0,62.0,1.0,1.0,Đầy đủ,Hà Nội,Hoàn Kiếm,Cửa Nam,Lý Nam đế - Phường Cửa Nam - Quận Hoàn Kiếm,2026-09-11,2026-09-17
nhatot,nt_134634512,can_ho_chung_cu,https://www.nhatot.com/134634512.htm,🏠 HIẾM – NHÀ TẬP THỂ THÀNH CÔNG – Ô TÔ ĐỖ – FULL TIỆN ÍCH – 3 NGỦ,5000000,5 triệu/tháng,55.0,55.0,3.0,2.0,Đầy đủ,Hà Nội,Ba Đình,Thành Công,Phố Thành Công - Phường Thành Công - Quận Ba Đình,2026-09-11,2026-09-17
nhatot,nt_134633016,can_ho_chung_cu,https://www.nhatot.com/134633016.htm,Siêu Hot CCMN 1n1k full nội thất ban công thoáng tại Thái Thịnh,6800000,"6,8 triệu/tháng",30.0,30.0,1.0,1.0,Đầy đủ,Hà Nội,Đống Đa,Thịnh Quang,Phố Thái Thịnh - Phường Thịnh Quang - Quận Đống Đa,2026-09-11,2026-09-17
nhatot,nt_134382346,can_ho_chung_cu,https://www.nhatot.com/134382346.htm,Khai trương CCMN 30m2 Full đồ xịn sò. máy giặt riêng tại Lạc Trung ,7300000,"7,3 triệu/tháng",30.0,30.0,1.0,1.0,Đầy đủ,Hà Nội,Hai Bà Trưng,Vĩnh Tuy,Phố Lạc Trung - Phường Vĩnh Tuy - Quận Hai Bà Trưng,2026-09-11,2026-09-17
nhatot,nt_134632687,can_ho_chung_cu,https://www.nhatot.com/134632687.htm,Cho Thuê Căn 3 Ngủ 2  Toà Nhà Duyên Hải - Quân Khu 3,12000000,12 triệu/tháng,125.0,125.0,3.0,2.0,Đầy đủ,Hà Nội,Hà Đông,Yết Kiêu,Nguyễn Thái Học - Phường Yết Kiêu - Quận Hà Đông,2026-09-11,2026-09-17
nhatot,nt_130738587,can_ho_chung_cu,https://www.nhatot.com/130738587.htm,{ẢNH THẬT GIÁ THẬT 100% } CCMN FULL ĐỒ NGAY. VINSMARTCITY Ở NGAY,4400000,"4,4 triệu/tháng",25.0,25.0,1.0,1.0,,Hà Nội,Nam Từ Liêm,Đại Mỗ,Đường Tây Mỗ - Phường Đại Mỗ - Quận Nam Từ Liêm,2026-09-11,2026-09-17
nhatot,nt_134632500,can_ho_chung_cu,https://www.nhatot.com/134632500.htm,Cho thuê căn studio 28m2 toà S3 Smart City có ban công,6500000,"6,5 triệu/tháng",28.0,28.0,1.0,1.0,Đầy đủ,Hà Nội,Nam Từ Liêm,Tây Mỗ,The Sapphire-Vinhomes Smart City - Phường Tây Mỗ - Quận Nam Từ Liêm,2026-09-11,2026-09-17
nhatot,nt_134632263,can_ho_chung_cu,https://www.nhatot.com/134632263.htm,🔥 HOPE RESIDENCE 70M² – CĂN GÓC 2 BAN CÔNG –2NGỦ -FULL ĐỒ – 11TR/THÁNG,11000000,11 triệu/tháng,70.0,70.0,2.0,,,Hà Nội,Long Biên,Phúc Đồng,Phố Mai Phúc - Phường Phúc Đồng - Quận Long Biên,2026-09-11,2026-09-17
nhatot,nt_134606285,can_ho_chung_cu,https://www.nhatot.com/134606285.htm,"HIẾM HOI !! 1n1k mới trống ra ngay gần Láng, chỉ 6x, ở ngay, nhà mới",6650000,"6,65 triệu/tháng",37.0,37.0,1.0,1.0,Đầy đủ,Hà Nội,Cầu Giấy,Yên Hoà,Đường Nguyễn Khang - Phường Yên Hoà - Quận Cầu Giấy,2026-09-11,2026-09-17
nhatot,nt_134602304,can_ho_chung_cu,https://www.nhatot.com/134602304.htm,"✨ PHÒNG ĐẸP BA ĐÌNH – FULL NỘI THẤT – RIÊNG TƯ, THOÁNG ĐÃNG, TIỆN NGHI",7500000,"7,5 triệu/tháng",35.0,35.0,1.0,1.0,Đầy đủ,Hà Nội,Ba Đình,Đội Cấn,Đường Bưởi - Phường Đội Cấn - Quận Ba Đình,2026-09-11,2026-09-17
nhatot,nt_134380525,can_ho_chung_cu,https://www.nhatot.com/134380525.htm,"Siêu Hot CCMN 30m2  Full đồ xịn sò. ban công, máy giặt tại Hoàng Mai",5200000,"5,2 triệu/tháng",30.0,30.0,1.0,1.0,Đầy đủ,Hà Nội,Hoàng Mai,Hoàng Văn Thụ,Đường Hoàng Mai - Phường Hoàng Văn Thụ - Quận Hoàng Mai,2026-09-11,2026-09-17
nhatot,nt_134601535,can_ho_chung_cu,https://www.nhatot.com/134601535.htm,CĂN HỘ CAO CẤP NỘI THẤT - NGAY GẦN BẾN XE MỸ ĐÌNH - ĐẢM BẢO PCCC,5800000,"5,8 triệu/tháng",28.0,28.0,1.0,1.0,Đầy đủ,Hà Nội,Nam Từ Liêm,Mỹ Đình 2,Đường Mỹ Đình - Phường Mỹ Đình 2 - Quận Nam Từ Liêm,2026-09-11,2026-09-17
nhatot,nt_134589930,can_ho_chung_cu,https://www.nhatot.com/134589930.htm,CĂN HỘ FULL ĐỒ NGAY ĐẠI LỘ THĂNG LONG - KAENGNAM - THE MATRIX ONE,4750000,"4,75 triệu/tháng",25.0,25.0,1.0,,,Hà Nội,Nam Từ Liêm,Mễ Trì,Đường Miếu Đầm - Phường Mễ Trì - Quận Nam Từ Liêm,2026-09-11,2026-09-17
nhatot,nt_134629951,can_ho_chung_cu,https://www.nhatot.com/134629951.htm,"Tập Thể Tầng 3 phố Bạch Mai, 65m, 2PN, 1Khách rộng, Căn Góc Thoáng",6200000,"6,2 triệu/tháng",65.0,65.0,2.0,1.0,Đầy đủ,Hà Nội,Hai Bà Trưng,Bạch Mai,Phố Bạch Mai - Phường Bạch Mai - Quận Hai Bà Trưng,2026-09-11,2026-09-17
nhatot,nt_132866633,can_ho_chung_cu,https://www.nhatot.com/132866633.htm,"Chung Cư Mini Tại Hoàng Liệt, Gần Hồ Linh Đàm",5300000,"5,3 triệu/tháng",30.0,30.0,1.0,,Đầy đủ,Hà Nội,Hoàng Mai,Hoàng Liệt,Đường Ngọc Hồi - Phường Hoàng Liệt - Quận Hoàng Mai,2026-09-11,2026-09-17
nhatot,nt_134564434,can_ho_chung_cu,https://www.nhatot.com/134564434.htm,Căn hộ Tập thể Tầng 3 DT 45m thoáng 01 P.Ngủ ngõ ô tô Nguyễn Chí Thanh,5000000,5 triệu/tháng,45.0,45.0,1.0,1.0,,Hà Nội,Đống Đa,Láng Thượng,Ngõ 62 Phố Nguyễn Chí Thanh - Phường Láng Thượng - Quận Đống Đa,2026-09-11,2026-09-17
nhatot,nt_134628081,can_ho_chung_cu,https://www.nhatot.com/134628081.htm,căn hộ Thuỵ Khuê 2 ngủ 2 vệ sinh ở tháng 10,13500000,"13,5 triệu/tháng",70.0,70.0,2.0,2.0,Đầy đủ,Hà Nội,Tây Hồ,Thụy Khuê,Phố Đồng Cổ - Phường Thụy Khuê - Quận Tây Hồ,2026-09-11,2026-09-17
nhatot,nt_133111433,can_ho_chung_cu,https://www.nhatot.com/133111433.htm,"CHO THUÊ CĂN HỘ HÀ NỘI 1N1K, TẠI LẠC LONG QUÂN",6800000,"6,8 triệu/tháng",40.0,40.0,1.0,,Đầy đủ,Hà Nội,Tây Hồ,Bưởi,Đường Lạc Long Quân - Phường Bưởi - Quận Tây Hồ,2026-09-11,2026-09-17
nhatot,nt_134607030,can_ho_chung_cu,https://www.nhatot.com/134607030.htm,Studio Full Nội Thất 12 Lương Khánh Thiện - Gần ĐH Kinh Tế Quốc Dân,6600000,"6,6 triệu/tháng",40.0,40.0,1.0,1.0,Đầy đủ,Hà Nội,Hoàng Mai,Tương Mai,Ngõ 12 Phố Lương Khánh Thiện - Phường Tương Mai - Quận Hoàng Mai,2026-09-11,2026-09-17
nhatot,nt_134627130,can_ho_chung_cu,https://www.nhatot.com/134627130.htm,"Cho thuê nhà nguyên căn, giá cả thoả thuận ",1000000,1 triệu/tháng,67.0,67.0,11.0,7.0,Đầy đủ,Hà Nội,Tây Hồ,Phú Thượng,Đường An Dương Vương - Phường Phú Thượng - Quận Tây Hồ,2026-09-11,2026-09-17
nhatot,nt_134589347,can_ho_chung_cu,https://www.nhatot.com/134589347.htm,"🏠 CHO THUÊ TẬP THỂ TẦNG 2 – THÀNH CÔNG, BA ĐÌNH",9000000,9 triệu/tháng,80.0,80.0,2.0,2.0,,Hà Nội,Ba Đình,Thành Công,Phố Thành Công - Phường Thành Công - Quận Ba Đình,2026-09-11,2026-09-17
nhatot,nt_134162024,can_ho_chung_cu,https://www.nhatot.com/134162024.htm,Cho thuê căn hộ mini full đồ mặt ban công nội thất cao cấp Nam Từ Liêm,5500000,"5,5 triệu/tháng",30.0,30.0,1.0,,,Hà Nội,Nam Từ Liêm,Mỹ Đình 2,Đường Đỗ Đức Dục - Phường Mỹ Đình 2 - Quận Nam Từ Liêm,2026-09-11,2026-09-17
nhatot,nt_134598448,can_ho_chung_cu,https://www.nhatot.com/134598448.htm,"CHO THUÊ CĂN HỘ 1 NGỦ 1 KHÁCH MỚI TINH TẠI ĐỒNG ME, GẦN JW MARRIOT",8500000,"8,5 triệu/tháng",40.0,40.0,1.0,,Đầy đủ,Hà Nội,Nam Từ Liêm,Mễ Trì,Phố Đồng Me - Phường Mễ Trì - Quận Nam Từ Liêm,2026-09-11,2026-09-17
nhatot,nt_129231761,can_ho_chung_cu,https://www.nhatot.com/129231761.htm,"✨ CCMN FULL ĐỒ – NGÕ 359 ÂU CƠ, TÂY HỒ – VIEW HỒ TÂY, Ở NGAY ✨",5050000,"5,05 triệu/tháng",25.0,25.0,1.0,1.0,,Hà Nội,Tây Hồ,Quảng An,Đường Âu Cơ - Phường Quảng An - Quận Tây Hồ,2026-09-11,2026-09-17
nhatot,nt_134601249,can_ho_chung_cu,https://www.nhatot.com/134601249.htm,CĂN HỘ CAO CẤP 1 NGỦ 1 KHÁCH NGAY BÃI Ô TÔ - GẦN PHẠM HÙNG - Ở LUÔN,6000000,6 triệu/tháng,30.0,30.0,1.0,1.0,Đầy đủ,Hà Nội,Nam Từ Liêm,Mễ Trì,Đường Mễ Trì - Phường Mễ Trì - Quận Nam Từ Liêm,2026-09-11,2026-09-17
nhatot,nt_134602664,can_ho_chung_cu,https://www.nhatot.com/134602664.htm,CHO THUÊ CĂN HỘ FULL NỘI THẤT,8500000,"8,5 triệu/tháng",50.0,50.0,1.0,1.0,Đầy đủ,Hà Nội,Nam Từ Liêm,Mễ Trì,Ngõ 32 Phố Đồng Me - Phường Mễ Trì - Quận Nam Từ Liêm,2026-09-11,2026-09-17
nhatot,nt_132434017,can_ho_chung_cu,https://www.nhatot.com/132434017.htm,Căn hộ Studio Ngõ 139 Nguyễn Ngọc Vũ 4tr8- 6tr,4800000,"4,8 triệu/tháng",25.0,25.0,1.0,1.0,Đầy đủ,Hà Nội,Cầu Giấy,Trung Hoà,Đường Nguyễn Ngọc Vũ - Phường Trung Hoà - Quận Cầu Giấy,2026-09-11,2026-09-17
nhatot,nt_134625483,can_ho_chung_cu,https://www.nhatot.com/134625483.htm,"Cho thuê căn hộ 3 ngủ 2 vệ sinh tại 349 Vũ Tông Phan, Thanh Xuân",13500000,"13,5 triệu/tháng",,,3.0,2.0,,Hà Nội,Thanh Xuân,Khương Đình,Đường Vũ Tông Phan - Phường Khương Đình - Quận Thanh Xuân,2026-09-11,2026-09-17
nhatot,nt_134625454,can_ho_chung_cu,https://www.nhatot.com/134625454.htm,"Cho thuê căn hộ full nội thất Phan Kế Bính, Ba Đình",8800000,"8,8 triệu/tháng",,,1.0,,,Hà Nội,Ba Đình,Cống Vị,Đường Phan Kế Bính - Phường Cống Vị - Quận Ba Đình,2026-09-11,2026-09-17
nhatot,nt_134625421,can_ho_chung_cu,https://www.nhatot.com/134625421.htm,"HOT!!! 5-6X BAN CÔNG SIÊU RỘNG, OTO ĐỖ CỬA, MÁY GIẶT RIÊNG,FULL NT MỚI",5500000,"5,5 triệu/tháng",30.0,30.0,1.0,,Đầy đủ,Hà Nội,Ba Đình,Kim Mã,Phố Kim Mã - Phường Kim Mã - Quận Ba Đình,2026-09-11,2026-09-17
nhatot,nt_128039288,can_ho_chung_cu,https://www.nhatot.com/128039288.htm,Cho Thuê Căn Hộ Dịch Vụ Studio Cao Cấp 35m² Âu Cơ Tây Hồ Hà Nội,6000000,6 triệu/tháng,35.0,35.0,1.0,1.0,Đầy đủ,Hà Nội,Tây Hồ,Nhật Tân,Đường Âu Cơ - Phường Nhật Tân - Quận Tây Hồ,2026-09-10,2026-09-17
nhatot,nt_133638430,can_ho_chung_cu,https://www.nhatot.com/133638430.htm,"🏡 Studio Full Nội Thất - Tăng Thiết Giáp,Gần Cổ Nhuế,Gần Phạm Văn Đồng",5700000,"5,7 triệu/tháng",35.0,35.0,1.0,1.0,Đầy đủ,Hà Nội,Bắc Từ Liêm,Cổ Nhuế 2,Đường Tăng Thiết Giáp - Phường Cổ Nhuế 2 - Quận Bắc Từ Liêm,2026-09-10,2026-09-17
nhatot,nt_132814504,can_ho_chung_cu,https://www.nhatot.com/132814504.htm,CHO THUÊ CHUNG CƯ 1N1K CẦU GIẤY,7900000,"7,9 triệu/tháng",36.0,36.0,1.0,,Đầy đủ,Hà Nội,Cầu Giấy,Trung Hoà,Phố Nguyễn Quốc Trị - Phường Trung Hoà - Quận Cầu Giấy,2026-09-10,2026-09-17
nhatot,nt_134624500,can_ho_chung_cu,https://www.nhatot.com/134624500.htm,"Cho thuê 1PN Full Nội Thất 58 Nguyễn Khánh Toàn,Gần Các Trường Đại Học",7800000,"7,8 triệu/tháng",40.0,40.0,1.0,1.0,Đầy đủ,Hà Nội,Cầu Giấy,Quan Hoa,Đường Nguyễn Khánh Toàn - Phường Quan Hoa - Quận Cầu Giấy,2026-09-10,2026-09-17
nhatot,nt_134623531,can_ho_chung_cu,https://www.nhatot.com/134623531.htm,CĂN HỘ 1N1K-STUDIO MỚI FULL NỘI THẤT NGUYỄN KHÁNH TOÀN - CẦU GIẤY,8500000,"8,5 triệu/tháng",60.0,60.0,1.0,1.0,Đầy đủ,Hà Nội,Cầu Giấy,Nghĩa Đô,Phố Nguyễn Khánh Toàn  - Phường Nghĩa Đô - Quận Cầu Giấy,2026-09-10,2026-09-17
nhatot,nt_134623003,can_ho_chung_cu,https://www.nhatot.com/134623003.htm,"CHO THUÊ CĂN 2N1K – NGÕ 116 PHAN KẾ BÍNH, CỐNG VỊ, BA ĐÌNH, HÀ NỘI",11500000,"11,5 triệu/tháng",50.0,50.0,2.0,,Đầy đủ,Hà Nội,Ba Đình,Cống Vị,Phố Phan Kế Bính - Phường Cống Vị - Quận Ba Đình,2026-09-10,2026-09-17
nhatot,nt_134621311,can_ho_chung_cu,https://www.nhatot.com/134621311.htm,CHO THUÊ CĂN HỘ TẬP THỂ TẦNG 5 – MẶT PHỐ LÝ THƯỜNG KIỆT-  HOÀN KIẾM,6500000,"6,5 triệu/tháng",36.0,36.0,1.0,1.0,Đầy đủ,Hà Nội,Hoàn Kiếm,Cửa Nam,Phố Lý Thường Kiệt - Phường Cửa Nam - Quận Hoàn Kiếm,2026-09-10,2026-09-17
nhatot,nt_134510061,can_ho_chung_cu,https://www.nhatot.com/134510061.htm,"Cho thuê căn 1 phòng ngủ tại phố Từ Hoa, Tây Hồ",10000000,10 triệu/tháng,70.0,70.0,1.0,,Đầy đủ,Hà Nội,Tây Hồ,Quảng An,Phố Từ Hoa - Phường Quảng An - Quận Tây Hồ,2026-09-10,2026-09-17
nhatot,nt_134619229,can_ho_chung_cu,https://www.nhatot.com/134619229.htm,"[Chính chủ]Cho thuê căn 2PN,2WC tòa T3,Thăng Long Capital, 8,5tr, 70m2",8500000,"8,5 triệu/tháng",70.0,70.0,2.0,2.0,,Hà Nội,Hoài Đức,An Khánh,An Khánh - Xã An Khánh - Huyện Hoài Đức,2026-09-10,2026-09-17
nhatot,nt_134618329,can_ho_chung_cu,https://www.nhatot.com/134618329.htm,CHO THUÊ CĂN HỘ MỚI KHAI TRƯƠNG CỬA SỔ TẠI NGỌC TRỤC,4450000,"4,45 triệu/tháng",30.0,30.0,1.0,,Đầy đủ,Hà Nội,Nam Từ Liêm,Đại Mỗ,Phố Ngọc Trục - Phường Đại Mỗ - Quận Nam Từ Liêm,2026-09-10,2026-09-17
nhatot,nt_134616829,can_ho_chung_cu,https://www.nhatot.com/134616829.htm,Chính chủ cho thuê căn hộ chung cư,6500000,"6,5 triệu/tháng",55.0,55.0,2.0,1.0,Đầy đủ,Hà Nội,Cầu Giấy,Quan Hoa,Phố Quan Hoa Nguyễn Khánh Toàn - Phường Quan Hoa - Quận Cầu Giấy,2026-09-10,2026-09-17
nhatot,nt_134616639,can_ho_chung_cu,https://www.nhatot.com/134616639.htm,"CHO THUÊ NHÀ LÝ THƯỜNG KIỆT, HOÀN KIẾM",6500000,"6,5 triệu/tháng",35.0,35.0,1.0,1.0,,Hà Nội,Hoàn Kiếm,Hàng Bài,Phố Lý Thường Kiệt - Phường Hàng Bài - Quận Hoàn Kiếm,2026-09-10,2026-09-17
nhatot,nt_134616431,can_ho_chung_cu,https://www.nhatot.com/134616431.htm,"🏢 CHO THUÊ TẦNG 3 NHÀ MẶT PHỐ NGUYỄN KHẮC NHU – BA ĐÌNH
",22000000,22 triệu/tháng,100.0,100.0,3.0,2.0,Đầy đủ,Hà Nội,Ba Đình,Nguyễn Trung Trực,Phố Nguyễn Khắc Nhu - Phường Nguyễn Trung Trực - Quận Ba Đình,2026-09-10,2026-09-17
nhatot,nt_134578156,can_ho_chung_cu,https://www.nhatot.com/134578156.htm,Cho thuê căn hộ CT Đền Lừ 3 Tân Mai  giá 8 triệu thanh toán 1 tháng,8000000,8 triệu/tháng,61.0,61.0,2.0,1.0,Đầy đủ,Hà Nội,Hoàng Mai,Hoàng Văn Thụ,Đền Lừ - Phường Hoàng Văn Thụ - Quận Hoàng Mai,2026-09-10,2026-09-17
nhatot,nt_133175716,can_ho_chung_cu,https://www.nhatot.com/133175716.htm,"CHO THUÊ CHUNG CƯ MINI HÀ NỘI, TẠI SỐ 83 NGÕ 183 VŨ TÔNG PHAN",5500000,"5,5 triệu/tháng",30.0,30.0,1.0,1.0,Đầy đủ,Hà Nội,Thanh Xuân,Khương Đình,Phố Vũ Tông Phan - Phường Khương Đình - Quận Thanh Xuân,2026-09-10,2026-09-17
nhatot,nt_134169142,can_ho_chung_cu,https://www.nhatot.com/134169142.htm,"Siêu Hot CCMN 30m2 full đồ, ban công thoáng tại Định Công, gần BKX",5600000,"5,6 triệu/tháng",30.0,30.0,1.0,1.0,Đầy đủ,Hà Nội,Hoàng Mai,Định Công,Phố Định Công - Phường Định Công - Quận Hoàng Mai,2026-09-10,2026-09-17
nhatot,nt_134572872,can_ho_chung_cu,https://www.nhatot.com/134572872.htm,CHO THUÊ CĂN HỘ FULL NỘI THẤT,8000000,8 triệu/tháng,50.0,50.0,1.0,1.0,Đầy đủ,Hà Nội,Cầu Giấy,Yên Hoà,Ngõ 79 Cầu Giấy - Phường Yên Hoà - Quận Cầu Giấy,2026-09-10,2026-09-17
nhatot,nt_128601502,can_ho_chung_cu,https://www.nhatot.com/128601502.htm,Phòng 25m² Có Cửa Sổ – An Ninh Chuẩn PCCC – Gần Cầu Vĩnh Tuy,5000000,5 triệu/tháng,25.0,25.0,1.0,1.0,Đầy đủ,Hà Nội,Long Biên,Long Biên,Phố Trạm - Phường Long Biên - Quận Long Biên,2026-09-10,2026-09-17
nhatot,nt_134614980,can_ho_chung_cu,https://www.nhatot.com/134614980.htm,"Cho thuê chung cư 126m 3 ngủ, gia đỉnh hoặc nhóm ở đều được",13500000,"13,5 triệu/tháng",126.0,126.0,3.0,2.0,,Hà Nội,Nam Từ Liêm,Cầu Diễn,Phố Nguyễn Đổng Chi - Phường Cầu Diễn - Quận Nam Từ Liêm,2026-09-10,2026-09-17
nhatot,nt_134614887,can_ho_chung_cu,https://www.nhatot.com/134614887.htm,Cho thuê 1 phòng ở chung cư cao cấp imperia 360 giải phóng,3800000,"3,8 triệu/tháng",20.0,20.0,1.0,1.0,Đầy đủ,Hà Nội,Thanh Xuân,Phương Liệt,Giải Phóng - Phường Phương Liệt - Quận Thanh Xuân,2026-09-10,2026-09-17
nhatot,nt_133535114,can_ho_chung_cu,https://www.nhatot.com/133535114.htm,"Cho thuê căn hộ 117,9m2, 3pn tại CC Gelexia 885 Tam Trinh",13000000,13 triệu/tháng,117.9,117.9,3.0,2.0,Đầy đủ,Hà Nội,Hoàng Mai,Yên Sở,Tam Trinh - Phường Yên Sở - Quận Hoàng Mai,2026-09-10,2026-09-17
nhatot,nt_134569110,can_ho_chung_cu,https://www.nhatot.com/134569110.htm,SIÊU DỰ ÁN - 1PN - FULL NỘI THẤT SANG TRỌNG,10000000,10 triệu/tháng,60.0,60.0,1.0,,,Hà Nội,Ba Đình,Đội Cấn,Phố Đội Cấn - Phường Đội Cấn - Quận Ba Đình,2026-09-10,2026-09-17
nhatot,nt_134572230,can_ho_chung_cu,https://www.nhatot.com/134572230.htm,Chính chủ cho thuê CHCC 2PN 2WC đủ nội thất tại vườn hoa Hà Đông,10500000,"10,5 triệu/tháng",70.0,70.0,2.0,2.0,Đầy đủ,Hà Nội,Hà Đông,Yết Kiêu,Thanh Bình - Phường Yết Kiêu - Quận Hà Đông,2026-09-10,2026-09-17
nhatot,nt_134613708,can_ho_chung_cu,https://www.nhatot.com/134613708.htm,"NHÀ MỚI NGAY GẦN LĂNG CHỦ TỊCH, OTO ĐỖ CỬA, NỘI THẤT SANG TRỌNG",8600000,"8,6 triệu/tháng",50.0,50.0,1.0,,,Hà Nội,Ba Đình,Đội Cấn,Thuỵ Khuê - Phường Đội Cấn - Quận Ba Đình,2026-09-10,2026-09-17
nhatot,nt_134613145,can_ho_chung_cu,https://www.nhatot.com/134613145.htm,"Cực hot CCMN 25m2 Full đồ. máy giặt riêng, ban công tại Minh Khai",5300000,"5,3 triệu/tháng",25.0,25.0,1.0,1.0,Đầy đủ,Hà Nội,Hai Bà Trưng,Minh Khai,Phố Minh Khai - Phường Minh Khai - Quận Hai Bà Trưng,2026-09-10,2026-09-17
nhatot,nt_134572324,can_ho_chung_cu,https://www.nhatot.com/134572324.htm,Căn hộ 2PN 1Wc ngay vườn hoa Hà Đông Hà Nội,10000000,10 triệu/tháng,60.0,60.0,2.0,1.0,,Hà Nội,Hà Đông,Yết Kiêu,Thanh Bình - Phường Yết Kiêu - Quận Hà Đông,2026-09-10,2026-09-17
nhatot,nt_134549514,can_ho_chung_cu,https://www.nhatot.com/134549514.htm,căn hộ đủ đồ gần hồ trúc bạch,7000000,7 triệu/tháng,50.0,50.0,1.0,1.0,Đầy đủ,Hà Nội,Ba Đình,Trúc Bạch,Phố Nguyễn Khắc Hiếu - Phường Trúc Bạch - Quận Ba Đình,2026-09-10,2026-09-17
nhatot,nt_134611463,can_ho_chung_cu,https://www.nhatot.com/134611463.htm, YÊN HOÀ - CHO THUÊ CĂN HỘ MINI CHỈ TỪ 7TR-NỘI THẤT CAO CẤP KHÉP KÍN ,7000000,7 triệu/tháng,36.0,36.0,1.0,1.0,Đầy đủ,Hà Nội,Cầu Giấy,Yên Hoà,Phố Yên Hòa - Phường Yên Hoà - Quận Cầu Giấy,2026-09-10,2026-09-17
nhatot,nt_134610679,can_ho_chung_cu,https://www.nhatot.com/134610679.htm,cho thuê chung cư Vinaconex 1,17000000,17 triệu/tháng,150.0,150.0,3.0,2.0,Đầy đủ,Hà Nội,Cầu Giấy,Trung Hoà,Khuất Duy Tiến - Phường Trung Hoà - Quận Cầu Giấy,2026-09-10,2026-09-17
nhatot,nt_116373499,can_ho_chung_cu,https://www.nhatot.com/116373499.htm,Chính chủ cho thuê căn hộ chung cư 2n1k lạc long quân,25000000,25 triệu/tháng,120.0,120.0,3.0,2.0,Đầy đủ,Hà Nội,Cầu Giấy,Nghĩa Đô,Đường Lạc Long Quân - Phường Nghĩa Đô - Quận Cầu Giấy,2026-09-10,2026-09-17
nhatot,nt_134609844,can_ho_chung_cu,https://www.nhatot.com/134609844.htm,"🏡 CHO THUÊ CĂN HỘ HÒA BÌNH GREEN APARTMENT – 376 BƯỞI, BA ĐÌNH, HÀ NỘI",14000000,14 triệu/tháng,70.0,70.0,2.0,1.0,Đầy đủ,Hà Nội,Ba Đình,Vĩnh Phúc,Đường Bưởi - Phường Vĩnh Phúc - Quận Ba Đình,2026-09-10,2026-09-17
nhatot,nt_134727553,nha_rieng,https://www.nhatot.com/134727553.htm,"Cho thuê nhà ở GĐ, Ô tô đậu trong sân",3200000,"3,2 triệu/tháng",120.0,120.0,2.0,1.0,Đầy đủ,Hà Nội,Hoài Đức,Vân Côn,Quyết Tiến - Xã Vân Côn - Huyện Hoài Đức,2026-09-16,2026-09-17
nhatot,nt_134727052,nha_rieng,https://www.nhatot.com/134727052.htm,"Cho thuê nhà Nguyên Căn Nguyễn Văn Cừ, 55m2, 3 tầng",8000000,8 triệu/tháng,55.0,55.0,3.0,2.0,Đầy đủ,Hà Nội,Long Biên,Bồ Đề,Đường Nguyễn Văn Cừ - Phường Bồ Đề - Quận Long Biên,2026-09-16,2026-09-17
nhatot,nt_134648045,nha_rieng,https://www.nhatot.com/134648045.htm,CHO THUÊ NHÀ NGUYÊN CĂN LÁNG HẠ - 50M² - 3 TẦNG - GẦN HỒ HOÀNG CẦU,13000000,13 triệu/tháng,50.0,50.0,2.0,2.0,Đầy đủ,Hà Nội,Đống Đa,Láng Hạ,Phố Láng Hạ - Phường Láng Hạ - Quận Đống Đa,2026-09-16,2026-09-17
nhatot,nt_134700737,nha_rieng,https://www.nhatot.com/134700737.htm,👨‍👩‍👧 70m² Cho Gia Đình – 2PN – Căn Góc Thoáng – Sát Cụm Trường Kim Liên,10000000,10 triệu/tháng,70.0,70.0,2.0,1.0,Đầy đủ,Hà Nội,Đống Đa,Kim Liên,Phố Phạm Ngọc Thạch - Phường Kim Liên - Quận Đống Đa,2026-09-16,2026-09-17
nhatot,nt_134598103,nha_rieng,https://www.nhatot.com/134598103.htm,CHO THUÊ NHÀ RIÊNG – NGÕ 167 PHỐ TÂN MAI,6000000,6 triệu/tháng,50.0,50.0,1.0,1.0,,Hà Nội,Hoàng Mai,Tân Mai,Ngõ 167 Phố Tân Mai - Phường Tân Mai - Quận Hoàng Mai,2026-09-16,2026-09-17
nhatot,nt_134680271,nha_rieng,https://www.nhatot.com/134680271.htm,🏠 CHO THUÊ NHÀ NGUYÊN CĂN – 80M² | 2 TẦNG + 1 TUM,12000000,12 triệu/tháng,80.0,80.0,3.0,2.0,,Hà Nội,Thanh Trì,Tân Triều,Ngõ 74 Tân Triều - Xã Tân Triều - Huyện Thanh Trì,2026-09-16,2026-09-17
nhatot,nt_134489555,nha_rieng,https://www.nhatot.com/134489555.htm,Nhà 5 tầng đường 3 ô tô tránh full tiện ích vị trí trung tâm,13000000,13 triệu/tháng,30.0,30.0,4.0,4.0,Đầy đủ,Hà Nội,Hà Đông,Mộ Lao,"102 Trần Phú, Mỗ Lao, Hà Đông - Phường Mộ Lao - Quận Hà Đông",2026-09-16,2026-09-17
nhatot,nt_134690823,nha_rieng,https://www.nhatot.com/134690823.htm,"Nhà 4 tầng. Gần chợ Đại từ, Trường cấp 1 Đại Từ, Gần  Đại học TL",11000000,11 triệu/tháng,42.0,42.0,5.0,,Đầy đủ,Hà Nội,Hoàng Mai,Định Công,Đại Kim - Phường Định Công - Quận Hoàng Mai,2026-09-16,2026-09-17
nhatot,nt_134725654,nha_rieng,https://www.nhatot.com/134725654.htm,"CHO THUÊ NHÀ CẤP 4 –NHÂN HÒA, TẢ THANH OAI",3500000,"3,5 triệu/tháng",60.0,60.0,2.0,,,Hà Nội,Thanh Trì,Tả Thanh Oai,Nhân Hòa  - Xã Tả Thanh Oai - Huyện Thanh Trì,2026-09-16,2026-09-17
nhatot,nt_134725456,nha_rieng,https://www.nhatot.com/134725456.htm,"CHO THUÊ NHÀ NGUYÊN CĂN – ĐỘI 7, NGỌC HỒI 2Pn Full Đồ",5000000,5 triệu/tháng,40.0,40.0,2.0,2.0,,Hà Nội,Thanh Trì,Ngọc Hồi,Ngọc Hồi  - Xã Ngọc Hồi - Huyện Thanh Trì,2026-09-16,2026-09-17
nhatot,nt_134725433,nha_rieng,https://www.nhatot.com/134725433.htm,LÁNG THƯỢNG – NHÀ RIÊNG 36M² x 5 TẦNG – 3PN – Ô TÔ ĐỖ CỬA – 15TR,15000000,15 triệu/tháng,36.0,36.0,3.0,3.0,Đầy đủ,Hà Nội,Đống Đa,Láng Thượng,Đường Láng - Phường Láng Thượng - Quận Đống Đa,2026-09-16,2026-09-17
nhatot,nt_134713335,nha_rieng,https://www.nhatot.com/134713335.htm,Cho thuê nhà KHâm thiên 5 Tầng - 3 Ngủ - giá 8.9 triệu,8900000,"8,9 triệu/tháng",25.0,25.0,3.0,,Đầy đủ,Hà Nội,Đống Đa,Khâm Thiên,Phố Khâm Thiên - Phường Khâm Thiên - Quận Đống Đa,2026-09-16,2026-09-17
nhatot,nt_134723389,nha_rieng,https://www.nhatot.com/134723389.htm,"TÂY SƠN – LÔ GÓC 35M² 4 TẦNG – THÔNG SÀN – KINH DOANH – Ô TÔ – 13,5TR",13500000,"13,5 triệu/tháng",35.0,35.0,3.0,,Đầy đủ,Hà Nội,Đống Đa,Ngã Tư Sở,Phố Tây Sơn - Phường Ngã Tư Sở - Quận Đống Đa,2026-09-16,2026-09-17
nhatot,nt_134693441,nha_rieng,https://www.nhatot.com/134693441.htm,cho thuê biệt thự đủ đồ 3 ngủ cạnh Làng Việt Kiều Châu Âu,15000000,15 triệu/tháng,70.0,70.0,3.0,3.0,,Hà Nội,Nam Từ Liêm,Đại Mỗ,Đường Trung Văn - Phường Đại Mỗ - Quận Nam Từ Liêm,2026-09-16,2026-09-17
nhatot,nt_134681973,nha_rieng,https://www.nhatot.com/134681973.htm,Cho thuê nhà nguyên căn ở Vạn Phúc,13500000,"13,5 triệu/tháng",50.0,50.0,4.0,3.0,,Hà Nội,Hà Đông,Vạn Phúc,ngõ 25 đường Vạn Phúc - Phường Vạn Phúc - Quận Hà Đông,2026-09-16,2026-09-17
nhatot,nt_134695540,nha_rieng,https://www.nhatot.com/134695540.htm,Cho thuê nhà khu Đấu giá ngõ cổng Đa Sỹ 50m2 5 tầng giá 13 triệu/tháng,13000000,13 triệu/tháng,50.0,50.0,5.0,4.0,,Hà Nội,Hà Đông,Kiến Hưng,ngõ cổng Đa Sỹ - Phường Kiến Hưng - Quận Hà Đông,2026-09-16,2026-09-17
nhatot,nt_134680706,nha_rieng,https://www.nhatot.com/134680706.htm,cho thuê nhà 45m 4 tầng tập thể học viện quân y HD,10000000,10 triệu/tháng,45.0,45.0,3.0,2.0,,Hà Nội,Hà Đông,Phúc La,Phố Lê Hữu Trác - Phường Phúc La - Quận Hà Đông,2026-09-16,2026-09-17
nhatot,nt_134702812,nha_rieng,https://www.nhatot.com/134702812.htm,"Cho thuê nhà thô nguyên căn, mới hoàn thiện tại Lạc Trung",30000000,30 triệu/tháng,70.0,70.0,6.0,,Cơ bản,Hà Nội,Hai Bà Trưng,Vĩnh Tuy,Phố Lạc Trung - Phường Vĩnh Tuy - Quận Hai Bà Trưng,2026-09-16,2026-09-17
nhatot,nt_134734011,nha_rieng,https://www.nhatot.com/134734011.htm,Nha C4 1 tầng khép kín 191A Đại La/ 229 Phố Vọng,4500000,"4,5 triệu/tháng",50.0,50.0,1.0,1.0,Cơ bản,Hà Nội,Hai Bà Trưng,Đồng Tâm,Đường Đại La - Phường Đồng Tâm - Quận Hai Bà Trưng,2026-09-17,2026-09-17
nhatot,nt_134665451,nha_rieng,https://www.nhatot.com/134665451.htm,"Cho thuê nhà Định Công, Giải Phóng, 30m*4T, 3 ngủ, 8 triệu",8000000,8 triệu/tháng,30.0,30.0,3.0,3.0,Cơ bản,Hà Nội,Hoàng Mai,Định Công,Phố Định Công - Phường Định Công - Quận Hoàng Mai,2026-09-16,2026-09-17
nhatot,nt_134732433,nha_rieng,https://www.nhatot.com/134732433.htm,"Chính chủ cho thuê nhà 3 tầng, 32m2, giá 7tr5 ngõ 23/72/7 Đức Diễn",7500000,"7,5 triệu/tháng",32.0,32.0,2.0,,,Hà Nội,Bắc Từ Liêm,Phúc Diễn,Ngõ 23 Đường Đức Diễn - Phường Phúc Diễn - Quận Bắc Từ Liêm,2026-09-16,2026-09-17
nhatot,nt_134732241,nha_rieng,https://www.nhatot.com/134732241.htm,Cho thuê căn hộ khép kín nhà mới,13000000,13 triệu/tháng,56.0,56.0,4.0,,,Hà Nội,Hoàng Mai,Thịnh Liệt,Ngõ 42 Thịnh Liệt - Phường Thịnh Liệt - Quận Hoàng Mai,2026-09-16,2026-09-17
nhatot,nt_134732226,nha_rieng,https://www.nhatot.com/134732226.htm,"Kim Hoa, Đống Đa – Nhà nguyên căn 4 tầng, 2 ngủ, full đồ, 11tr",11000000,11 triệu/tháng,24.0,24.0,3.0,2.0,,Hà Nội,Đống Đa,Quốc Tử Giám,Kim Hoa - Phường Quốc Tử Giám - Quận Đống Đa,2026-09-16,2026-09-17
nhatot,nt_134731361,nha_rieng,https://www.nhatot.com/134731361.htm,Cho thuê tầng 1 và 2. ,5000000,5 triệu/tháng,50.0,50.0,3.0,1.0,Cơ bản,Hà Nội,Hà Đông,Phú Lương,Đường Huyền Kỳ - Phường Phú Lương - Quận Hà Đông,2026-09-16,2026-09-17
nhatot,nt_134731042,nha_rieng,https://www.nhatot.com/134731042.htm,"CHÍNH CHỦ CHO THUÊ NHÀ TẬP THỂ - NGÕ 118 NGUYỄN KHÁNH TOÀN, CẦU GIẤY",4500000,"4,5 triệu/tháng",36.0,36.0,2.0,,,Hà Nội,Cầu Giấy,Nghĩa Đô,Ngõ 118 Nguyễn Khánh Toàn - Phường Nghĩa Đô - Quận Cầu Giấy,2026-09-16,2026-09-17
nhatot,nt_134730494,nha_rieng,https://www.nhatot.com/134730494.htm,CHO THUÊ NHÀ NGUYÊN CĂN,8000000,8 triệu/tháng,82.0,82.0,2.0,,,Hà Nội,Thanh Trì,Yên Mỹ,xóm 9 - Xã Yên Mỹ - Huyện Thanh Trì,2026-09-16,2026-09-17
nhatot,nt_134730376,nha_rieng,https://www.nhatot.com/134730376.htm,Cho thuê nhà nguyên căn tại mặt phố quang trung hà đông,2000000,2 triệu/tháng,32.0,32.0,3.0,3.0,Đầy đủ,Hà Nội,Hà Đông,Quang Trung,Đường Quang Trung - Phường Quang Trung - Quận Hà Đông,2026-09-16,2026-09-17
nhatot,nt_134385775,nha_rieng,https://www.nhatot.com/134385775.htm,NHÀ NGUYÊN CĂN. Ô TÔ. KINH DOANH. Ở NGAY.,12000000,12 triệu/tháng,55.0,55.0,3.0,4.0,Đầy đủ,Hà Nội,Thanh Xuân,Phương Liệt,lê trọng tấn - Phường Phương Liệt - Quận Thanh Xuân,2026-09-16,2026-09-17
nhatot,nt_134558714,nha_rieng,https://www.nhatot.com/134558714.htm,cho thuê nhà 4 tầng tại Xuân Đỉnh,9000000,9 triệu/tháng,40.0,40.0,3.0,3.0,Đầy đủ,Hà Nội,Bắc Từ Liêm,Xuân Đỉnh,Ngõ 207 Xuân Đỉnh - Phường Xuân Đỉnh - Quận Bắc Từ Liêm,2026-09-16,2026-09-17
nhatot,nt_134728479,nha_rieng,https://www.nhatot.com/134728479.htm,"Cho thuê nhà Nguyên Căn Tư Đình, Bát Khối, gần cầu Trần Hưng Đạo",10000000,10 triệu/tháng,30.0,30.0,3.0,4.0,Đầy đủ,Hà Nội,Long Biên,Long Biên,Đường Bát Khối - Phường Long Biên - Quận Long Biên,2026-09-16,2026-09-17
nhatot,nt_134590292,nha_rieng,https://www.nhatot.com/134590292.htm,CHÍNH CHỦ CHO THUÊ NHÀ NGUYÊN CĂN 649/77 PHỐ LĨNH NAM HOÀNG MAI DT 40M,11500000,"11,5 triệu/tháng",40.0,40.0,5.0,4.0,Đầy đủ,Hà Nội,Hoàng Mai,Lĩnh Nam,Đường Lĩnh Nam - Phường Lĩnh Nam - Quận Hoàng Mai,2026-09-16,2026-09-17
nhatot,nt_134720850,nha_rieng,https://www.nhatot.com/134720850.htm,"CHO THUÊ NHÀ NGUYÊN CĂN, ĐẸP, ĐẦY ĐỦ NỘI THẤT, 45M2, GIÁ 10TR",10000000,10 triệu/tháng,45.0,45.0,3.0,3.0,Đầy đủ,Hà Nội,Long Biên,Bồ Đề,Đường Nguyễn Văn Cừ - Phường Bồ Đề - Quận Long Biên,2026-09-16,2026-09-17
nhatot,nt_134612909,nha_rieng,https://www.nhatot.com/134612909.htm,"Cần cho thuê nhà riêng 3 tầng ngõ 211 Khương Trung, Hà Nội.",10500000,"10,5 triệu/tháng",35.0,35.0,3.0,2.0,Đầy đủ,Hà Nội,Thanh Xuân,Khương Trung,Ngõ 211/149 Khương Trung - Phường Khương Trung - Quận Thanh Xuân,2026-09-16,2026-09-17
nhatot,nt_134664081,nha_rieng,https://www.nhatot.com/134664081.htm,cho thuê cả nhà 5 tầng 3 ngủ khách bếp,8000000,8 triệu/tháng,22.0,22.0,3.0,3.0,,Hà Nội,Đống Đa,Ô Chợ Dừa,Ngach 115 Nguyễn Lương Bằng - Phường Ô Chợ Dừa - Quận Đống Đa,2026-09-16,2026-09-17
nhatot,nt_134556653,nha_rieng,https://www.nhatot.com/134556653.htm,"CHÍNH CHỦ CHO THUÊ NHÀ NGUYÊN CĂN 4T 43m2, oto đỗ trước cửa",13000000,13 triệu/tháng,43.0,43.0,4.0,3.0,Đầy đủ,Hà Nội,Ba Đình,Phúc Xá,Đường Hồng Hà - Phường Phúc Xá - Quận Ba Đình,2026-09-16,2026-09-17
nhatot,nt_134719961,nha_rieng,https://www.nhatot.com/134719961.htm,"CHO THUÊ NHÀ NGUYÊN CĂN, NGÔ GIA TỰ, VIỆT HƯNG, 40M2, GIÁ 10tr",10000000,10 triệu/tháng,40.0,40.0,3.0,3.0,Đầy đủ,Hà Nội,Bắc Từ Liêm,Xuân Đỉnh,Ngõ 48 đường Ngô Gia Tự - Phường Xuân Đỉnh - Quận Bắc Từ Liêm,2026-09-16,2026-09-17
nhatot,nt_134653723,nha_rieng,https://www.nhatot.com/134653723.htm,"cho thuê nhà nguyên căn để ở , ngõ 107 Nguyễn Chí Thanh , Đống Đa .",15000000,15 triệu/tháng,55.0,55.0,4.0,3.0,Đầy đủ,Hà Nội,Đống Đa,Láng Hạ,Nguyễn chí Thanh ( ngõ láng trung ) - Phường Láng Hạ - Quận Đống Đa,2026-09-16,2026-09-17
nhatot,nt_134649303,nha_rieng,https://www.nhatot.com/134649303.htm,"Cho thuê nhà 3PN 3WC Đường Láng, Đống Đa – 15 triệu/tháng",15000000,15 triệu/tháng,36.0,36.0,3.0,4.0,Đầy đủ,Hà Nội,Đống Đa,Láng Thượng,Đường Láng - Phường Láng Thượng - Quận Đống Đa,2026-09-16,2026-09-17
nhatot,nt_134651811,nha_rieng,https://www.nhatot.com/134651811.htm,"Cho thuê nhà 5 phòng ngủ Hoàng Sâm, Cầu Giấy, Hà Nội",14500000,"14,5 triệu/tháng",35.0,35.0,5.0,,,Hà Nội,Cầu Giấy,Nghĩa Đô,Phố Hoàng Sâm - Phường Nghĩa Đô - Quận Cầu Giấy,2026-09-16,2026-09-17
nhatot,nt_134651430,nha_rieng,https://www.nhatot.com/134651430.htm,CHO THUÊ NHÀ ĐẸP NGUYÊN CĂN LƯƠNG ĐÌNH CỦA –KIM LIÊN |ĐỐNG ĐA,16500000,"16,5 triệu/tháng",50.0,50.0,4.0,3.0,Đầy đủ,Hà Nội,Đống Đa,Kim Liên,Phố Lương Định Của - Phường Kim Liên - Quận Đống Đa,2026-09-16,2026-09-17
nhatot,nt_134719040,nha_rieng,https://www.nhatot.com/134719040.htm,Cho thuê nhà nguyên căn ngõ 322 Mỹ Đình,17500000,"17,5 triệu/tháng",45.0,45.0,5.0,6.0,,Hà Nội,Nam Từ Liêm,Mỹ Đình 1,Đường Mỹ Đình - Phường Mỹ Đình 1 - Quận Nam Từ Liêm,2026-09-16,2026-09-17
nhatot,nt_134717736,nha_rieng,https://www.nhatot.com/134717736.htm,HIẾM! NHÀ 5T RẤT ĐẸP - HOÀNG QUỐC VIỆT – 4PN 4WC – FULL ĐỒ XỊN – 15TR,15000000,15 triệu/tháng,40.0,40.0,4.0,4.0,Đầy đủ,Hà Nội,Cầu Giấy,Nghĩa Đô,Đường Hoàng Quốc Việt - Phường Nghĩa Đô - Quận Cầu Giấy,2026-09-16,2026-09-17
nhatot,nt_134677945,nha_rieng,https://www.nhatot.com/134677945.htm,cho thuê nhà mới tinh tập thể trường xiếc 128 hồ tùng mâu,10500000,"10,5 triệu/tháng",40.0,40.0,3.0,1.0,,Hà Nội,Cầu Giấy,Mai Dịch,Đường Hồ Tùng Mậu - Phường Mai Dịch - Quận Cầu Giấy,2026-09-16,2026-09-17
nhatot,nt_134717590,nha_rieng,https://www.nhatot.com/134717590.htm,🔥 CHO THUÊ BIỆT THỰ MẶT PHỐ VÕNG THỊ - TRÍCH SÀI - 110M2 - MT 10M🔥,50000000,50 triệu/tháng,110.0,110.0,6.0,,,Hà Nội,Tây Hồ,Bưởi,Phố Võng Thị - Phường Bưởi - Quận Tây Hồ,2026-09-16,2026-09-17
nhatot,nt_134717271,nha_rieng,https://www.nhatot.com/134717271.htm,Cho thuê nhà gần Trường Tiểu Học Gia Thụy,10000000,10 triệu/tháng,45.0,45.0,3.0,3.0,Đầy đủ,Hà Nội,Long Biên,Gia Thụy,Đường Nguyễn Văn Cừ - Phường Gia Thụy - Quận Long Biên,2026-09-16,2026-09-17
nhatot,nt_133883235,nha_rieng,https://www.nhatot.com/133883235.htm,"CHO THUÊ MẶT BẰNG 21M² – 190 BỒ ĐỀ – MT 6,5M – 10TR/THÁNG",10000000,10 triệu/tháng,21.0,21.0,1.0,1.0,Đầy đủ,Hà Nội,Long Biên,Bồ Đề,Bồ Đề - Phường Bồ Đề - Quận Long Biên,2026-09-16,2026-09-17
nhatot,nt_134678162,nha_rieng,https://www.nhatot.com/134678162.htm,🏡 CHO THUÊ NHÀ NGUYÊN CĂN 7 TẦNG – FULL NỘI THẤT – THANG MÁY – Ô TÔ ĐỖ,18000000,18 triệu/tháng,40.0,40.0,5.0,,,Hà Nội,Tây Hồ,Phú Thượng,Đường An Dương Vương - Phường Phú Thượng - Quận Tây Hồ,2026-09-16,2026-09-17
nhatot,nt_133515632,nha_rieng,https://www.nhatot.com/133515632.htm,"Khu phân lô VIP Vũ Phạm Hàm rộng 100m xây 5 tầng làm VP, Kinh Doanh",48000000,48 triệu/tháng,100.0,100.0,9.0,,,Hà Nội,Cầu Giấy,Yên Hoà,Phố Vũ Phạm Hàm - Phường Yên Hoà - Quận Cầu Giấy,2026-09-16,2026-09-17
nhatot,nt_133388481,nha_rieng,https://www.nhatot.com/133388481.htm,Cho thuê nhà mặt phố 49 Tuệ Tĩnh - Hai Bà Trưng - Hà Nội,58000000,58 triệu/tháng,50.0,50.0,6.0,4.0,,Hà Nội,Hai Bà Trưng,Bùi Thị Xuân,Tuệ Tĩnh - Phường Bùi Thị Xuân - Quận Hai Bà Trưng,2026-09-16,2026-09-17
nhatot,nt_134686930,nha_rieng,https://www.nhatot.com/134686930.htm,"CHO THUÊ NHÀ 3 TẦNG X 40m2 , 3 NGỦ , TẠI VĨNH HƯNG , 7 TRIỆU",7000000,7 triệu/tháng,40.0,40.0,3.0,,,Hà Nội,Hoàng Mai,Thanh Trì,Ngõ 54 Phố Ngũ Nhạc - Phường Thanh Trì - Quận Hoàng Mai,2026-09-16,2026-09-17
nhatot,nt_133912505,nha_rieng,https://www.nhatot.com/133912505.htm,"Cho thuê tầng 1,2,3 làm văn phòng ,kinh doanh online",13000000,13 triệu/tháng,43.0,43.0,2.0,3.0,,Hà Nội,Hoàng Mai,Tương Mai,Đường Trương Định - Phường Tương Mai - Quận Hoàng Mai,2026-09-16,2026-09-17
nhatot,nt_134684232,nha_rieng,https://www.nhatot.com/134684232.htm,"NHÀ NGUYÊN CĂN MẶT ĐƯỜNG HỒ TÙNG MẬU – SÁT SIÊU THỊ, TIỆN MỌI BỀ ",15000000,15 triệu/tháng,60.0,60.0,7.0,3.0,,Hà Nội,Bắc Từ Liêm,Phú Diễn,Hồ Tùng Mậu - Phường Phú Diễn - Quận Bắc Từ Liêm,2026-09-16,2026-09-17
nhatot,nt_134693210,nha_rieng,https://www.nhatot.com/134693210.htm,"NHÀ NGUYÊN CĂN 40M² X 4 TẦNG – FULL ĐỒ |THỊNH QUANG, THÁI THỊNH",12000000,12 triệu/tháng,40.0,40.0,3.0,3.0,Đầy đủ,Hà Nội,Đống Đa,Thịnh Quang,Ngõ Thịnh Quang - Phường Thịnh Quang - Quận Đống Đa,2026-09-16,2026-09-17
nhatot,nt_134715129,nha_rieng,https://www.nhatot.com/134715129.htm,Nhà 4 Tầng Cho Thuê,12500000,"12,5 triệu/tháng",32.0,32.0,2.0,3.0,Đầy đủ,Hà Nội,Cầu Giấy,Yên Hoà,Phố Yên Hòa - Phường Yên Hoà - Quận Cầu Giấy,2026-09-16,2026-09-17
nhatot,nt_134714617,nha_rieng,https://www.nhatot.com/134714617.htm,"Cho thuê nhà nguyên căn Lương Khánh Thiện, Hoàng Mai - 50m², 4PN, full",14500000,"14,5 triệu/tháng",50.0,50.0,4.0,,,Hà Nội,Hoàng Mai,Đại Kim,Đường Lương Khánh Thiện - Phường Đại Kim - Quận Hoàng Mai,2026-09-16,2026-09-17
nhatot,nt_134714601,nha_rieng,https://www.nhatot.com/134714601.htm,"Cho thuê nhà 6 tầng thang máy Khâm Thiên, Đống Đa",17000000,17 triệu/tháng,56.0,56.0,4.0,,,Hà Nội,Đống Đa,Khâm Thiên,Ngõ Hòa Bình - Phường Khâm Thiên - Quận Đống Đa,2026-09-16,2026-09-17
nhatot,nt_134714577,nha_rieng,https://www.nhatot.com/134714577.htm,"Cho thuê nhà 40m2, 2 tầng, 2 ngủ, Âu Cơ, Tây Hồ",7000000,7 triệu/tháng,40.0,40.0,2.0,2.0,,Hà Nội,Tây Hồ,Bưởi,Âu Cơ - Phường Bưởi - Quận Tây Hồ,2026-09-16,2026-09-17
nhatot,nt_134714549,nha_rieng,https://www.nhatot.com/134714549.htm,"Cho thuê nhà 30m x 4T, Đống Đa, full nội thất",16000000,16 triệu/tháng,30.0,30.0,3.0,2.0,,Hà Nội,Đống Đa,Hàng Bột,Ngõ 221 Tôn Đức Thắng - Phường Hàng Bột - Quận Đống Đa,2026-09-16,2026-09-17
nhatot,nt_134714536,nha_rieng,https://www.nhatot.com/134714536.htm,"Cho thuê nhà riêng 40m² x 2 tầng Âu Cơ, Tây Hồ",7000000,7 triệu/tháng,40.0,40.0,2.0,2.0,,Hà Nội,Tây Hồ,Bưởi,Ngõ 238 Âu Cơ - Phường Bưởi - Quận Tây Hồ,2026-09-16,2026-09-17
nhatot,nt_134714518,nha_rieng,https://www.nhatot.com/134714518.htm,"Cho thuê nhà Lò Đúc 40m2, 2 tầng, 2 ngủ",7000000,7 triệu/tháng,40.0,40.0,2.0,2.0,,Hà Nội,Hai Bà Trưng,Phố Huế,Phố Lò Đúc - Phường Phố Huế - Quận Hai Bà Trưng,2026-09-16,2026-09-17
nhatot,nt_134714516,nha_rieng,https://www.nhatot.com/134714516.htm,"Cho thuê nhà 5 tầng Ngô Sĩ Liên, Đống Đa, Hà Nội",11000000,11 triệu/tháng,30.0,30.0,,,,Hà Nội,Đống Đa,Văn Miếu,Phố Ngô Sĩ Liên - Phường Văn Miếu - Quận Đống Đa,2026-09-16,2026-09-17
nhatot,nt_134714461,nha_rieng,https://www.nhatot.com/134714461.htm,"Cho thuê nhà nguyên căn 33m² Lĩnh Nam, Hoàng Mai",8500000,"8,5 triệu/tháng",33.0,33.0,4.0,3.0,,Hà Nội,Hoàng Mai,Lĩnh Nam,Ngõ 322 Lĩnh Nam - Phường Lĩnh Nam - Quận Hoàng Mai,2026-09-16,2026-09-17
nhatot,nt_134714439,nha_rieng,https://www.nhatot.com/134714439.htm,"Cho thuê nhà 3 tầng Âu Cơ, Tây Hồ, 5 ngủ, 10tr/tháng",10000000,10 triệu/tháng,50.0,50.0,5.0,3.0,,Hà Nội,Tây Hồ,Bưởi,Ngõ 238 Âu Cơ - Phường Bưởi - Quận Tây Hồ,2026-09-16,2026-09-17
nhatot,nt_134714431,nha_rieng,https://www.nhatot.com/134714431.htm,"Cho thuê nhà 42m2 Hoàng Văn Thái, an ninh tốt",5500000,"5,5 triệu/tháng",42.0,42.0,,,,Hà Nội,Thanh Xuân,Khương Mai,Đường Hoàng Văn Thái - Phường Khương Mai - Quận Thanh Xuân,2026-09-16,2026-09-17
nhatot,nt_134714373,nha_rieng,https://www.nhatot.com/134714373.htm,"Cho thuê nhà nguyên căn 45m² Quỳnh Lân, Vĩnh Quỳnh, Thanh Trì",8000000,8 triệu/tháng,45.0,45.0,4.0,3.0,,Hà Nội,Thanh Trì,Vĩnh Quỳnh,Xã Vĩnh Quỳnh - Huyện Thanh Trì,2026-09-16,2026-09-17
nhatot,nt_134714361,nha_rieng,https://www.nhatot.com/134714361.htm,"Cho thuê nhà 3 tầng 3 ngủ Vĩnh Quỳnh, Thanh Trì, 5tr",5000000,5 triệu/tháng,,,3.0,,,Hà Nội,Thanh Trì,Vĩnh Quỳnh,Xã Vĩnh Quỳnh - Huyện Thanh Trì,2026-09-16,2026-09-17
nhatot,nt_134714265,nha_rieng,https://www.nhatot.com/134714265.htm,"Cho thuê nhà 4tr3 ngõ 2 xóm chùa, Tứ Hiệp, Thanh Trì",4300000,"4,3 triệu/tháng",,,,,,Hà Nội,Thanh Trì,Tứ Hiệp,Ngõ 2 Xóm Chùa - Xã Tứ Hiệp - Huyện Thanh Trì,2026-09-16,2026-09-17
nhatot,nt_134714248,nha_rieng,https://www.nhatot.com/134714248.htm,"Cho thuê nhà 33m2, 4 tầng, full nội thất, Hoàng Mai",9800000,"9,8 triệu/tháng",33.0,33.0,2.0,2.0,,Hà Nội,Hoàng Mai,Đại Kim,Đường Trương Định - Phường Đại Kim - Quận Hoàng Mai,2026-09-16,2026-09-17
nhatot,nt_134714021,nha_rieng,https://www.nhatot.com/134714021.htm,"Cho thuê nhà mặt phố Thợ Nhuộm, Hoàn Kiếm, full nội thất",12500000,"12,5 triệu/tháng",35.0,35.0,1.0,,,Hà Nội,Hoàn Kiếm,Cửa Nam,Phố Thợ Nhuộm - Phường Cửa Nam - Quận Hoàn Kiếm,2026-09-16,2026-09-17
nhatot,nt_134714014,nha_rieng,https://www.nhatot.com/134714014.htm,"Cho thuê nhà nguyên căn có thang máy, 5 tầng, Bùi Huy Bích, Hoàng Mai",13000000,13 triệu/tháng,35.0,35.0,3.0,4.0,,Hà Nội,Hoàng Mai,Mai Động,Bùi Huy Bích - Phường Mai Động - Quận Hoàng Mai,2026-09-16,2026-09-17
nhatot,nt_134714006,nha_rieng,https://www.nhatot.com/134714006.htm,"Cho thuê nhà 37m2, 2 tầng, 2 ngủ tại Vĩnh Hưng, Hoàng Mai",6000000,6 triệu/tháng,37.0,37.0,2.0,1.0,,Hà Nội,Hoàng Mai,Vĩnh Hưng,Phường Vĩnh Hưng - Quận Hoàng Mai,2026-09-16,2026-09-17
nhatot,nt_134713956,nha_rieng,https://www.nhatot.com/134713956.htm,"Cho thuê nhà 4 tầng Ngũ Nhạc, Vĩnh Hưng, Hoàng Mai",9000000,9 triệu/tháng,30.0,30.0,2.0,3.0,,Hà Nội,Hoàng Mai,Vĩnh Hưng,Ngõ 80 Ngũ Nhạc - Phường Vĩnh Hưng - Quận Hoàng Mai,2026-09-16,2026-09-17
nhatot,nt_134713950,nha_rieng,https://www.nhatot.com/134713950.htm,"Cho thuê nhà nguyên căn Định Công Thượng, 30m2x2 tầng, 5m ra ô tô",7000000,7 triệu/tháng,30.0,30.0,,,,Hà Nội,Hoàng Mai,Định Công,Ngõ 230 Định Công Thượng - Phường Định Công - Quận Hoàng Mai,2026-09-16,2026-09-17
nhatot,nt_134713931,nha_rieng,https://www.nhatot.com/134713931.htm,"Cho thuê nhà Hoàng Mai 27m2 x 4 tầng, 9 triệu",9000000,9 triệu/tháng,27.0,27.0,2.0,2.0,,Hà Nội,Hoàng Mai,Hoàng Văn Thụ,Đường Hoàng Mai - Phường Hoàng Văn Thụ - Quận Hoàng Mai,2026-09-16,2026-09-17
nhatot,nt_134713929,nha_rieng,https://www.nhatot.com/134713929.htm,"Cho thuê nhà nguyên căn 25m2 Tân Mai, Hoàng Mai",9000000,9 triệu/tháng,25.0,25.0,,,,Hà Nội,Hoàng Mai,Tân Mai,Tân Mai - Phường Tân Mai - Quận Hoàng Mai,2026-09-16,2026-09-17
nhatot,nt_134713903,nha_rieng,https://www.nhatot.com/134713903.htm,"Cho thuê nhà ngõ 99 Định Công Hạ, Hoàng Mai, 3PN",7500000,"7,5 triệu/tháng",25.0,25.0,3.0,,,Hà Nội,Hoàng Mai,Định Công,Ngõ 99 Định Công Hạ - Phường Định Công - Quận Hoàng Mai,2026-09-16,2026-09-17
nhatot,nt_134713897,nha_rieng,https://www.nhatot.com/134713897.htm,"Cho thuê nhà Vĩnh Ninh, 3PN, ô tô đỗ cửa",5000000,5 triệu/tháng,55.0,55.0,3.0,,,Hà Nội,Đông Anh,Thị trấn Đông Anh,Ngõ thông - Thị trấn Đông Anh - Huyện Đông Anh,2026-09-16,2026-09-17
nhatot,nt_134713890,nha_rieng,https://www.nhatot.com/134713890.htm,"Cho thuê nhà nguyên căn 35m² Kim Ngưu, Hai Bà Trưng",12000000,12 triệu/tháng,35.0,35.0,3.0,4.0,,Hà Nội,Hai Bà Trưng,Cầu Dền,Ngõ 121 Kim Ngưu - Phường Cầu Dền - Quận Hai Bà Trưng,2026-09-16,2026-09-17
nhatot,nt_134713852,nha_rieng,https://www.nhatot.com/134713852.htm,"Cho thuê nhà 55m2 lô góc 4 tầng Hai Bà Trưng, gần Hồ Võ Thị Sáu",18500000,"18,5 triệu/tháng",55.0,55.0,4.0,,,Hà Nội,Hai Bà Trưng,Bùi Thị Xuân,Đường Võ Thị Sáu - Phường Bùi Thị Xuân - Quận Hai Bà Trưng,2026-09-16,2026-09-17
nhatot,nt_134713816,nha_rieng,https://www.nhatot.com/134713816.htm,"Cho thuê nhà nguyên căn 32m² x 4 tầng, 3PN Hoàng Mai",10000000,10 triệu/tháng,32.0,32.0,3.0,3.0,,Hà Nội,Hoàng Mai,Tân Mai,Ngõ 150 Tân Khai - Phường Tân Mai - Quận Hoàng Mai,2026-09-16,2026-09-17
nhatot,nt_134713814,nha_rieng,https://www.nhatot.com/134713814.htm,"Cho thuê nhà nguyên căn Hoàng Quốc Việt, Cầu Giấy, 30m2 x 3 tầng",8500000,"8,5 triệu/tháng",30.0,30.0,2.0,2.0,,Hà Nội,Cầu Giấy,Nghĩa Tân,Đường Hoàng Quốc Việt - Phường Nghĩa Tân - Quận Cầu Giấy,2026-09-16,2026-09-17
nhatot,nt_134713801,nha_rieng,https://www.nhatot.com/134713801.htm,"Cho thuê nhà nguyên căn 121 Nguyễn Chí, Hoàng Mai, 7 triệu",7000000,7 triệu/tháng,20.0,20.0,3.0,2.0,,Hà Nội,Hoàng Mai,Hoàng Liệt,Đường Nguyễn Chí - Phường Hoàng Liệt - Quận Hoàng Mai,2026-09-16,2026-09-17
nhatot,nt_134713778,nha_rieng,https://www.nhatot.com/134713778.htm,"Cho thuê nhà 2 tầng 6 triệu tại Nam Dư, Lĩnh Nam",6000000,6 triệu/tháng,,,,2.0,,Hà Nội,Hoàng Mai,Lĩnh Nam,Ngõ 180 Nam Dư - Phường Lĩnh Nam - Quận Hoàng Mai,2026-09-16,2026-09-17
nhatot,nt_134713716,nha_rieng,https://www.nhatot.com/134713716.htm,"Nhà nguyên căn mặt phố Bùi Ngọc Dương, Hai Bà Trưng, kinh doanh",15500000,"15,5 triệu/tháng",40.0,40.0,,,,Hà Nội,Hai Bà Trưng,Cầu Dền,Đường Bùi Ngọc Dương - Phường Cầu Dền - Quận Hai Bà Trưng,2026-09-15,2026-09-17
nhatot,nt_134713705,nha_rieng,https://www.nhatot.com/134713705.htm,"Cho thuê nhà 50m2, 3.5 tầng, 3 ngủ, Hai Bà Trưng",12000000,12 triệu/tháng,50.0,50.0,3.0,2.0,,Hà Nội,Hai Bà Trưng,Đồng Tâm,Ngõ Tạ Quang Bửu - Phường Đồng Tâm - Quận Hai Bà Trưng,2026-09-15,2026-09-17
nhatot,nt_134713661,nha_rieng,https://www.nhatot.com/134713661.htm,"Cho thuê nhà nguyên căn 2PN Khuyến Lương, Hoàng Mai, full đồ",7000000,7 triệu/tháng,,,2.0,2.0,,Hà Nội,Hoàng Mai,Hoàng Liệt,Đường Khuyến Lương - Phường Hoàng Liệt - Quận Hoàng Mai,2026-09-15,2026-09-17
nhatot,nt_134713638,nha_rieng,https://www.nhatot.com/134713638.htm,"Cho thuê nhà nguyên căn Tân Mai, Hoàng Mai, 35m2 x 5 tầng",11000000,11 triệu/tháng,35.0,35.0,3.0,4.0,,Hà Nội,Hoàng Mai,Tân Mai,Ngõ 147 Tân Mai - Phường Tân Mai - Quận Hoàng Mai,2026-09-15,2026-09-17
nhatot,nt_134713632,nha_rieng,https://www.nhatot.com/134713632.htm,"Cho thuê nhà Nguyên căn Minh Khai, Hoàng Mai, 5.8 Triệu",5800000,"5,8 triệu/tháng",16.0,16.0,2.0,2.0,,Hà Nội,Hoàng Mai,Đại Kim,Ngõ Hoà Bình - Phường Đại Kim - Quận Hoàng Mai,2026-09-15,2026-09-17
nhatot,nt_134713568,nha_rieng,https://www.nhatot.com/134713568.htm,Cho thuê nhà 5 tầng full đồ Tựu Liệt 7.5 tr,7500000,"7,5 triệu/tháng",,,,,,Hà Nội,Thanh Trì,Thị trấn Văn Điển,Đường Tựu Liệt - Thị trấn Văn Điển - Huyện Thanh Trì,2026-09-15,2026-09-17
nhatot,nt_134713551,nha_rieng,https://www.nhatot.com/134713551.htm,"Cho thuê nhà riêng 40m2, 5 ngủ tại Vĩnh Hưng",9000000,9 triệu/tháng,40.0,40.0,5.0,3.0,,Hà Nội,Hoàng Mai,Vĩnh Hưng,Phường Vĩnh Hưng - Quận Hoàng Mai,2026-09-15,2026-09-17
nhatot,nt_134713549,nha_rieng,https://www.nhatot.com/134713549.htm,"Cho thuê nhà riêng Lĩnh Nam, 4 ngủ, 9tr/tháng",9000000,9 triệu/tháng,25.0,25.0,4.0,4.0,,Hà Nội,Hoàng Mai,Lĩnh Nam,Phường Lĩnh Nam - Quận Hoàng Mai,2026-09-15,2026-09-17
nhatot,nt_134713545,nha_rieng,https://www.nhatot.com/134713545.htm,"Cho thuê nhà nguyên căn Lò Đúc, Hai Bà Trưng, 6.5 triệu",6500000,"6,5 triệu/tháng",25.0,25.0,2.0,2.0,,Hà Nội,Hai Bà Trưng,Phạm Đình Hổ,Lò Đúc - Phường Phạm Đình Hổ - Quận Hai Bà Trưng,2026-09-15,2026-09-17
nhatot,nt_134713350,nha_rieng,https://www.nhatot.com/134713350.htm,Chính chủ cho thuê nhà nguyên căn phố Huỳnh Tấn Phát - Long Biên,10000000,10 triệu/tháng,40.0,40.0,3.0,4.0,Đầy đủ,Hà Nội,Long Biên,Thạch Bàn,Phố Huỳnh Tấn Phát - Phường Thạch Bàn - Quận Long Biên,2026-09-15,2026-09-17
nhatot,nt_134712691,nha_rieng,https://www.nhatot.com/134712691.htm,Cho thuê nhà đẹp 5 tầng Thang Máy ở Khu Chợ Trời - Hai Bà Trưng,18000000,18 triệu/tháng,38.0,38.0,3.0,4.0,Đầy đủ,Hà Nội,Hai Bà Trưng,Phố Huế,Phố Lê Gia Đỉnh - Phường Phố Huế - Quận Hai Bà Trưng,2026-09-15,2026-09-17
nhatot,nt_134584874,nha_rieng,https://www.nhatot.com/134584874.htm,"CHO THUÊ NHÀ NGUYÊN CĂN 5 TẦNG – 3PN, 3WC – ĐỦ ĐIỀU HÒA, NÓNG LẠNH",9000000,9 triệu/tháng,36.0,36.0,3.0,,,Hà Nội,Hoài Đức,Vân Canh,Đường Kim Hoàng - Xã Vân Canh - Huyện Hoài Đức,2026-09-15,2026-09-17
nhatot,nt_134712075,nha_rieng,https://www.nhatot.com/134712075.htm,Cho hộ gia đình thuê nhà ở,5500000,"5,5 triệu/tháng",15.0,15.0,2.0,2.0,,Hà Nội,Hai Bà Trưng,Bạch Mai,Minh khai - Phường Bạch Mai - Quận Hai Bà Trưng,2026-09-15,2026-09-17
nhatot,nt_134711889,nha_rieng,https://www.nhatot.com/134711889.htm,"Nhà mới  4 tầng như ảnh chụp , full đồ, trung tâm phó Tôn  Đức Thắng",12000000,12 triệu/tháng,30.0,30.0,5.0,4.0,Đầy đủ,Hà Nội,Đống Đa,Văn Miếu,Phố Tôn Đức Thắng - Phường Văn Miếu - Quận Đống Đa,2026-09-15,2026-09-17
nhatot,nt_134709096,nha_rieng,https://www.nhatot.com/134709096.htm,cho thuê tầng 1 khu đô thị văn phú,12000000,12 triệu/tháng,90.0,90.0,1.0,,,Hà Nội,Hà Đông,Phú La,Lê Trọng Tấn - Phường Phú La - Quận Hà Đông,2026-09-15,2026-09-17
nhatot,nt_134708624,nha_rieng,https://www.nhatot.com/134708624.htm,CHO THUÊ NHÀ C4 NGAY CỔNG KĐT HINODE LAI XÁ,4500000,"4,5 triệu/tháng",45.0,45.0,2.0,1.0,,Hà Nội,Hoài Đức,Kim Chung,Khu Đô Thị hindo Royal Park - Xã Kim Chung - Huyện Hoài Đức,2026-09-15,2026-09-17
nhatot,nt_134706720,nha_rieng,https://www.nhatot.com/134706720.htm,CHO THUÊ NHÀ 5 TẦNG – NGÕ 55 THANH LÂN**,11000000,11 triệu/tháng,30.0,30.0,3.0,4.0,,Hà Nội,Hoàng Mai,Lĩnh Nam,Phố Thanh Lân - Phường Lĩnh Nam - Quận Hoàng Mai,2026-09-15,2026-09-17
nhatot,nt_134706125,nha_rieng,https://www.nhatot.com/134706125.htm,"CHO THUÊ NHÀ 4 TẦNG, Phố Hoàng Văn Thái, Thanh Xuân, Hà Nội",13500000,"13,5 triệu/tháng",60.0,60.0,3.0,3.0,,Hà Nội,Thanh Xuân,Khương Trung,Ngõ 69B Phố Hoàng Văn Thái - Phường Khương Trung - Quận Thanh Xuân,2026-09-15,2026-09-17
nhatot,nt_134705747,nha_rieng,https://www.nhatot.com/134705747.htm,nhà ngõ 214 khương trung 80m x4T ô tô đỗ cửa,17000000,17 triệu/tháng,80.0,80.0,4.0,,,Hà Nội,Thanh Xuân,Khương Trung,khương trung - Phường Khương Trung - Quận Thanh Xuân,2026-09-15,2026-09-17
nhatot,nt_134705682,nha_rieng,https://www.nhatot.com/134705682.htm,Chính chủ cần cho thuê nhà 5 tầng ngõ 2 đường Nguyễn Chánh oto đỗ cửa,38000000,38 triệu/tháng,50.0,50.0,7.0,,,Hà Nội,Cầu Giấy,Trung Hoà,Nguyễn Chánh - Phường Trung Hoà - Quận Cầu Giấy,2026-09-15,2026-09-17
nhatot,nt_134634192,nha_rieng,https://www.nhatot.com/134634192.htm,"Nhà nguyên căn Trung kính lớn 35m xây 4 tầng giá 15tr ở gđ, kinh doanh",15000000,15 triệu/tháng,35.0,35.0,4.0,,,Hà Nội,Cầu Giấy,Yên Hoà,Ngõ 100 Trung Kính - Phường Yên Hoà - Quận Cầu Giấy,2026-09-15,2026-09-17
nhatot,nt_134704341,nha_rieng,https://www.nhatot.com/134704341.htm,Cho thuê nhà riêng cấp 4 - 57m2 tại ngõ 68 Phố Nhổn,4000000,4 triệu/tháng,57.0,57.0,2.0,,,Hà Nội,Bắc Từ Liêm,Tây Tựu,Phố Nhổn - Phường Tây Tựu - Quận Bắc Từ Liêm,2026-09-15,2026-09-17
nhatot,nt_134403960,nha_rieng,https://www.nhatot.com/134403960.htm,Nguyên căn Hoàng Hoa Thám Ba Đình Ô tô vỉa hè KD 5 tẫng3 N giá 13 tr,13000000,13 triệu/tháng,28.0,28.0,3.0,,,Hà Nội,Ba Đình,Đội Cấn,Hoàng Hoa Thám - Phường Đội Cấn - Quận Ba Đình,2026-09-15,2026-09-17
nhatot,nt_134703904,nha_rieng,https://www.nhatot.com/134703904.htm,Cho thuê nhà riêng ngõ 505 Trần Khát Chân- 80m2 - 4 tầng,15000000,15 triệu/tháng,80.0,80.0,3.0,,,Hà Nội,Hai Bà Trưng,Bạch Mai,Trần Khát Chân - Phường Bạch Mai - Quận Hai Bà Trưng,2026-09-15,2026-09-17
nhatot,nt_134703721,nha_rieng,https://www.nhatot.com/134703721.htm,Cho thuê nhà riêng ngõ 147 Tân Mai -40m2-4 tầng -4 ngủ,12000000,12 triệu/tháng,40.0,40.0,4.0,,,Hà Nội,Hoàng Mai,Tân Mai,Phố Tân Mai - Phường Tân Mai - Quận Hoàng Mai,2026-09-15,2026-09-17
nhatot,nt_134703662,nha_rieng,https://www.nhatot.com/134703662.htm,CHO THUÊ NHÀ KHU BIỆT THỰ HDI TÂY HỒ – NGÕ 158 VÕ CHÍ CÔNG,21000000,21 triệu/tháng,50.0,50.0,3.0,4.0,,Hà Nội,Tây Hồ,Thụy Khuê,đuờng võ chí công - Phường Thụy Khuê - Quận Tây Hồ,2026-09-15,2026-09-17
nhatot,nt_134703657,nha_rieng,https://www.nhatot.com/134703657.htm,Cho thuê nhà riêng ngõ 236 Đại Tử -42m2-4 tầng -4 ngủ,11000000,11 triệu/tháng,42.0,42.0,4.0,,,Hà Nội,Hoàng Mai,Hoàng Liệt,Phố Đại Từ - Phường Hoàng Liệt - Quận Hoàng Mai,2026-09-15,2026-09-17
nhatot,nt_134720839,nha_rieng,https://www.nhatot.com/134720839.htm,Cho thuê nhà đẹp 3 ngủ Khu Dương Văn Bé,9000000,9 triệu/tháng,33.0,33.0,2.0,3.0,Đầy đủ,Hà Nội,Hai Bà Trưng,Vĩnh Tuy,Phố Dương Văn Bé - Phường Vĩnh Tuy - Quận Hai Bà Trưng,2026-09-16,2026-09-17
nhatot,nt_134706443,nha_rieng,https://www.nhatot.com/134706443.htm,"CHO THUÊ NHÀ NGUYÊN CĂN – SAU VIỆN NÔNG NGHIỆP, THANH TRÌ",7500000,"7,5 triệu/tháng",60.0,60.0,4.0,3.0,,Hà Nội,Thanh Trì,Ngọc Hồi,Ngọc Hồi  - Xã Ngọc Hồi - Huyện Thanh Trì,2026-09-16,2026-09-17
nhatot,nt_134705342,nha_rieng,https://www.nhatot.com/134705342.htm,Cho thuê nguyên căn nhà riêng 5 ngủ 4wc nội thất đầy đủ,16000000,16 triệu/tháng,40.0,40.0,5.0,,Đầy đủ,Hà Nội,Hoàng Mai,Tân Mai,Phố Tân Mai - Phường Tân Mai - Quận Hoàng Mai,2026-09-16,2026-09-17
nhatot,nt_134692877,nha_rieng,https://www.nhatot.com/134692877.htm,CHO THUÊ NHÀ RIÊNG 4 NGỦ FULL NỘI THẤT NGÕ 29 KHƯƠNG HẠ – 12 TRIỆU,12000000,12 triệu/tháng,45.0,45.0,4.0,3.0,Đầy đủ,Hà Nội,Thanh Xuân,Hạ Đình,Phố Khương Hạ - Phường Hạ Đình - Quận Thanh Xuân,2026-09-16,2026-09-17
nhatot,nt_134713552,nha_rieng,https://www.nhatot.com/134713552.htm,CHO THUÊ NHÀ NGUYÊN CĂN – NGÕ 2 CẦU BƯƠU 🔥,9000000,9 triệu/tháng,37.0,37.0,4.0,3.0,,Hà Nội,Thanh Trì,Hữu Hoà,Cầu Bươu  - Xã Hữu Hoà - Huyện Thanh Trì,2026-09-16,2026-09-17
nhatot,nt_134697624,nha_rieng,https://www.nhatot.com/134697624.htm,"Nhà riêng biệt ,mặt ngõ thông ,oto qua tiện lợi ,cho thue lâu dài .",30000000,30 triệu/tháng,80.0,80.0,5.0,3.0,Đầy đủ,Hà Nội,Đống Đa,Cát Linh,Phố Hào Nam - Phường Cát Linh - Quận Đống Đa,2026-09-16,2026-09-17
nhatot,nt_134702474,nha_rieng,https://www.nhatot.com/134702474.htm,"Cho thuê nhà nguyên căn ngõ 175 Lạc Long Quân, Bưởi, Thụy Khuê",15000000,15 triệu/tháng,50.0,50.0,4.0,3.0,,Hà Nội,Tây Hồ,Bưởi,Đường Lạc Long Quân - Phường Bưởi - Quận Tây Hồ,2026-09-15,2026-09-17
nhatot,nt_134702270,nha_rieng,https://www.nhatot.com/134702270.htm,"Cho thuê nhà nguyên căn ngõ 295 Bạch Mai, Hai Bà Trưng",11000000,11 triệu/tháng,43.0,43.0,,,,Hà Nội,Hai Bà Trưng,Bạch Mai,Ngõ 295 Bạch Mai - Phường Bạch Mai - Quận Hai Bà Trưng,2026-09-15,2026-09-17
nhatot,nt_134702262,nha_rieng,https://www.nhatot.com/134702262.htm,"Cho thuê nhà 15m x 2.5 tầng, 1PN, 2WC, gần phố Lương Đình Của, Đống Đa",8000000,8 triệu/tháng,,,1.0,2.0,,Hà Nội,Đống Đa,Kim Liên,Phố Lương Đình Của - Phường Kim Liên - Quận Đống Đa,2026-09-15,2026-09-17
nhatot,nt_134702255,nha_rieng,https://www.nhatot.com/134702255.htm,"Cho thuê nhà 40m x 4 tầng Ngõ 107 Nguyễn Chí Thanh, Láng, Đống Đa",15000000,15 triệu/tháng,40.0,40.0,4.0,4.0,,Hà Nội,Đống Đa,Láng Thượng,Ngõ 107 Nguyễn Chí Thanh - Phường Láng Thượng - Quận Đống Đa,2026-09-15,2026-09-17
nhatot,nt_134702245,nha_rieng,https://www.nhatot.com/134702245.htm,"Cho thuê nhà 50m2 x 4 tầng, 4PN, 4WC, 379 Đội Cấn, Ba Đình",14500000,"14,5 triệu/tháng",50.0,50.0,4.0,4.0,,Hà Nội,Ba Đình,Cống Vị,Đội Cấn - Phường Cống Vị - Quận Ba Đình,2026-09-15,2026-09-17
nhatot,nt_134702242,nha_rieng,https://www.nhatot.com/134702242.htm,"Cho thuê nhà riêng 30m x 6 tầng, 3PN, 9tr/tháng, Trương Định, Hai Bà T",9000000,9 triệu/tháng,30.0,30.0,3.0,4.0,,Hà Nội,Hai Bà Trưng,Trương Định,Đường Trương Định - Phường Trương Định - Quận Hai Bà Trưng,2026-09-15,2026-09-17
nhatot,nt_134702235,nha_rieng,https://www.nhatot.com/134702235.htm,"Cho thuê nhà riêng Yên Hòa, Cầu Giấy, 45m x 4 tầng, full đồ",15000000,15 triệu/tháng,45.0,45.0,4.0,3.0,,Hà Nội,Cầu Giấy,Dịch Vọng,Ngõ Yên Hòa - Phường Dịch Vọng - Quận Cầu Giấy,2026-09-15,2026-09-17
nhatot,nt_134702217,nha_rieng,https://www.nhatot.com/134702217.htm,"Cho thuê nhà nguyên căn Âu Cơ, Tây Hồ, full nội thất",29000000,29 triệu/tháng,55.0,55.0,,,,Hà Nội,Tây Hồ,Bưởi,Đường Âu Cơ - Phường Bưởi - Quận Tây Hồ,2026-09-15,2026-09-17
nhatot,nt_134702212,nha_rieng,https://www.nhatot.com/134702212.htm,"Cho thuê nhà nguyên căn 33m2, 3.5 tầng, Khâm Thiên",10000000,10 triệu/tháng,33.0,33.0,3.0,3.0,,Hà Nội,Đống Đa,Khâm Thiên,Ngõ 1 Khâm Thiên - Phường Khâm Thiên - Quận Đống Đa,2026-09-15,2026-09-17
nhatot,nt_134702208,nha_rieng,https://www.nhatot.com/134702208.htm,"Cho thuê nhà 45m2, 4 tầng, 4 ngủ, Đội Cấn, Ba Đình",10000000,10 triệu/tháng,45.0,45.0,4.0,,,Hà Nội,Ba Đình,Đội Cấn,Đường Đội Cấn - Phường Đội Cấn - Quận Ba Đình,2026-09-15,2026-09-17
nhatot,nt_134702201,nha_rieng,https://www.nhatot.com/134702201.htm,"Cho thuê nhà 38m2 x 5 tầng, Trần Khát Chân, Hai Bà Trưng",16000000,16 triệu/tháng,38.0,38.0,,,,Hà Nội,Hai Bà Trưng,Thanh Lương,Đường Trần Khát Chân - Phường Thanh Lương - Quận Hai Bà Trưng,2026-09-15,2026-09-17
nhatot,nt_134702197,nha_rieng,https://www.nhatot.com/134702197.htm,"Cho thuê nhà 40m2 x 3 tầng, Chùa Bộc, Đống Đa, 12tr/tháng",12000000,12 triệu/tháng,40.0,40.0,3.0,2.0,,Hà Nội,Đống Đa,Trung Liệt,Phố Chùa Bộc - Phường Trung Liệt - Quận Đống Đa,2026-09-15,2026-09-17
nhatot,nt_134702186,nha_rieng,https://www.nhatot.com/134702186.htm,"Cho thuê nhà 50m2 Bạch Đằng, Hai Bà Trưng, 4PN, nhà mới",14000000,14 triệu/tháng,50.0,50.0,4.0,,,Hà Nội,Hai Bà Trưng,Bạch Đằng,Đường Bạch Đằng - Phường Bạch Đằng - Quận Hai Bà Trưng,2026-09-15,2026-09-17
nhatot,nt_134702173,nha_rieng,https://www.nhatot.com/134702173.htm,"Cho thuê nhà nguyên căn 4 tầng 1 tum phố Nghĩa Dũng, Ba Đình",8000000,8 triệu/tháng,34.0,34.0,3.0,4.0,,Hà Nội,Ba Đình,Cống Vị,Phố Nghĩa Dũng - Phường Cống Vị - Quận Ba Đình,2026-09-15,2026-09-17
nhatot,nt_134702167,nha_rieng,https://www.nhatot.com/134702167.htm,"Nhà cho thuê mặt ngõ Đội Cấn, Ba Đình, 50m² x 3 tầng, 2PN",11000000,11 triệu/tháng,50.0,50.0,2.0,2.0,,Hà Nội,Ba Đình,Ngọc Hà,Đường Đội Cấn - Phường Ngọc Hà - Quận Ba Đình,2026-09-15,2026-09-17
nhatot,nt_134702158,nha_rieng,https://www.nhatot.com/134702158.htm,Cho thuê nhà 5PN ngõ 196 Hoàng Sâm - Cầu Giấy - Hà Nội,15000000,15 triệu/tháng,35.0,35.0,5.0,4.0,,Hà Nội,Cầu Giấy,Nghĩa Đô,Đường Hoàng Sâm - Phường Nghĩa Đô - Quận Cầu Giấy,2026-09-15,2026-09-17
nhatot,nt_134702156,nha_rieng,https://www.nhatot.com/134702156.htm,"Cho thuê nhà nguyên căn 36m2, 4.5 tầng, 3PN, Đống Đa",14000000,14 triệu/tháng,36.0,36.0,3.0,,,Hà Nội,Đống Đa,Láng Thượng,Đường Láng - Phường Láng Thượng - Quận Đống Đa,2026-09-15,2026-09-17
nhatot,nt_134702148,nha_rieng,https://www.nhatot.com/134702148.htm,"Cho thuê nhà 5 tầng ngõ 127 Văn Cao, Ba Đình",12000000,12 triệu/tháng,30.0,30.0,4.0,3.0,,Hà Nội,Ba Đình,Liễu Giai,Ngõ 127 Văn Cao - Phường Liễu Giai - Quận Ba Đình,2026-09-15,2026-09-17
nhatot,nt_134702137,nha_rieng,https://www.nhatot.com/134702137.htm,"Cho thuê nhà nguyên căn Hoàng Quốc Việt, Cầu Giấy, 40m2, 3PN",15000000,15 triệu/tháng,40.0,40.0,3.0,4.0,,Hà Nội,Cầu Giấy,Dịch Vọng,Đường Hoàng Quốc Việt - Phường Dịch Vọng - Quận Cầu Giấy,2026-09-15,2026-09-17
nhatot,nt_134702126,nha_rieng,https://www.nhatot.com/134702126.htm,"Cho thuê nhà nguyên căn 100m2, 2PN, sân vườn, 12tr/tháng",12000000,12 triệu/tháng,100.0,100.0,2.0,,,Hà Nội,Tây Hồ,Bưởi,Ngõ 89 Lạc Long Quân - Phường Bưởi - Quận Tây Hồ,2026-09-15,2026-09-17
nhatot,nt_134702121,nha_rieng,https://www.nhatot.com/134702121.htm,"Cho thuê nhà nguyên căn Đào Tấn, Ba Đình, 42m2 x 4 tầng",18000000,18 triệu/tháng,42.0,42.0,,,,Hà Nội,Ba Đình,Cống Vị,Đường Đào Tấn - Phường Cống Vị - Quận Ba Đình,2026-09-15,2026-09-17
nhatot,nt_134702084,nha_rieng,https://www.nhatot.com/134702084.htm,"Cho thuê nhà Chùa Láng, Đống Đa, 50m² x 5 tầng",25000000,25 triệu/tháng,50.0,50.0,,,,Hà Nội,Đống Đa,Láng Thượng,Chùa Láng - Phường Láng Thượng - Quận Đống Đa,2026-09-15,2026-09-17
nhatot,nt_134702079,nha_rieng,https://www.nhatot.com/134702079.htm,"Cho thuê nhà riêng có thang máy, 40m x 5 tầng, Hoàng Hoa Thám, Ba Đình",18000000,18 triệu/tháng,40.0,40.0,3.0,,,Hà Nội,Ba Đình,Cống Vị,Hoàng Hoa Thám - Phường Cống Vị - Quận Ba Đình,2026-09-15,2026-09-17
nhatot,nt_134702070,nha_rieng,https://www.nhatot.com/134702070.htm,"Cho thuê nhà 4 tầng Lương Thế Vinh, ô tô vào nhà, 22tr/tháng",22000000,22 triệu/tháng,80.0,80.0,4.0,,,Hà Nội,Thanh Xuân,Hạ Đình,Đường Lương Thế Vinh - Phường Hạ Đình - Quận Thanh Xuân,2026-09-15,2026-09-17
nhatot,nt_134702064,nha_rieng,https://www.nhatot.com/134702064.htm,"Cho thuê nhà 30m² x 5 tầng, 3PN, 3WC tại Ba Đình, Hà Nội",9000000,9 triệu/tháng,30.0,30.0,3.0,3.0,,Hà Nội,Ba Đình,Cống Vị,Ngõ Tân Ấp - Phường Cống Vị - Quận Ba Đình,2026-09-15,2026-09-17
nhatot,nt_134702052,nha_rieng,https://www.nhatot.com/134702052.htm,"Cho thuê nhà 25m2 x 4 tầng, 3PN, Hoàng Mai, 10tr/tháng",10000000,10 triệu/tháng,25.0,25.0,3.0,3.0,,Hà Nội,Hoàng Mai,Vĩnh Hưng,Đường Lĩnh Nam - Phường Vĩnh Hưng - Quận Hoàng Mai,2026-09-15,2026-09-17
nhatot,nt_134702049,nha_rieng,https://www.nhatot.com/134702049.htm,"Cho thuê nhà nguyên căn Thụy Khuê, Ba Đình",11000000,11 triệu/tháng,,,2.0,,,Hà Nội,Ba Đình,Cống Vị,Thụy Khuê - Phường Cống Vị - Quận Ba Đình,2026-09-15,2026-09-17
nhatot,nt_134701981,nha_rieng,https://www.nhatot.com/134701981.htm,"Cho thuê nhà riêng 20m2 x 4 tầng, 3PN, Hai Bà Trưng, Hà Nội",8000000,8 triệu/tháng,20.0,20.0,3.0,3.0,,Hà Nội,Hai Bà Trưng,Bạch Đằng,Ngõ 49 Vân Đồn - Phường Bạch Đằng - Quận Hai Bà Trưng,2026-09-15,2026-09-17
nhatot,nt_134701975,nha_rieng,https://www.nhatot.com/134701975.htm,"Cho thuê nhà ngõ 89 Lạc Long Quân, Tây Hồ, 7.8tr, ô tô",7800000,"7,8 triệu/tháng",35.0,35.0,,,,Hà Nội,Tây Hồ,Bưởi,Phố Lạc Long Quân - Phường Bưởi - Quận Tây Hồ,2026-09-15,2026-09-17
nhatot,nt_134701956,nha_rieng,https://www.nhatot.com/134701956.htm,"Cho thuê nhà nguyên căn 45m² 5 tầng, 6PN, full nội thất, ngõ ô tô - Tâ",18000000,18 triệu/tháng,45.0,45.0,6.0,5.0,,Hà Nội,Tây Hồ,Thụy Khuê,Ngõ 295 Thụy Khuê - Phường Thụy Khuê - Quận Tây Hồ,2026-09-15,2026-09-17
nhatot,nt_134701947,nha_rieng,https://www.nhatot.com/134701947.htm,"Cho thuê nhà 75m2, 3PN, full nội thất, Thái Hà, Đống Đa",17000000,17 triệu/tháng,75.0,75.0,3.0,3.0,,Hà Nội,Đống Đa,Cát Linh,Ngõ 278 Thái Hà - Phường Cát Linh - Quận Đống Đa,2026-09-15,2026-09-17
nhatot,nt_134701874,nha_rieng,https://www.nhatot.com/134701874.htm,"Cho thuê nhà nguyên căn 32m2, ngõ 105 Thụy Khuê",7000000,7 triệu/tháng,32.0,32.0,2.0,,,Hà Nội,Ba Đình,Cống Vị,Ngõ 105 Thụy Khuê - Phường Cống Vị - Quận Ba Đình,2026-09-15,2026-09-17
nhatot,nt_134701868,nha_rieng,https://www.nhatot.com/134701868.htm,"Cho thuê nhà 60m x 4 tầng, 4PN, ô tô vào nhà, Hoàng Mai",16000000,16 triệu/tháng,60.0,60.0,4.0,,,Hà Nội,Hoàng Mai,Định Công,Đường Lê Trọng Tấn - Phường Định Công - Quận Hoàng Mai,2026-09-15,2026-09-17
nhatot,nt_134701862,nha_rieng,https://www.nhatot.com/134701862.htm,"Cho thuê nhà riêng 30m2, 5 tầng, 3PN, Tây Hồ",10000000,10 triệu/tháng,30.0,30.0,3.0,4.0,,Hà Nội,Tây Hồ,Phú Thượng,Võ Chí Công - Phường Phú Thượng - Quận Tây Hồ,2026-09-15,2026-09-17
nhatot,nt_134701849,nha_rieng,https://www.nhatot.com/134701849.htm,"Cho thuê nhà phố Đào Tấn, Ba Đình, kinh doanh nhỏ",24000000,24 triệu/tháng,70.0,70.0,4.0,,,Hà Nội,Ba Đình,Ngọc Khánh,Đường Đào Tấn - Phường Ngọc Khánh - Quận Ba Đình,2026-09-15,2026-09-17
nhatot,nt_134701845,nha_rieng,https://www.nhatot.com/134701845.htm,"Cho thuê nhà nguyên căn 25m x 5 tầng, 5 phòng, Đặng Văn Ngữ, Đống Đa",9000000,9 triệu/tháng,25.0,25.0,,,,Hà Nội,Đống Đa,Khâm Thiên,Đường Đặng Văn Ngữ - Phường Khâm Thiên - Quận Đống Đa,2026-09-15,2026-09-17
nhatot,nt_134701835,nha_rieng,https://www.nhatot.com/134701835.htm,"Cho thuê nhà 60m*5 tầng Đường Bưởi, Ba Đình, HN",25000000,25 triệu/tháng,,,,,,Hà Nội,Ba Đình,Cống Vị,Đường Bưởi - Phường Cống Vị - Quận Ba Đình,2026-09-15,2026-09-17
nhatot,nt_134701825,nha_rieng,https://www.nhatot.com/134701825.htm,"Cho thuê nhà nguyên căn Đặng Thai Mai, Tây Hồ, full đồ",19000000,19 triệu/tháng,40.0,40.0,3.0,3.0,,Hà Nội,Tây Hồ,Quảng An,Ngõ Đặng Thai Mai - Phường Quảng An - Quận Tây Hồ,2026-09-15,2026-09-17
nhatot,nt_134701814,nha_rieng,https://www.nhatot.com/134701814.htm,"Cho thuê nhà nguyên căn Thụy Khuê, Tây Hồ, Hà Nội",12000000,12 triệu/tháng,70.0,70.0,2.0,2.0,,Hà Nội,Tây Hồ,Thụy Khuê,Ngõ Thụy Khuê - Phường Thụy Khuê - Quận Tây Hồ,2026-09-15,2026-09-17
nhatot,nt_134393633,nha_rieng,https://www.nhatot.com/134393633.htm,Nhà riêng ngõ phố minh khai thông mai động dt31m2x5t giá 12tr,12000000,12 triệu/tháng,30.0,30.0,3.0,4.0,Đầy đủ,Hà Nội,Hoàng Mai,Mai Động,Phố Mai Động - Phường Mai Động - Quận Hoàng Mai,2026-09-15,2026-09-17
nhatot,nt_134701809,nha_rieng,https://www.nhatot.com/134701809.htm,"Cho thuê nhà nguyên căn 2 tầng + lửng, full đồ, Dương Quảng Hàm",9500000,"9,5 triệu/tháng",,,2.0,2.0,,Hà Nội,Cầu Giấy,Quan Hoa,Đường Dương Quảng Hàm - Phường Quan Hoa - Quận Cầu Giấy,2026-09-15,2026-09-17
nhatot,nt_134701798,nha_rieng,https://www.nhatot.com/134701798.htm,"Cho thuê nhà nguyên căn Hồng Hà, Hoàn Kiếm, gần Chợ Long Biên",15000000,15 triệu/tháng,50.0,50.0,5.0,3.0,,Hà Nội,Hoàn Kiếm,Hàng Mã,Ngõ Hồng Hà - Phường Hàng Mã - Quận Hoàn Kiếm,2026-09-15,2026-09-17
nhatot,nt_134701791,nha_rieng,https://www.nhatot.com/134701791.htm,"Cho thuê nhà riêng Núi Trúc - Giảng Võ, 6 triệu/tháng",6000000,6 triệu/tháng,40.0,40.0,2.0,1.0,,Hà Nội,Ba Đình,Giảng Võ,Núi Trúc - Phường Giảng Võ - Quận Ba Đình,2026-09-15,2026-09-17
nhatot,nt_134701777,nha_rieng,https://www.nhatot.com/134701777.htm,"Cho thuê nhà nguyên căn Hoàng Hoa Thám, Ba Đình, 60m2 x 3 tầng",15000000,15 triệu/tháng,60.0,60.0,4.0,2.0,,Hà Nội,Ba Đình,Cống Vị,Hoàng Hoa Thám - Phường Cống Vị - Quận Ba Đình,2026-09-15,2026-09-17
nhatot,nt_134701767,nha_rieng,https://www.nhatot.com/134701767.htm,"Cho thuê nhà 3 tầng Đặng Văn Ngữ, Kim Liên, Đống Đa",10000000,10 triệu/tháng,50.0,50.0,2.0,2.0,,Hà Nội,Đống Đa,Kim Liên,Đường Đặng Văn Ngữ - Phường Kim Liên - Quận Đống Đa,2026-09-15,2026-09-17
nhatot,nt_134701766,nha_rieng,https://www.nhatot.com/134701766.htm,"Cho thuê nhà nguyên căn Ngõ Huy Văn, Đống Đa, 4 tầng, 30m2",9500000,"9,5 triệu/tháng",30.0,30.0,2.0,,,Hà Nội,Đống Đa,Văn Chương,Ngõ Huy Văn - Phường Văn Chương - Quận Đống Đa,2026-09-15,2026-09-17
nhatot,nt_134701745,nha_rieng,https://www.nhatot.com/134701745.htm,"Cho thuê nhà ngõ 9 Hoàng Ngọc Phách, 60m², 2PN, ô tô đỗ cửa",8000000,8 triệu/tháng,60.0,60.0,2.0,,,Hà Nội,Đống Đa,Láng Thượng,Ngõ 9 Hoàng Ngọc Phách - Phường Láng Thượng - Quận Đống Đa,2026-09-15,2026-09-17
nhatot,nt_107994883,nha_rieng,https://www.nhatot.com/107994883.htm,Cho thuê nhà ngõ 75 Phú Diễn ô tô tránh 5PN DT 55m 5 tầng 11 triệu,11000000,11 triệu/tháng,55.0,55.0,5.0,4.0,,Hà Nội,Bắc Từ Liêm,Phú Diễn,Phú Diễn - Phường Phú Diễn - Quận Bắc Từ Liêm,2026-09-15,2026-09-17
nhatot,nt_134701739,nha_rieng,https://www.nhatot.com/134701739.htm,"Cho thuê nhà sân vườn Lạc Long Quân, Tây Hồ, full đồ",12000000,12 triệu/tháng,100.0,100.0,2.0,,,Hà Nội,Tây Hồ,Xuân La,Ngõ Lạc Long Quân - Phường Xuân La - Quận Tây Hồ,2026-09-15,2026-09-17
nhatot,nt_134701735,nha_rieng,https://www.nhatot.com/134701735.htm,"Cho thuê nhà riêng 35m x 5 tầng ngõ 45 Võ Chí Công, Cầu Giấy",12000000,12 triệu/tháng,35.0,35.0,3.0,4.0,,Hà Nội,Cầu Giấy,Nghĩa Tân,Ngõ 45 Võ Chí Công - Phường Nghĩa Tân - Quận Cầu Giấy,2026-09-15,2026-09-17
nhatot,nt_134701732,nha_rieng,https://www.nhatot.com/134701732.htm,"Cho thuê nhà mặt ngõ 140 Nghĩa Dũng, Phúc Xá, 80m2 x 4 tầng",17000000,17 triệu/tháng,80.0,80.0,7.0,3.0,,Hà Nội,Ba Đình,Phúc Xá,Ngõ 140 Nghĩa Dũng - Phường Phúc Xá - Quận Ba Đình,2026-09-15,2026-09-17
nhatot,nt_134701713,nha_rieng,https://www.nhatot.com/134701713.htm,"Cho thuê nhà 27m2 x 4 tầng, 10 triệu/tháng, Ba Đình",9000000,9 triệu/tháng,27.0,27.0,,,,Hà Nội,Ba Đình,Ngọc Hà,Ngõ 70 Ngọc Hà - Phường Ngọc Hà - Quận Ba Đình,2026-09-15,2026-09-17
nhatot,nt_134701704,nha_rieng,https://www.nhatot.com/134701704.htm,"Cho thuê nhà 15m2 x 2.5 tầng ngõ 27 Lương Đình Của, Đống Đa",8000000,8 triệu/tháng,15.0,15.0,,,,Hà Nội,Đống Đa,Kim Liên,Đường Lương Đình Của - Phường Kim Liên - Quận Đống Đa,2026-09-15,2026-09-17
nhatot,nt_134701701,nha_rieng,https://www.nhatot.com/134701701.htm,"Cho thuê nhà nguyên căn ngõ Văn Cao, Ba Đình, 21tr/tháng",21000000,21 triệu/tháng,40.0,40.0,4.0,4.0,,Hà Nội,Ba Đình,Cống Vị,Ngõ Văn Cao - Phường Cống Vị - Quận Ba Đình,2026-09-15,2026-09-17
nhatot,nt_134701693,nha_rieng,https://www.nhatot.com/134701693.htm,"Cho thuê nhà ngõ ô tô đỗ cửa, 50m2, 4 tầng, 18tr/th",18000000,18 triệu/tháng,50.0,50.0,4.0,3.0,,Hà Nội,Thanh Xuân,Thanh Xuân Trung,Ngõ Khuất Duy Tiến - Phường Thanh Xuân Trung - Quận Thanh Xuân,2026-09-15,2026-09-17
nhatot,nt_134701684,nha_rieng,https://www.nhatot.com/134701684.htm,"Cho thuê nhà tầng 3 B1 Trần Huy Liệu, Ba Đình, Hà Nội",7000000,7 triệu/tháng,,,2.0,,,Hà Nội,Ba Đình,Giảng Võ,B1 Trần Huy Liệu - Phường Giảng Võ - Quận Ba Đình,2026-09-15,2026-09-17
nhatot,nt_134701624,nha_rieng,https://www.nhatot.com/134701624.htm,"Cho thuê nhà 1 tầng 50m2 Hoàng Hoa Thám, Ba Đình, 5.5tr",5500000,"5,5 triệu/tháng",50.0,50.0,1.0,1.0,,Hà Nội,Ba Đình,Cống Vị,Đường Hoàng Hoa Thám - Phường Cống Vị - Quận Ba Đình,2026-09-15,2026-09-17
nhatot,nt_134701616,nha_rieng,https://www.nhatot.com/134701616.htm,"Cho thuê nhà riêng 4 tầng Đội Cấn, Ba Đình, full nội thất",11000000,11 triệu/tháng,42.0,42.0,2.0,3.0,,Hà Nội,Ba Đình,Đội Cấn,Ngõ 379 Đội Cấn - Phường Đội Cấn - Quận Ba Đình,2026-09-15,2026-09-17
nhatot,nt_134701607,nha_rieng,https://www.nhatot.com/134701607.htm,"Cho thuê nhà nguyên căn 3PN ngõ 58 Đào Tấn, Ba Đình",14000000,14 triệu/tháng,46.0,46.0,3.0,,,Hà Nội,Ba Đình,Giảng Võ,Đường Đào Tấn - Phường Giảng Võ - Quận Ba Đình,2026-09-15,2026-09-17
nhatot,nt_134701595,nha_rieng,https://www.nhatot.com/134701595.htm,"Cho thuê nhà nguyên căn Dốc Tam Đa, Ba Đình, Hà Nội",11000000,11 triệu/tháng,25.0,25.0,2.0,,,Hà Nội,Ba Đình,Ngọc Hà,Dốc Tam Đa - Phường Ngọc Hà - Quận Ba Đình,2026-09-15,2026-09-17
nhatot,nt_134701583,nha_rieng,https://www.nhatot.com/134701583.htm,"Cho thuê nhà nguyên căn 42m2 Lạc Long Quân, Tây Hồ",11000000,11 triệu/tháng,42.0,42.0,2.0,2.0,Đầy đủ,Hà Nội,Tây Hồ,Bưởi,Ngõ 612 Lạc Long Quân - Phường Bưởi - Quận Tây Hồ,2026-09-15,2026-09-17
nhatot,nt_134701580,nha_rieng,https://www.nhatot.com/134701580.htm,"Cho thuê nhà 35m x 4 tầng, Hoàng Hoa Thám, Ba Đình, 13.5tr",13500000,"13,5 triệu/tháng",35.0,35.0,3.0,3.0,,Hà Nội,Ba Đình,Cống Vị,Đường Hoàng Hoa Thám - Phường Cống Vị - Quận Ba Đình,2026-09-15,2026-09-17
nhatot,nt_134701566,nha_rieng,https://www.nhatot.com/134701566.htm,"Cho thuê nhà ngõ 734 Kim Giang, 32m², 5 tầng, 4PN",12000000,12 triệu/tháng,32.0,32.0,4.0,,,Hà Nội,Thanh Trì,Thanh Liệt,Ngõ 734 Kim Giang - Xã Thanh Liệt - Huyện Thanh Trì,2026-09-15,2026-09-17
nhatot,nt_133527184,nha_rieng,https://www.nhatot.com/133527184.htm,CHO THUÊ NHÀ NGUYÊN CĂN VẠN PHÚC ĐẠI MỖ 45M 4 TẦNG 4PN FULL ĐỒ 9 TRIỆU,9000000,9 triệu/tháng,45.0,45.0,4.0,3.0,Đầy đủ,Hà Nội,Hà Đông,Vạn Phúc,Đường Vạn Phúc - Phường Vạn Phúc - Quận Hà Đông,2026-09-15,2026-09-17
nhatot,nt_108283579,nha_rieng,https://www.nhatot.com/108283579.htm,Cho thuê nhà nguyên căn ngõ 66 đường Hồ Tùng Mậu DT 50m2 x 4 tầng 4PN,12000000,12 triệu/tháng,50.0,50.0,4.0,3.0,Đầy đủ,Hà Nội,Cầu Giấy,Mai Dịch,66 Hồ Tùng Mậu - Phường Mai Dịch - Quận Cầu Giấy,2026-09-15,2026-09-17
nhatot,nt_134701248,nha_rieng,https://www.nhatot.com/134701248.htm,"Cho thuê nhà nguyên căn 41m2, 4.5 tầng, Ba Đình, full nội thất",15000000,15 triệu/tháng,41.0,41.0,3.0,4.0,,Hà Nội,Ba Đình,Cống Vị,Ngõ 173 Hoàng Hoa Thám - Phường Cống Vị - Quận Ba Đình,2026-09-15,2026-09-17
nhatot,nt_134700445,nha_rieng,https://www.nhatot.com/134700445.htm,NHÀ NGUYÊN CĂN BÁT KHỐI - BỒ ĐỀ,18000000,18 triệu/tháng,55.0,55.0,3.0,,,Hà Nội,Long Biên,Thạch Bàn,Đường Bát Khối - Phường Thạch Bàn - Quận Long Biên,2026-09-15,2026-09-17
nhatot,nt_134700137,nha_rieng,https://www.nhatot.com/134700137.htm,Nhà riêng ngõ phố Hàng Chuối gần Hàn Thuyên DT 55m2x4T giá 20tr.,20000000,20 triệu/tháng,55.0,55.0,4.0,3.0,Đầy đủ,Hà Nội,Hai Bà Trưng,Phạm Đình Hổ,Phố Hàng Chuối - Phường Phạm Đình Hổ - Quận Hai Bà Trưng,2026-09-15,2026-09-17
nhatot,nt_134699981,nha_rieng,https://www.nhatot.com/134699981.htm,CHO THUÊ NHÀ NGUYÊN CĂN MẶT NGÕ THÔNG PHONG,20000000,20 triệu/tháng,35.0,35.0,4.0,,,Hà Nội,Đống Đa,Quốc Tử Giám,Ngõ Thông Phong - Phường Quốc Tử Giám - Quận Đống Đa,2026-09-15,2026-09-17
nhatot,nt_134663424,nha_rieng,https://www.nhatot.com/134663424.htm,Cho thuê nhag nguyên căn TT thanh nhàn dt 100 full nội thất,10000000,10 triệu/tháng,100.0,100.0,2.0,2.0,Đầy đủ,Hà Nội,Hai Bà Trưng,Bạch Mai,Phố Thanh Nhàn - Phường Bạch Mai - Quận Hai Bà Trưng,2026-09-15,2026-09-17
nhatot,nt_134698167,nha_rieng,https://www.nhatot.com/134698167.htm,GẦN HV TÀI CHÍNH – NHÀ RIÊNG DT 200M² – SÂN Ô TÔ – 2PN – CHỈ 6 TRIỆU,6000000,6 triệu/tháng,200.0,200.0,2.0,,Đầy đủ,Hà Nội,Bắc Từ Liêm,Cổ Nhuế 2,TÂN NHUỆ - Phường Cổ Nhuế 2 - Quận Bắc Từ Liêm,2026-09-15,2026-09-17
nhatot,nt_134609318,nha_rieng,https://www.nhatot.com/134609318.htm,"Cho Thuê nhà sau sân Mỹ Đình 6,5 triệu đường nguyễn Văn Giáp",6500000,"6,5 triệu/tháng",100.0,100.0,1.0,1.0,Cơ bản,Hà Nội,Nam Từ Liêm,Phú Đô,Đường Nguyễn Văn Giáp - Phường Phú Đô - Quận Nam Từ Liêm,2026-09-15,2026-09-17
nhatot,nt_131670212,nha_rieng,https://www.nhatot.com/131670212.htm,"Nhà ngõ 1 phố Trần Quốc Hoàn, gồm 5 tầng mỗi tầng 1 phòng rộng + 1 wc",22000000,22 triệu/tháng,45.0,45.0,4.0,,,Hà Nội,Cầu Giấy,Dịch Vọng Hậu,Phố Trần Quốc Hoàn - Phường Dịch Vọng Hậu - Quận Cầu Giấy,2026-09-15,2026-09-17
nhatot,nt_134409913,nha_tro,https://www.nhatot.com/134409913.htm,Giá Tốt Sàn Văn Phòng Tại Lê Văn Lương,10000000,10 triệu/tháng,45.0,45.0,,,,Hà Nội,Thanh Xuân,Nhân Chính,Đường Lê Văn Lương - Phường Nhân Chính - Quận Thanh Xuân,2026-09-16,2026-09-17
nhatot,nt_130401437,nha_tro,https://www.nhatot.com/130401437.htm,cho thuê phòng P. Nguyên Hồng- Đống Đa,3000000,3 triệu/tháng,20.0,20.0,,,,Hà Nội,Đống Đa,Láng Hạ,Phố Nguyên Hồng - Phường Láng Hạ - Quận Đống Đa,2026-09-16,2026-09-17
nhatot,nt_134727576,nha_tro,https://www.nhatot.com/134727576.htm,"CHO THUÊ TẦNG 3, 4 - BIỆT THỰ AN VƯỢNG VILLA - DƯƠNG NỘI - HÀ NỘI",15000000,15 triệu/tháng,182.0,182.0,,,Cơ bản,Hà Nội,Hà Đông,La Khê,Tố Hữu - Phường La Khê - Quận Hà Đông,2026-09-16,2026-09-17
nhatot,nt_134727476,nha_tro,https://www.nhatot.com/134727476.htm,CHO THUÊ CHÍNH CHỦ CHUNG CƯ MINI NHỔN,5200000,"5,2 triệu/tháng",36.0,36.0,,,,Hà Nội,Bắc Từ Liêm,Tây Tựu,Phố Nhổn - Phường Tây Tựu - Quận Bắc Từ Liêm,2026-09-16,2026-09-17
nhatot,nt_133933776,nha_tro,https://www.nhatot.com/133933776.htm,"Cực rẻ! Sàn VP Sẵn bàn ghế tại Nguyễn Ngọc Vũ, DT: 30m2, giá rẻ",6000000,6 triệu/tháng,30.0,30.0,,,,Hà Nội,Thanh Xuân,Nhân Chính,số 1 Nguyễn Ngọc Vũ - Phường Nhân Chính - Quận Thanh Xuân,2026-09-16,2026-09-17
nhatot,nt_134119240,nha_tro,https://www.nhatot.com/134119240.htm,CHO THUÊ PHÒNG TRỌ GẦN TRƯỜNG ĐẠI HỌC KINH DOANH CÔNG NGHỆ HÀ NỘI,2000000,2 triệu/tháng,15.0,15.0,,,,Hà Nội,Hai Bà Trưng,Vĩnh Tuy,Ngõ 124 Vĩnh Tuy - Phường Vĩnh Tuy - Quận Hai Bà Trưng,2026-09-16,2026-09-17
nhatot,nt_134309437,nha_tro,https://www.nhatot.com/134309437.htm,"cho thuê phòng Trương Định 25m2, 1ngủ, bếp, wc, giá 2.8tr",2800000,"2,8 triệu/tháng",25.0,25.0,,,,Hà Nội,Hoàng Mai,Thịnh Liệt,Đường Trương Định - Phường Thịnh Liệt - Quận Hoàng Mai,2026-09-16,2026-09-17
nhatot,nt_134544796,nha_tro,https://www.nhatot.com/134544796.htm,Cho thuê nhà mặt phố 4 tầng Tô Vĩnh Diện 80-90m2/sàn có hầm xe,12000000,12 triệu/tháng,90.0,90.0,,,Cơ bản,Hà Nội,Thanh Xuân,Khương Trung,Tô Vĩnh Diện - Phường Khương Trung - Quận Thanh Xuân,2026-09-16,2026-09-17
nhatot,nt_134727118,nha_tro,https://www.nhatot.com/134727118.htm,"Cho thuê nhà 6 tầng có thang máy, mặt tiền 5m– Thiên Hiền, Từ Liêm",50000000,50 triệu/tháng,456.0,456.0,,,,Hà Nội,Nam Từ Liêm,Mỹ Đình 1,Thiên Hiền - Phường Mỹ Đình 1 - Quận Nam Từ Liêm,2026-09-16,2026-09-17
nhatot,nt_134344969,nha_tro,https://www.nhatot.com/134344969.htm,Phòng trọ gần trường Đại học Thăng Long,2500000,"2,5 triệu/tháng",20.0,20.0,,,,Hà Nội,Hoàng Mai,Đại Kim,Đường Kim Giang - Phường Đại Kim - Quận Hoàng Mai,2026-09-16,2026-09-17
nhatot,nt_130984511,nha_tro,https://www.nhatot.com/130984511.htm,"Văn Phòng 60m2 Mặt Phố Thuỵ Khuê Cho Thuê Giá Tốt, LH Ngay E Thuỳ Anh",12000000,12 triệu/tháng,60.0,60.0,,,,Hà Nội,Tây Hồ,Thụy Khuê,Đường Thụy Khuê - Phường Thụy Khuê - Quận Tây Hồ,2026-09-16,2026-09-17
nhatot,nt_134674782,nha_tro,https://www.nhatot.com/134674782.htm,Cho thuê phòng diện tích 30 mét vuông 31 Nguyễn Thị định Cầu Giấy Hà N,4500000,"4,5 triệu/tháng",30.0,30.0,,,,Hà Nội,Cầu Giấy,Trung Hoà,Phố Nguyễn Thị Định - Phường Trung Hoà - Quận Cầu Giấy,2026-09-16,2026-09-17
nhatot,nt_134212673,nha_tro,https://www.nhatot.com/134212673.htm,cách cổng sau 200m  trường phenika,2500000,"2,5 triệu/tháng",15.0,15.0,,,,Hà Nội,Hà Đông,Yên Nghĩa,Đường Quyết Thắng - Phường Yên Nghĩa - Quận Hà Đông,2026-09-16,2026-09-17
nhatot,nt_134684479,nha_tro,https://www.nhatot.com/134684479.htm,"Cho thuê sàn tầng 2- 100m2 Khuất Duy Tiến, T. Xuân, HN",15000000,15 triệu/tháng,100.0,100.0,,,,Hà Nội,Thanh Xuân,Thanh Xuân Trung,Đường Khuất Duy Tiến - Phường Thanh Xuân Trung - Quận Thanh Xuân,2026-09-16,2026-09-17
nhatot,nt_134338483,nha_tro,https://www.nhatot.com/134338483.htm,Cho thuê phòng phố đồng me mễ trì hà nội giá 4 triệu,4000000,4 triệu/tháng,35.0,35.0,,,,Hà Nội,Nam Từ Liêm,Mễ Trì,Phố Đồng Me - Phường Mễ Trì - Quận Nam Từ Liêm,2026-09-16,2026-09-17
nhatot,nt_134693089,nha_tro,https://www.nhatot.com/134693089.htm,Cho thuê cửa hàng,8000000,8 triệu/tháng,25.0,25.0,,,,Hà Nội,Hai Bà Trưng,Bạch Mai,Ngõ 295 Phố Bạch Mai - Phường Bạch Mai - Quận Hai Bà Trưng,2026-09-16,2026-09-17
nhatot,nt_134660575,nha_tro,https://www.nhatot.com/134660575.htm,"CHÍNH CHỦ CHO THUÊ KIOT 40M² HỒNG HÀ ECO-CITY (TỨ HIỆP, THANH TRÌ)",7500000,"7,5 triệu/tháng",40.0,40.0,,,Cơ bản,Hà Nội,Thanh Trì,Tứ Hiệp,Tứ Hiệp - Xã Tứ Hiệp - Huyện Thanh Trì,2026-09-16,2026-09-17
nhatot,nt_134430445,nha_tro,https://www.nhatot.com/134430445.htm,Cho thuê căn hộ dịch vụ tại số 133 ngõ 409 Kim Mã (hoặc đi ngõ 20 Nguy,4600000,"4,6 triệu/tháng",25.0,25.0,,,,Hà Nội,Ba Đình,Kim Mã,Phố Kim Mã - Phường Kim Mã - Quận Ba Đình,2026-09-16,2026-09-17
nhatot,nt_134731287,nha_tro,https://www.nhatot.com/134731287.htm,"Cho thuê VP Nguyễn Lương Bằng, 60m2. Điện rẻ 3000d, sân đỗ oto",10000000,10 triệu/tháng,60.0,60.0,,,Cơ bản,Hà Nội,Đống Đa,Quang Trung,Phố Nguyễn Lương Bằng - Phường Quang Trung - Quận Đống Đa,2026-09-17,2026-09-17
nhatot,nt_134574673,nha_tro,https://www.nhatot.com/134574673.htm,Cho thuê nhà mặt phố Thái Hà,50000000,50 triệu/tháng,180.0,180.0,,,,Hà Nội,Đống Đa,Trung Liệt,Đường Thái Hà - Phường Trung Liệt - Quận Đống Đa,2026-09-17,2026-09-17
nhatot,nt_134721066,nha_tro,https://www.nhatot.com/134721066.htm,Cho thuê phòng trọ full đồ cổng trường Đại Học Hà Nội,3600000,"3,6 triệu/tháng",22.0,22.0,,,,Hà Nội,Nam Từ Liêm,Trung Văn,Đường Nguyễn Trãi - Phường Trung Văn - Quận Nam Từ Liêm,2026-09-17,2026-09-17
nhatot,nt_132277335,nha_tro,https://www.nhatot.com/132277335.htm,căn hộ mini đường Hàng Cháo gần HVTC Hà Nội,3500000,"3,5 triệu/tháng",20.0,20.0,,,,Hà Nội,Đống Đa,Cát Linh,Phố Hàng Cháo - Phường Cát Linh - Quận Đống Đa,2026-09-17,2026-09-17
nhatot,nt_134741258,nha_tro,https://www.nhatot.com/134741258.htm,CHO THUÊ NHÀ NGUYÊN CĂN MẶT PHỐ NGUYỄN LÂN.,12000000,12 triệu/tháng,100.0,100.0,,,Đầy đủ,Hà Nội,Thanh Xuân,Phương Liệt,Phố Nguyễn Lân - Phường Phương Liệt - Quận Thanh Xuân,2026-09-17,2026-09-17
nhatot,nt_134731110,nha_tro,https://www.nhatot.com/134731110.htm,"CHO THUÊ NHÀ SIÊU RẺ TẠI PHỐ LẠC LONG QUÂN, 35M2, 3 NGỦ, FULL ĐỒ",13000000000,13 tỷ/tháng,35.0,35.0,3.0,4.0,,Hà Nội,Cầu Giấy,Nghĩa Đô,Đường Lạc Long Quân - Phường Nghĩa Đô - Quận Cầu Giấy,2026-09-17,2026-09-17
nhatot,nt_134741019,nha_tro,https://www.nhatot.com/134741019.htm,"Cho thuê nhà tầng 1 tổng dt 40 m , thích hợp kd onli ",5000000,5 triệu/tháng,40.0,40.0,,,Cơ bản,Hà Nội,Hoàng Mai,Tương Mai,Phố Nguyễn Đức Cảnh - Phường Tương Mai - Quận Hoàng Mai,2026-09-17,2026-09-17
nhatot,nt_134732844,nha_tro,https://www.nhatot.com/134732844.htm,"Cho thuê nhà 6 tầng làm văn phòng,tại lai Xá hoài Đức Hà Nội",20000000,20 triệu/tháng,75.0,75.0,10.0,7.0,Đầy đủ,Hà Nội,Hoài Đức,Kim Chung,Lai Xá - Xã Kim Chung - Huyện Hoài Đức,2026-09-17,2026-09-17
nhatot,nt_134718836,nha_tro,https://www.nhatot.com/134718836.htm,MBKD NGÕ 80 XUÂN PHƯƠNG,6900000,"6,9 triệu/tháng",35.0,35.0,,,,Hà Nội,Nam Từ Liêm,Phương Canh,Đường Xuân Phương - Phường Phương Canh - Quận Nam Từ Liêm,2026-09-17,2026-09-17
nhatot,nt_134740759,nha_tro,https://www.nhatot.com/134740759.htm,"Cho Thuê MBKD Tầng 1 Nhà B1 Phố Trần Huy Liệu, Giảng Võ, HN",28000000,28 triệu/tháng,50.0,50.0,,,,Hà Nội,Ba Đình,Giảng Võ,Trần Huy Liệu - Phường Giảng Võ - Quận Ba Đình,2026-09-17,2026-09-17
nhatot,nt_134740638,nha_tro,https://www.nhatot.com/134740638.htm,"CHO THUÊ NHÀ 5 TẦNG, 30M2, ĐỦ ĐỒ - PHỐ TU HOÀNG, NAM TỪ LIÊM, HN - 7TR",7000000,7 triệu/tháng,30.0,30.0,3.0,3.0,,Hà Nội,Nam Từ Liêm,Phương Canh,Phố Tu Hoàng - Phường Phương Canh - Quận Nam Từ Liêm,2026-09-17,2026-09-17
nhatot,nt_134461686,nha_tro,https://www.nhatot.com/134461686.htm,Toà văn phòng 5 tầng đường to trung tâm full tiện ích,13000000,13 triệu/tháng,150.0,150.0,,,Đầy đủ,Hà Nội,Hà Đông,Mộ Lao,Đường Trần Phú - Phường Mộ Lao - Quận Hà Đông,2026-09-17,2026-09-17
nhatot,nt_134702505,nha_tro,https://www.nhatot.com/134702505.htm,"Cho Người đi làm , hộ gia đình , sinh viên thuê nhà ",4000000,4 triệu/tháng,30.0,30.0,,,,Hà Nội,Ba Đình,Đội Cấn,Phố Đội Cấn - Phường Đội Cấn - Quận Ba Đình,2026-09-17,2026-09-17
nhatot,nt_134732112,nha_tro,https://www.nhatot.com/134732112.htm,"Cho thuê phòng KK phố Lê Duẩn, full nội thất mới, không chung chủ",4500000,"4,5 triệu/tháng",25.0,25.0,,,,Hà Nội,Đống Đa,Quốc Tử Giám,Ngõ 222 Lê Duẩn - Phường Quốc Tử Giám - Quận Đống Đa,2026-09-17,2026-09-17
nhatot,nt_134740343,nha_tro,https://www.nhatot.com/134740343.htm,"CHO THUÊ NHÀ 2 TẦNG, 56M2, ĐỦ ĐỒ - NGÃ TƯ TRÔI, HOÀI ĐỨC, HN  - 4,5TR",4500000,"4,5 triệu/tháng",56.0,56.0,2.0,,,Hà Nội,Hoài Đức,Thị trấn Trạm Trôi,ngã tư trôi - Thị trấn Trạm Trôi - Huyện Hoài Đức,2026-09-17,2026-09-17
nhatot,nt_134740279,nha_tro,https://www.nhatot.com/134740279.htm,chung cư 4 ngủ full đồ rộng 200 m ở luôn,18000000,18 triệu/tháng,200.0,200.0,4.0,3.0,Đầy đủ,Hà Nội,Tây Hồ,Phú Thượng,An Dương Vương - Phường Phú Thượng - Quận Tây Hồ,2026-09-17,2026-09-17
nhatot,nt_134740144,nha_tro,https://www.nhatot.com/134740144.htm,"Cho thuê chung mặt bằng Kinh doanh, Văn phòng trên đường Yên Phụ",6000000,6 triệu/tháng,25.0,25.0,,,,Hà Nội,Tây Hồ,Yên Phụ,Đường Yên Phụ - Phường Yên Phụ - Quận Tây Hồ,2026-09-17,2026-09-17
nhatot,nt_134714356,nha_tro,https://www.nhatot.com/134714356.htm,"TÒA MỚI !!! STUDIO 25m2 OTO ĐỖ CỬA, THIẾT KẾ ĐẸP, BAN CÔNG THOÁNG SÁNG",5600000,"5,6 triệu/tháng",25.0,25.0,1.0,1.0,Đầy đủ,Hà Nội,Bắc Từ Liêm,Xuân Đỉnh,Đường Xuân Đỉnh - Phường Xuân Đỉnh - Quận Bắc Từ Liêm,2026-09-17,2026-09-17
nhatot,nt_134740026,nha_tro,https://www.nhatot.com/134740026.htm,"Chính chủ cho thuê nhà trong ngõ 766 La Thành, DT 38m2, 5 Tầng",15000000,15 triệu/tháng,38.0,38.0,4.0,,,Hà Nội,Ba Đình,Giảng Võ,Đường La Thành - Phường Giảng Võ - Quận Ba Đình,2026-09-17,2026-09-17
nhatot,nt_134210597,nha_tro,https://www.nhatot.com/134210597.htm,RỘNG THOÁNG AN NINH TỐT MẶT PHỐ ĐÌNH THÔN,5900000,"5,9 triệu/tháng",35.0,35.0,,,,Hà Nội,Nam Từ Liêm,Mỹ Đình 1,Phố Đình Thôn - Phường Mỹ Đình 1 - Quận Nam Từ Liêm,2026-09-17,2026-09-17
nhatot,nt_134739951,nha_tro,https://www.nhatot.com/134739951.htm,TẶNG NÓNG 500K TIỀN MẶT KHI THUÊ HOMESTAY TÂN MỸ - *** HÔM NAY!,1650000,"1,65 triệu/tháng",30.0,30.0,,,,Hà Nội,Nam Từ Liêm,Mỹ Đình 1,Số 16/61 Đỗ Xuân Hợp - Phường Mỹ Đình 1 - Quận Nam Từ Liêm,2026-09-17,2026-09-17
nhatot,nt_134712517,nha_tro,https://www.nhatot.com/134712517.htm,Phòng Trọ ở ghép,1300000,"1,3 triệu/tháng",25.0,25.0,,,,Hà Nội,Hai Bà Trưng,Bạch Mai,Phố Hồng Mai - Phường Bạch Mai - Quận Hai Bà Trưng,2026-09-17,2026-09-17
nhatot,nt_134739855,nha_tro,https://www.nhatot.com/134739855.htm,"CHO THUÊ VĂN PHÒNG HƠN 70M² – MẶT PHỐ ĐƯỜNG LÁNG, NGÃ TƯ SỞ",10000000,10 triệu/tháng,70.0,70.0,,,,Hà Nội,Đống Đa,Ngã Tư Sở,Đường Láng - Phường Ngã Tư Sở - Quận Đống Đa,2026-09-17,2026-09-17
nhatot,nt_134739842,nha_tro,https://www.nhatot.com/134739842.htm,HOMESTAY MỸ ĐÌNH FULL NỘI THẤT A-Z - CHỈ VIỆC XÁCH VALI ĐẾN Ở!,1700000,"1,7 triệu/tháng",30.0,30.0,,,,Hà Nội,Nam Từ Liêm,Mỹ Đình 1,Nghách 16/61 Đỗ Xuân Hợp - Phường Mỹ Đình 1 - Quận Nam Từ Liêm,2026-09-17,2026-09-17
nhatot,nt_134739809,nha_tro,https://www.nhatot.com/134739809.htm,phòng trọ vạn phúc hà đông hơn 3tr,3600000,"3,6 triệu/tháng",20.0,20.0,,,,Hà Nội,Hà Đông,Vạn Phúc,Cầu Am - Phường Vạn Phúc - Quận Hà Đông,2026-09-17,2026-09-17
nhatot,nt_134739749,nha_tro,https://www.nhatot.com/134739749.htm,"CHO THUÊ PHÒNG TÂN TRIỀU MỚI FULL ĐỒ, CÓ MÁY GIẶT RIÊNG, BAN CÔNG THOÁ",4300000,"4,3 triệu/tháng",25.0,25.0,,,,Hà Nội,Thanh Xuân,Phương Liệt,Đường Tân Triều - Phường Phương Liệt - Quận Thanh Xuân,2026-09-17,2026-09-17
nhatot,nt_134739745,nha_tro,https://www.nhatot.com/134739745.htm,"TÌM CHỖ TRỌ KHÔNG CHUNG CHỦ, TỰ DO 24/7 SÁT FPT, THƯƠNG MẠI?",1700000,"1,7 triệu/tháng",31.0,31.0,,,,Hà Nội,Nam Từ Liêm,Mỹ Đình 1,16/61 Đỗ Xuân Hợp - Phường Mỹ Đình 1 - Quận Nam Từ Liêm,2026-09-17,2026-09-17
nhatot,nt_134739690,nha_tro,https://www.nhatot.com/134739690.htm,DẸP NỖI LO HÓA ĐƠN ĐIỆN NƯỚC - HOMESTAY BAO TRỌN GÓI TẠI MỸ ĐÌNH,1700000,"1,7 triệu/tháng",32.0,32.0,,,,Hà Nội,Nam Từ Liêm,Mỹ Đình 1,Nghách 16/61 Đỗ Xuân Hợp - Phường Mỹ Đình 1 - Quận Nam Từ Liêm,2026-09-17,2026-09-17
nhatot,nt_134551991,nha_tro,https://www.nhatot.com/134551991.htm,CHÍNH CHỦ CHO THUÊ NHÀ MẶT PHỐ NGUYỄN TRÃI,28000000,28 triệu/tháng,150.0,150.0,,,,Hà Nội,Thanh Xuân,Thanh Xuân Nam,Đường Nguyễn Trãi - Phường Thanh Xuân Nam - Quận Thanh Xuân,2026-09-17,2026-09-17
nhatot,nt_133060877,nha_tro,https://www.nhatot.com/133060877.htm,"CẦN CHO THUÊ CĂN HỘ FULL ĐỒ, PHỐ KIM MÃ, BA ĐÌNH, HÀ NỘI",8500000,"8,5 triệu/tháng",50.0,50.0,,,,Hà Nội,Ba Đình,Ngọc Khánh,Phố Kim Mã - Phường Ngọc Khánh - Quận Ba Đình,2026-09-17,2026-09-17
nhatot,nt_134739640,nha_tro,https://www.nhatot.com/134739640.htm,"Cho thuê nhà Phố Trạm, ô tô vào nhà, gần cầu Vĩnh Tuy, Aeon Long Biên",13000000,13 triệu/tháng,30.0,30.0,3.0,4.0,Đầy đủ,Hà Nội,Long Biên,Long Biên,Phố Trạm - Phường Long Biên - Quận Long Biên,2026-09-17,2026-09-17
nhatot,nt_134739632,nha_tro,https://www.nhatot.com/134739632.htm,"CHO THUÊ PHÒNG CCMN 27 LÂM HẠ, LONG BIÊN – Ô TÔ ĐỖ CỬA – CHỈ TỪ 3.4 TR",3400000,"3,4 triệu/tháng",18.0,18.0,,,,Hà Nội,Long Biên,Bồ Đề,Đường Lâm Hạ - Phường Bồ Đề - Quận Long Biên,2026-09-17,2026-09-17
nhatot,nt_134709111,nha_tro,https://www.nhatot.com/134709111.htm,Cho thuê văn phòng Vinhomes Skylake,72000000,72 triệu/tháng,120.0,120.0,,,,Hà Nội,Nam Từ Liêm,Mỹ Đình 1,Phạm Hùng - Phường Mỹ Đình 1 - Quận Nam Từ Liêm,2026-09-17,2026-09-17
nhatot,nt_134739566,nha_tro,https://www.nhatot.com/134739566.htm,🔥 CĂN HỘ 3 PHÒNG NGỦ FULL NỘI THẤT - GIÁ CHỈ 12.5 TRIỆU/THÁNG,12500000,"12,5 triệu/tháng",83.0,83.0,3.0,,Đầy đủ,Hà Nội,Hà Đông,Văn Quán,Đường Trần Phú - Phường Văn Quán - Quận Hà Đông,2026-09-17,2026-09-17
nhatot,nt_134739516,nha_tro,https://www.nhatot.com/134739516.htm,CHỈ 1.7 TRIỆU/THÁNG CÓ NGAY HOMESTAY SỊN SÒ SÁT SVĐ MỸ ĐÌNH!,1700000,"1,7 triệu/tháng",30.0,30.0,,,,Hà Nội,Nam Từ Liêm,Mỹ Đình 1,Nghách 61 Ngõ 16 Phố Đỗ Xuân Hợp - Phường Mỹ Đình 1 - Quận Nam Từ Liêm,2026-09-17,2026-09-17
nhatot,nt_134577220,nha_tro,https://www.nhatot.com/134577220.htm,"Phòng 30m2 thoáng mát , Bạch mai , Hà nội.",2800000,"2,8 triệu/tháng",30.0,30.0,,,,Hà Nội,Hai Bà Trưng,Bạch Mai,Phố Bạch Mai - Phường Bạch Mai - Quận Hai Bà Trưng,2026-09-17,2026-09-17
nhatot,nt_134716918,nha_tro,https://www.nhatot.com/134716918.htm,"Nhỉnh 3tr, CCMN Tây Hồ, full nội thất, ngay gần các trường ĐH-CĐ, 40m2",3500000,"3,5 triệu/tháng",40.0,40.0,1.0,1.0,Đầy đủ,Hà Nội,Tây Hồ,Tứ Liên,Đường Âu Cơ - Phường Tứ Liên - Quận Tây Hồ,2026-09-17,2026-09-17
nhatot,nt_134739238,nha_tro,https://www.nhatot.com/134739238.htm,CHO THUÊ NHÀ NGUYÊN CĂN PHỐ BÙI XƯƠNG TRẠCH,8000000,8 triệu/tháng,100.0,100.0,2.0,,,Hà Nội,Thanh Xuân,Khương Đình,Ngõ 1 Bùi Xương Trạch - Phường Khương Đình - Quận Thanh Xuân,2026-09-17,2026-09-17
nhatot,nt_134739189,nha_tro,https://www.nhatot.com/134739189.htm,Sang nhượng trọn cơ sở Hương Thảo Massage – Nguyễn Đình Hoàn,13000000,13 triệu/tháng,120.0,120.0,,,Đầy đủ,Hà Nội,Cầu Giấy,Nghĩa Đô,Phố Nguyễn Đình Hoàn - Phường Nghĩa Đô - Quận Cầu Giấy,2026-09-17,2026-09-17
nhatot,nt_134739149,nha_tro,https://www.nhatot.com/134739149.htm,[Chính chủ] Nhà nguyên căn 5 tầng Trương Định. Kinh doanh và ở,16500000,"16,5 triệu/tháng",45.0,45.0,4.0,4.0,Đầy đủ,Hà Nội,Hoàng Mai,Tân Mai,Đường Trương Định - Phường Tân Mai - Quận Hoàng Mai,2026-09-17,2026-09-17
nhatot,nt_134038483,nha_tro,https://www.nhatot.com/134038483.htm,Phòng Trọ .đại la . Hà nội,2000000,2 triệu/tháng,20.0,20.0,,,,Hà Nội,Hai Bà Trưng,Trương Định,Ngõ thống Nhât. Đại La - Phường Trương Định - Quận Hai Bà Trưng,2026-09-17,2026-09-17
nhatot,nt_133716052,nha_tro,https://www.nhatot.com/133716052.htm,chính chủ cho thuê chung cư mini số 50D ngõ 342 Khương Đình,5500000,"5,5 triệu/tháng",50.0,50.0,,,,Hà Nội,Thanh Xuân,Khương Đình,Cầu Khương Đình - Phường Khương Đình - Quận Thanh Xuân,2026-09-17,2026-09-17
nhatot,nt_134739020,nha_tro,https://www.nhatot.com/134739020.htm,"Cho Thuê MBKD 30m2 Tầng 1 – Ngõ Ô tô Lạc Long Quân, Tây Hồ",6300000,"6,3 triệu/tháng",30.0,30.0,,,Cơ bản,Hà Nội,Tây Hồ,Xuân La,Đường Lạc Long Quân - Phường Xuân La - Quận Tây Hồ,2026-09-17,2026-09-17
nhatot,nt_133494385,nha_tro,https://www.nhatot.com/133494385.htm,Cho thuê diện tích 90-180m phô Huỳnh Văn Nghệ. Làm kho & kinh doanh,22000000,22 triệu/tháng,180.0,180.0,,,Cơ bản,Hà Nội,Long Biên,Phúc Đồng,Phố Huỳnh Văn Nghệ - Phường Phúc Đồng - Quận Long Biên,2026-09-17,2026-09-17
nhatot,nt_134686431,nha_tro,https://www.nhatot.com/134686431.htm,"Văn phòng 35m- 45m- 70m giá chỉ từ 6,5tr/tháng",6500000,"6,5 triệu/tháng",70.0,70.0,,,Cơ bản,Hà Nội,Hoàng Mai,Giáp Bát,Đường Giải Phóng - Phường Giáp Bát - Quận Hoàng Mai,2026-09-17,2026-09-17
nhatot,nt_134707847,nha_tro,https://www.nhatot.com/134707847.htm,Phòng đẹp cho thuê,3950000,"3,95 triệu/tháng",30.0,30.0,,,,Hà Nội,Long Biên,Gia Thụy,Đường Nguyễn Văn Cừ - Phường Gia Thụy - Quận Long Biên,2026-09-17,2026-09-17
nhatot,nt_134698409,nha_tro,https://www.nhatot.com/134698409.htm,Căn hộ Mini Full nội thất cạnh Chợ Vân Canh,2800000,"2,8 triệu/tháng",18.0,18.0,,,,Hà Nội,Nam Từ Liêm,Xuân Phương,Phố Trịnh Văn Bô - Phường Xuân Phương - Quận Nam Từ Liêm,2026-09-17,2026-09-17
nhatot,nt_134738704,nha_tro,https://www.nhatot.com/134738704.htm,nhà ngõ 251 xã đàn 68m x4T,14000000,14 triệu/tháng,68.0,68.0,4.0,,,Hà Nội,Đống Đa,Kim Liên,xã đàn - Phường Kim Liên - Quận Đống Đa,2026-09-17,2026-09-17
nhatot,nt_134668450,nha_tro,https://www.nhatot.com/134668450.htm,Cho Thuê cửa hàng,9000000,9 triệu/tháng,20.0,20.0,,,Cơ bản,Hà Nội,Cầu Giấy,Nghĩa Tân,Đường Hoàng Quốc Việt - Phường Nghĩa Tân - Quận Cầu Giấy,2026-09-17,2026-09-17
nhatot,nt_134700311,nha_tro,https://www.nhatot.com/134700311.htm,2tr7 ngay đầu đê 85 bát khối ở được luôn,2700000,"2,7 triệu/tháng",29.0,29.0,,,,Hà Nội,Long Biên,Bồ Đề,Đường Bát Khối - Phường Bồ Đề - Quận Long Biên,2026-09-17,2026-09-17
nhatot,nt_134362966,nha_tro,https://www.nhatot.com/134362966.htm,"Siêu phẩm CCMN 30m2 Full đồ. ban công, máy giặt riêng tại Hoàng Mai",5200000,"5,2 triệu/tháng",30.0,30.0,1.0,1.0,Đầy đủ,Hà Nội,Hoàng Mai,Tương Mai,Phố Lương Khánh Thiện - Phường Tương Mai - Quận Hoàng Mai,2026-09-17,2026-09-17
nhatot,nt_134552046,nha_tro,https://www.nhatot.com/134552046.htm,Cho thuê phòng trọ gần ga Láng,1800000,"1,8 triệu/tháng",15.0,15.0,,,,Hà Nội,Thanh Xuân,Thượng Đình,Phố Giáp Nhất - Phường Thượng Đình - Quận Thanh Xuân,2026-09-17,2026-09-17
nhatot,nt_134738401,nha_tro,https://www.nhatot.com/134738401.htm,Nhà 6T Hoàng Quốc Việt – 75m² – Sát mặt phố – Vỉa hè ô tô tránh - KD,37000000,37 triệu/tháng,75.0,75.0,10.0,,,Hà Nội,Cầu Giấy,Nghĩa Đô,Đường Hoàng Quốc Việt - Phường Nghĩa Đô - Quận Cầu Giấy,2026-09-17,2026-09-17
nhatot,nt_132485220,nha_tro,https://www.nhatot.com/132485220.htm,"Phòng trọ có điều hoà, nóng lạnh, intenet, máy lọc nước RO",2400000,"2,4 triệu/tháng",26.0,26.0,,,,Hà Nội,Long Biên,Đức Giang,Phố Hoa Lâm - Phường Đức Giang - Quận Long Biên,2026-09-17,2026-09-17
nhatot,nt_134386830,nha_tro,https://www.nhatot.com/134386830.htm,Phòng trọ khép kín ngõ 285 đội cấn,2500000,"2,5 triệu/tháng",28.0,28.0,,,,Hà Nội,Ba Đình,Ngọc Hà,Ngõ 285 Đội Cấn - Phường Ngọc Hà - Quận Ba Đình,2026-09-17,2026-09-17
nhatot,nt_134680646,nha_tro,https://www.nhatot.com/134680646.htm,CHO THUÊ PHÒNG 35M² – TẦNG 2 NGÕ 111 TRIỀU KHÚC – THANG MÁY – ĐƯỜNG Ô,6000000,6 triệu/tháng,50.0,50.0,,,,Hà Nội,Thanh Trì,Thanh Liệt,Ngõ 111 triều Khúc - Xã Thanh Liệt - Huyện Thanh Trì,2026-09-17,2026-09-17
nhatot,nt_134738048,nha_tro,https://www.nhatot.com/134738048.htm,"Cho thuê căn hộ N3B Hoàng Minh GIám- 60m2, 2 ngủ đủ đồ",11000000,11 triệu/tháng,60.0,60.0,1.0,1.0,,Hà Nội,Cầu Giấy,Trung Hoà,Nhân Chính - Phường Trung Hoà - Quận Cầu Giấy,2026-09-17,2026-09-17
nhatot,nt_134665500,nha_tro,https://www.nhatot.com/134665500.htm,Khai trương CCMN 25m2 Full đồ xịn sò. máy giặt riêng tại Định Công,4500000,"4,5 triệu/tháng",25.0,25.0,1.0,1.0,Đầy đủ,Hà Nội,Hoàng Mai,Định Công,Phố Định Công - Phường Định Công - Quận Hoàng Mai,2026-09-17,2026-09-17
nhatot,nt_134663466,nha_tro,https://www.nhatot.com/134663466.htm,Chính chủ cho thuê MBKD,11000000,11 triệu/tháng,75.0,75.0,,,,Hà Nội,Thanh Xuân,Khương Đình,281 Khương Đình - Phường Khương Đình - Quận Thanh Xuân,2026-09-17,2026-09-17
nhatot,nt_134737820,nha_tro,https://www.nhatot.com/134737820.htm,"Cho thuê chung cư Hà Đô Park View - Cầu Giấy. DT 98m2, 2 ngủ ",18000000,18 triệu/tháng,98.0,98.0,2.0,2.0,,Hà Nội,Cầu Giấy,Dịch Vọng,Duy Tân - Phường Dịch Vọng - Quận Cầu Giấy,2026-09-17,2026-09-17
nhatot,nt_134208051,nha_tro,https://www.nhatot.com/134208051.htm,"Cho thuê nhà làm Văn phòng,",24000000,24 triệu/tháng,80.0,80.0,,,Cơ bản,Hà Nội,Nam Từ Liêm,Xuân Phương,Đường Xuân Phương - Phường Xuân Phương - Quận Nam Từ Liêm,2026-09-17,2026-09-17
nhatot,nt_133737999,nha_tro,https://www.nhatot.com/133737999.htm,"Cho thuê văn phòng tại 26, phố Đại La, 35 triệu, 180m2, mặt tiền 9m",35000000,35 triệu/tháng,166.0,166.0,,,Đầy đủ,Hà Nội,Hai Bà Trưng,Bạch Mai,Đại La - Phường Bạch Mai - Quận Hai Bà Trưng,2026-09-17,2026-09-17
nhatot,nt_133880737,nha_tro,https://www.nhatot.com/133880737.htm,CHO THUÊ 1 Khách 1 Ngủ - Đủ Đồ / Chính Chủ,5500000,"5,5 triệu/tháng",40.0,40.0,,,,Hà Nội,Cầu Giấy,Quan Hoa,Phố Dương Quảng Hàm - Phường Quan Hoa - Quận Cầu Giấy,2026-09-17,2026-09-17
nhatot,nt_133706240,nha_tro,https://www.nhatot.com/133706240.htm,Cho thuê cửa hàng mặt phố Nguyễn Đức Cảnh,6000000,6 triệu/tháng,20.0,20.0,,,,Hà Nội,Hoàng Mai,Tương Mai,Phố Nguyễn Đức Cảnh - Phường Tương Mai - Quận Hoàng Mai,2026-09-17,2026-09-17
nhatot,nt_134737650,nha_tro,https://www.nhatot.com/134737650.htm,"CHO THUÊ CĂN HỘ MỸ SƠN – 62 NGUYỄN HUY TƯỞNG - 90m2, 2 ngủ",13500000,"13,5 triệu/tháng",90.0,90.0,2.0,2.0,,Hà Nội,Thanh Xuân,Thanh Xuân Trung,Nguyễn Huy Tưởng - Phường Thanh Xuân Trung - Quận Thanh Xuân,2026-09-17,2026-09-17
nhatot,nt_134702854,nha_tro,https://www.nhatot.com/134702854.htm,"[TÂY HỒ] CHÍNH CHỦ CHO THUÊ PHÒNG TRỌ TẠI LẠC LONG QUÂN, HN",3000000,3 triệu/tháng,25.0,25.0,,,,Hà Nội,Tây Hồ,Bưởi,11 ngõ 218/27/8 Lạc Long quân - Phường Bưởi - Quận Tây Hồ,2026-09-17,2026-09-17
nhatot,nt_134110043,nha_tro,https://www.nhatot.com/134110043.htm,PHÒNG TRỌ TÔN THẤT TÙNG-ĐẠI HỌC Y HÀ NỘI,3000000,3 triệu/tháng,15.0,15.0,,,,Hà Nội,Đống Đa,Kim Liên,số nhà 37 ngõ 72 Tôn thất tùng - Phường Kim Liên - Quận Đống Đa,2026-09-17,2026-09-17
nhatot,nt_134737136,nha_tro,https://www.nhatot.com/134737136.htm,"Cho thuê nhà tập thể phố Hoàng Ngọc Phách, 85 m2 sạch đẹp, thoáng mát",7500000,"7,5 triệu/tháng",85.0,85.0,3.0,1.0,Cơ bản,Hà Nội,Đống Đa,Láng Hạ,Phố Hoàng Ngọc Phách - Phường Láng Hạ - Quận Đống Đa,2026-09-17,2026-09-17
nhatot,nt_133012115,nha_tro,https://www.nhatot.com/133012115.htm,"Cho thuê văn phòng đẹp tại 185 Chùa Láng, HH MG 100-150%",4500000,"4,5 triệu/tháng",22.0,22.0,,,Đầy đủ,Hà Nội,Đống Đa,Láng Thượng,Phố Chùa Láng - Phường Láng Thượng - Quận Đống Đa,2026-09-17,2026-09-17
nhatot,nt_134737098,nha_tro,https://www.nhatot.com/134737098.htm,Căn hộ mini phù hợp gia đình nhỏ 2-4 người,3500000,"3,5 triệu/tháng",14.0,14.0,1.0,1.0,,Hà Nội,Tây Hồ,Phú Thượng,Ngõ 423 An Dương Vương - Phường Phú Thượng - Quận Tây Hồ,2026-09-17,2026-09-17
nhatot,nt_134737024,nha_tro,https://www.nhatot.com/134737024.htm,Cho thuê cửa hàng/văn phòng mặt phố Bạch Đằng 33m2 Hoàn Kiếm,13500000,"13,5 triệu/tháng",66.0,66.0,,,,Hà Nội,Hoàn Kiếm,Chương Dương,Đường Bạch Đằng - Phường Chương Dương - Quận Hoàn Kiếm,2026-09-17,2026-09-17
nhatot,nt_134736690,nha_tro,https://www.nhatot.com/134736690.htm,"CHO THUÊ VĂN PHÒNG-248 KHÂM THIÊN, 16tr-81m2, Văn Miếu, Đống Đa,Hà Nội",16000000,16 triệu/tháng,81.0,81.0,,,,Hà Nội,Đống Đa,Khâm Thiên,Phố Khâm Thiên - Phường Khâm Thiên - Quận Đống Đa,2026-09-17,2026-09-17
nhatot,nt_134508339,nha_tro,https://www.nhatot.com/134508339.htm,Cho thuê phòng chính chủ cách Phenikaa 500m 📍 Vị trí: KĐT Solasta – Dư,3500000,"3,5 triệu/tháng",25.0,25.0,,,,Hà Nội,Hà Đông,Dương Nội,Solasta - Phường Dương Nội - Quận Hà Đông,2026-09-17,2026-09-17
nhatot,nt_134736675,nha_tro,https://www.nhatot.com/134736675.htm,"Cho thuê căn hộ 3 ngủ- 2 vs, diện tích 90m2, full đồ.  Tại: Hàm Nghi",13000000,13 triệu/tháng,90.0,90.0,3.0,2.0,,Hà Nội,Nam Từ Liêm,Mỹ Đình 1,Phố Hàm Nghi - Phường Mỹ Đình 1 - Quận Nam Từ Liêm,2026-09-17,2026-09-17
nhatot,nt_134461432,nha_tro,https://www.nhatot.com/134461432.htm,nhà ở chính chủ cho thuê,8000000,8 triệu/tháng,120.0,120.0,2.0,2.0,,Hà Nội,Hoàng Mai,Hoàng Văn Thụ,Ngõ 120 Đường Hoàng Mai - Phường Hoàng Văn Thụ - Quận Hoàng Mai,2026-09-17,2026-09-17
nhatot,nt_134736424,nha_tro,https://www.nhatot.com/134736424.htm,Phòng Trọ Hoàng Quốc Việt,2000000,2 triệu/tháng,20.0,20.0,,,,Hà Nội,Cầu Giấy,Nghĩa Đô,Đường Hoàng Quốc Việt - Phường Nghĩa Đô - Quận Cầu Giấy,2026-09-17,2026-09-17
nhatot,nt_134697964,nha_tro,https://www.nhatot.com/134697964.htm,Chuyển nhượng phòng trọ,1600000,"1,6 triệu/tháng",30.0,30.0,,,,Hà Nội,Hoàng Mai,Tương Mai,Ngõ 105 Đức cảnh. Tương mai hoàng mai - Phường Tương Mai - Quận Hoàng Mai,2026-09-17,2026-09-17
nhatot,nt_134736198,nha_tro,https://www.nhatot.com/134736198.htm,cho thuê phòng khép kín đủ đủ đồ giá 5 tr,5000000,5 triệu/tháng,25.0,25.0,,,,Hà Nội,Cầu Giấy,Yên Hoà,trần duy hưng - Phường Yên Hoà - Quận Cầu Giấy,2026-09-17,2026-09-17
nhatot,nt_134736056,nha_tro,https://www.nhatot.com/134736056.htm,Cho thuê nhà nguyên căn,9000000,9 triệu/tháng,32.0,32.0,,,,Hà Nội,Hoàng Mai,Hoàng Văn Thụ,Ngõ 197 Hoàng Mai - Phường Hoàng Văn Thụ - Quận Hoàng Mai,2026-09-17,2026-09-17
nhatot,nt_134736014,nha_tro,https://www.nhatot.com/134736014.htm,cho thuê sàn văn phòng 110 m mới tinh vị trí đẹp,20000000,20 triệu/tháng,110.0,110.0,,,Cơ bản,Hà Nội,Tây Hồ,Xuân La,Đường Lạc Long Quân - Phường Xuân La - Quận Tây Hồ,2026-09-17,2026-09-17
nhatot,nt_132733602,nha_tro,https://www.nhatot.com/132733602.htm,Phòng trọ Ba Đình chất lượng giá tốt,3800000,"3,8 triệu/tháng",25.0,25.0,,,,Hà Nội,Ba Đình,Vĩnh Phúc,Đường Bưởi - Phường Vĩnh Phúc - Quận Ba Đình,2026-09-17,2026-09-17
nhatot,nt_134289470,nha_tro,https://www.nhatot.com/134289470.htm,Cho thuê Văn phòng 35m2 Số 124 Lạc Trung,4500000,"4,5 triệu/tháng",35.0,35.0,,,,Hà Nội,Hai Bà Trưng,Vĩnh Tuy,Phố Lạc Trung - Phường Vĩnh Tuy - Quận Hai Bà Trưng,2026-09-17,2026-09-17
nhatot,nt_131559903,nha_tro,https://www.nhatot.com/131559903.htm,PHONG 20m² – 25m² – 30m² FULL ĐỒ NGUYÊN KHOÁi  ĐẦM  TRẤU HN,3600000,"3,6 triệu/tháng",25.0,25.0,1.0,1.0,,Hà Nội,Hai Bà Trưng,Bạch Đằng,Đường Nguyễn Khoái - Phường Bạch Đằng - Quận Hai Bà Trưng,2026-09-17,2026-09-17
nhatot,nt_134663073,nha_tro,https://www.nhatot.com/134663073.htm,"Cho thuê phòng trọ 20m2 đủ đồ, Hai Bà Trưng, Hà Nội",3000000,3 triệu/tháng,20.0,20.0,,,,Hà Nội,Hai Bà Trưng,Bạch Đằng,Đường Đầm Trấu - Phường Bạch Đằng - Quận Hai Bà Trưng,2026-09-17,2026-09-17
nhatot,nt_134296324,nha_tro,https://www.nhatot.com/134296324.htm,CCMN Gần Thanh Nhàn - Mới Xây - Đủ Đồ - Thang Máy - PCCC,6000000,6 triệu/tháng,25.0,25.0,,,,Hà Nội,Hai Bà Trưng,Vĩnh Tuy,Kim Ngưu - Phường Vĩnh Tuy - Quận Hai Bà Trưng,2026-09-17,2026-09-17
nhatot,nt_134702629,nha_tro,https://www.nhatot.com/134702629.htm,"Cho thuê nhà ở, kho hàng",7500000,"7,5 triệu/tháng",70.0,70.0,1.0,1.0,,Hà Nội,Hoàng Mai,Hoàng Liệt,Đường Tựu Liệt - Phường Hoàng Liệt - Quận Hoàng Mai,2026-09-17,2026-09-17
nhatot,nt_134573241,nha_tro,https://www.nhatot.com/134573241.htm,NHÀ TRUNG KÍNH - 48M  5 TẦNG - Ô TÔ ĐỖ CỬA - LÀM VĂN PHÒNG - KD ONLINE,26000000,26 triệu/tháng,48.0,48.0,,,,Hà Nội,Cầu Giấy,Yên Hoà,trung kính - Phường Yên Hoà - Quận Cầu Giấy,2026-09-17,2026-09-17
nhatot,nt_131316889,nha_tro,https://www.nhatot.com/131316889.htm,Nguyễn Khánh Toàn sàn mới mặt tiền full kính 70m2 giá chỉ từ 14tr,14000000,14 triệu/tháng,70.0,70.0,,,,Hà Nội,Cầu Giấy,Quan Hoa,Đường Nguyễn Khánh Toàn - Phường Quan Hoa - Quận Cầu Giấy,2026-09-17,2026-09-17
nhatot,nt_134700237,nha_tro,https://www.nhatot.com/134700237.htm,"CHO THUÊ CCMN MỖ LAO, HÀ ĐÔNG - FULL ĐỒ, Ô TÔ TRÁNH, 7.5 TRIỆU/THÁNG",7500000,"7,5 triệu/tháng",50.0,50.0,1.0,1.0,Đầy đủ,Hà Nội,Hà Đông,Mộ Lao,Phố Nguyễn Văn Lộc - Phường Mộ Lao - Quận Hà Đông,2026-09-17,2026-09-17
nhatot,nt_134735384,nha_tro,https://www.nhatot.com/134735384.htm,"Cho thuê nhà nguyên căn trong ngõ, gần ngõ  Kim Ngưu, Hai Bà Trưng - 2",8000000,8 triệu/tháng,25.0,25.0,3.0,,Đầy đủ,Hà Nội,Hai Bà Trưng,Vĩnh Tuy,Kim Ngưu - Phường Vĩnh Tuy - Quận Hai Bà Trưng,2026-09-17,2026-09-17
nhatot,nt_123685884,nha_tro,https://www.nhatot.com/123685884.htm,Phòng trọ Kép Kín Triều Khúc - Thanh Xuân,3200000,"3,2 triệu/tháng",25.0,25.0,,,,Hà Nội,Thanh Xuân,Thanh Xuân Nam,Phố Triều Khúc - Phường Thanh Xuân Nam - Quận Thanh Xuân,2026-09-17,2026-09-17
nhatot,nt_134677403,nha_tro,https://www.nhatot.com/134677403.htm,"Chính chủ cho thuê phòng đẹp số 35 ngõ 150 Trần Đại Nghĩa giá 4,2tr/th",4200000,"4,2 triệu/tháng",20.0,20.0,,,,Hà Nội,Hoàng Mai,Tương Mai,Phố Trần Đại Nghĩa - Phường Tương Mai - Quận Hoàng Mai,2026-09-17,2026-09-17
nhatot,nt_134735260,nha_tro,https://www.nhatot.com/134735260.htm,"Cho thuê căn hộ tập thể Tầng 1 70m2 giá 6 triệu trong ngõ, gần Quỳnh L",6000000,6 triệu/tháng,70.0,70.0,2.0,,Đầy đủ,Hà Nội,Hai Bà Trưng,Quỳnh Lôi,8/3 - Phường Quỳnh Lôi - Quận Hai Bà Trưng,2026-09-17,2026-09-17
nhatot,nt_132803290,nha_tro,https://www.nhatot.com/132803290.htm,Căn hộ Studio Ngõ 66 Hồ Tùng Mậu- Doãn Kế Thiện 4tr8- 6tr,4800000,"4,8 triệu/tháng",28.0,28.0,1.0,1.0,Đầy đủ,Hà Nội,Cầu Giấy,Mai Dịch,Đường Hồ Tùng Mậu - Phường Mai Dịch - Quận Cầu Giấy,2026-09-17,2026-09-17
nhatot,nt_131969732,nha_tro,https://www.nhatot.com/131969732.htm,Căn hộ mini Ngõ 36 Phạm Ngọc Thạch - Xã Đàn 4tr5 - 6tr,4500000,"4,5 triệu/tháng",25.0,25.0,1.0,1.0,Đầy đủ,Hà Nội,Đống Đa,Nam Đồng,Phạm Ngọc Thạch  - Phường Nam Đồng - Quận Đống Đa,2026-09-17,2026-09-17
nhatot,nt_134727347,nha_tro,https://www.nhatot.com/134727347.htm,"Cho thuê văn phòng 50 m2 tại Làng Việt Kiều Chau Âu, vp như ảnh",9000000,9 triệu/tháng,50.0,50.0,,,,Hà Nội,Hà Đông,Mộ Lao,Phố Nguyễn Văn Lộc - Phường Mộ Lao - Quận Hà Đông,2026-09-17,2026-09-17
nhatot,nt_134462219,nha_tro,https://www.nhatot.com/134462219.htm,"Nhà cấp 4 Xuân đỉnh 2PN 60m2 đủ đồ, Riêng biệt giá 7.8tr/th chính chủ",7800000,"7,8 triệu/tháng",60.0,60.0,,,,Hà Nội,Bắc Từ Liêm,Xuân Đỉnh,Đường Xuân Đỉnh - Phường Xuân Đỉnh - Quận Bắc Từ Liêm,2026-09-17,2026-09-17
nhatot,nt_134688761,nha_tro,https://www.nhatot.com/134688761.htm,Sang nhượng Phòng trà Cafe,195000000,195 triệu/tháng,180.0,180.0,,,Cơ bản,Hà Nội,Hoàng Mai,Định Công,Đại Kim - Phường Định Công - Quận Hoàng Mai,2026-09-17,2026-09-17
nhatot,nt_134735107,nha_tro,https://www.nhatot.com/134735107.htm,🏠 CHÍNH CHỦ CHO THUÊ CĂN HỘ XUÂN PHƯƠNG – 65M² – 2PN,9000000,9 triệu/tháng,65.0,65.0,2.0,,,Hà Nội,Nam Từ Liêm,Xuân Phương,Trần Hữu Dực - Phường Xuân Phương - Quận Nam Từ Liêm,2026-09-17,2026-09-17
nhatot,nt_133558568,nha_tro,https://www.nhatot.com/133558568.htm,"Phòng trọ 20m2, ngõ 2 Ao Sen, Mộ Lao, Hà Đông, HN",2300000,"2,3 triệu/tháng",20.0,20.0,,,,Hà Nội,Hà Đông,Mộ Lao,Đường Trần Phú - Phường Mộ Lao - Quận Hà Đông,2026-09-17,2026-09-17
nhatot,nt_134713151,nha_tro,https://www.nhatot.com/134713151.htm,CĂN HỘ 1PN Ô TÔ ĐỖ CỬA TẠI TRUNG KÍNH,10500000,"10,5 triệu/tháng",42.0,42.0,1.0,1.0,Đầy đủ,Hà Nội,Cầu Giấy,Yên Hoà,Phố Trung Kính - Phường Yên Hoà - Quận Cầu Giấy,2026-09-17,2026-09-17
nhatot,nt_134157018,nha_tro,https://www.nhatot.com/134157018.htm,mặt bằng kinh doanh nhà 3 tầng 4 phòng tại yên lãng,15000000,15 triệu/tháng,200.0,200.0,,,Đầy đủ,Hà Nội,Đống Đa,Thịnh Quang,Ngõ 82 Yên Lãng - Phường Thịnh Quang - Quận Đống Đa,2026-09-17,2026-09-17
nhatot,nt_132567950,nha_tro,https://www.nhatot.com/132567950.htm,Cho thuê CHDV full đồ 01 ngủ rộng ở ngay Thung lũng hoa Hồ Tây,13000000,13 triệu/tháng,65.0,65.0,1.0,1.0,Đầy đủ,Hà Nội,Tây Hồ,Nhật Tân,Ngõ 399 Âu Cơ - Phường Nhật Tân - Quận Tây Hồ,2026-09-17,2026-09-17
nhatot,nt_131123218,nha_tro,https://www.nhatot.com/131123218.htm,Phòng Trọ Khép Kín 20m2 tại Louis City Hoàng mai,3200000,"3,2 triệu/tháng",20.0,20.0,,,,Hà Nội,Hoàng Mai,Mai Động,Phố Tân Mai - Phường Mai Động - Quận Hoàng Mai,2026-09-17,2026-09-17
nhatot,nt_133775866,nha_tro,https://www.nhatot.com/133775866.htm,"Studio phố An Dương Tây hồ, rộng rãi thoáng, ban công thoáng",3600000,"3,6 triệu/tháng",30.0,30.0,,,,Hà Nội,Tây Hồ,Yên Phụ,Phố An Dương - Phường Yên Phụ - Quận Tây Hồ,2026-09-17,2026-09-17
nhatot,nt_134719202,nha_tro,https://www.nhatot.com/134719202.htm,"Văn phòng full nội thất cho 5 - 6 người, view triệu đô tại phố Duy Tân",9000000,9 triệu/tháng,15.0,15.0,,,,Hà Nội,Cầu Giấy,Dịch Vọng Hậu,Phố Duy Tân - Phường Dịch Vọng Hậu - Quận Cầu Giấy,2026-09-17,2026-09-17
nhatot,nt_133106581,nha_tro,https://www.nhatot.com/133106581.htm,"Cho thuê văn phòng, mbkd, lớp học, livestream bán hàng",5000000,5 triệu/tháng,55.0,55.0,,,Cơ bản,Hà Nội,Hoàng Mai,Giáp Bát,Phố Kim Đồng - Phường Giáp Bát - Quận Hoàng Mai,2026-09-17,2026-09-17
nhatot,nt_132501325,nha_tro,https://www.nhatot.com/132501325.htm,Chính chủ cho thuê phòng ngõ 9 Yên Phúc,3300000,"3,3 triệu/tháng",20.0,20.0,,,,Hà Nội,Hà Đông,Phúc La,ngõ 9 yên phúc - Phường Phúc La - Quận Hà Đông,2026-09-17,2026-09-17
nhatot,nt_134728206,nha_tro,https://www.nhatot.com/134728206.htm,"cho thuê phòng khép kín điều hòa bình nóng lạnh  giá 2,7tr",2700000,"2,7 triệu/tháng",20.0,20.0,,,,Hà Nội,Hoàng Mai,Định Công,Ngõ 99 Định Công Hạ - Phường Định Công - Quận Hoàng Mai,2026-09-17,2026-09-17
nhatot,nt_134713946,nha_tro,https://www.nhatot.com/134713946.htm,"4đ8-5đ Mỹ Đình , đầy đủ nội thất , ngõ oto , thuận tiện ra trung tâm",4800000,"4,8 triệu/tháng",20.0,20.0,,,,Hà Nội,Nam Từ Liêm,Mỹ Đình 2,Đường Mỹ Đình - Phường Mỹ Đình 2 - Quận Nam Từ Liêm,2026-09-17,2026-09-17
nhatot,nt_134277703,nha_tro,https://www.nhatot.com/134277703.htm,Chính chủ cho thuê căn 3PN tại Sun Square vào vào luôn giá 16tr,16000000,16 triệu/tháng,100.0,100.0,3.0,2.0,Đầy đủ,Hà Nội,Nam Từ Liêm,Mỹ Đình 2,Lê Đức Thọ - Phường Mỹ Đình 2 - Quận Nam Từ Liêm,2026-09-17,2026-09-17
nhatot,nt_134734596,nha_tro,https://www.nhatot.com/134734596.htm,"Cho thuê phòng tầng 1, diện tích 20m², giá tiền 2,5 triệu/tháng",2500000,"2,5 triệu/tháng",20.0,20.0,,,,Hà Nội,Thanh Xuân,Nhân Chính,Phố Chính Kinh - Phường Nhân Chính - Quận Thanh Xuân,2026-09-17,2026-09-17
nhatot,nt_134144698,nha_tro,https://www.nhatot.com/134144698.htm,Mặt phố Kim Đồng - Giáp Bát,15000000,15 triệu/tháng,45.0,45.0,,,Cơ bản,Hà Nội,Hoàng Mai,Giáp Bát,Phố Kim Đồng - Phường Giáp Bát - Quận Hoàng Mai,2026-09-17,2026-09-17
nhatot,nt_133452650,nha_tro,https://www.nhatot.com/133452650.htm,"PHÒNG TRỌ GIÁ CẢ, CHI PHÍ HỢP LÝ CÁCH CẦU HỮU HOÀ 50M",2300000,"2,3 triệu/tháng",21.0,21.0,,,,Hà Nội,Thanh Trì,Hữu Hoà,Đường Hữu Lê - Xã Hữu Hoà - Huyện Thanh Trì,2026-09-17,2026-09-17
nhatot,nt_134699202,nha_tro,https://www.nhatot.com/134699202.htm,CHO THUÊ CHUNG CƯ MẶT PHỐ NGUYỄN LAM –2 NGỦ - NỘI THẤT ĐẦY ĐỦ -  VIEW,11000000,11 triệu/tháng,80.0,80.0,2.0,,,Hà Nội,Long Biên,Phúc Đồng,Nguyễn Lam - Phường Phúc Đồng - Quận Long Biên,2026-09-17,2026-09-17
nhatot,nt_134734177,nha_tro,https://www.nhatot.com/134734177.htm,Phòng trọ ngõ 1194 Chùa Láng,4200000,"4,2 triệu/tháng",25.0,25.0,,,,Hà Nội,Đống Đa,Láng Thượng,Phố Chùa Láng - Phường Láng Thượng - Quận Đống Đa,2026-09-17,2026-09-17
nhatot,nt_134732887,nha_tro,https://www.nhatot.com/134732887.htm,"HOT, cho thuê văn phòng mạn Vạn Phúc 4tr5",4500000,"4,5 triệu/tháng",50.0,50.0,,,Đầy đủ,Hà Nội,Hà Đông,La Khê,Phố Nông Quốc Chấn - Phường La Khê - Quận Hà Đông,2026-09-17,2026-09-17
nhatot,nt_134733839,nha_tro,https://www.nhatot.com/134733839.htm,"cho Thuê Nhà Không chung chủ,đủ đồ ",2200000,"2,2 triệu/tháng",20.0,20.0,,,,Hà Nội,Cầu Giấy,Mai Dịch,Phố Doãn Kế Thiện - Phường Mai Dịch - Quận Cầu Giấy,2026-09-17,2026-09-17
nhatot,nt_134519170,nha_tro,https://www.nhatot.com/134519170.htm,Cho thuê mặt bằng Kinh doanh hoặc Văn phòng,6500000,"6,5 triệu/tháng",30.0,30.0,,,,Hà Nội,Hà Đông,Phú La,Phố Tống Tất Thắng - Phường Phú La - Quận Hà Đông,2026-09-17,2026-09-17
nhatot,nt_134733258,nha_tro,https://www.nhatot.com/134733258.htm,e pass lại phòng ở ghép ạ chỉ 1450k/1 nếu ấy luôn e tặng free t9 này,1450000,"1,45 triệu/tháng",20.0,20.0,,,,Hà Nội,Hoàng Mai,Vĩnh Hưng,Phố Đông Thiên - Phường Vĩnh Hưng - Quận Hoàng Mai,2026-09-16,2026-09-17
nhatot,nt_133452108,nha_tro,https://www.nhatot.com/133452108.htm,"cho thuê phòng trọ 2,1tr ngay cầu Hữu Hoà full đồ",2100000,"2,1 triệu/tháng",19.0,19.0,,,,Hà Nội,Thanh Trì,Hữu Hoà,Đường Hữu Lê - Xã Hữu Hoà - Huyện Thanh Trì,2026-09-16,2026-09-17
nhatot,nt_134181551,nha_tro,https://www.nhatot.com/134181551.htm,"CHO THUÊ PHÒNG 1,9tr gần cầu Hữu Hoà",1900000,"1,9 triệu/tháng",15.0,15.0,,,,Hà Nội,Thanh Trì,Tả Thanh Oai,Ngõ 7 Hữu Lê - Xã Tả Thanh Oai - Huyện Thanh Trì,2026-09-16,2026-09-17
nhatot,nt_134181540,nha_tro,https://www.nhatot.com/134181540.htm,Cho thuê phòng trọ sẵn tiện nghi 25m2 mặt tiền ở ngay,2500000,"2,5 triệu/tháng",25.0,25.0,,,,Hà Nội,Thanh Xuân,Kim Giang,Ngõ 908 Kim Giang - Phường Kim Giang - Quận Thanh Xuân,2026-09-16,2026-09-17
nhatot,nt_134181496,nha_tro,https://www.nhatot.com/134181496.htm,cho thuê phòng trọ 20m2 có ban công giá rẻ NGAY CẦU HỮU HOÀ,2300000,"2,3 triệu/tháng",20.0,20.0,,,,Hà Nội,Thanh Trì,Tả Thanh Oai,07 Hữu Lê - Xã Tả Thanh Oai - Huyện Thanh Trì,2026-09-16,2026-09-17
nhatot,nt_134330694,nha_tro,https://www.nhatot.com/134330694.htm,"phòng trọ giá chỉ 1,9trfull tiện nghi vào ở ngay cách cầu hữu hào 300m",1900000,"1,9 triệu/tháng",14.0,14.0,,,,Hà Nội,Thanh Trì,Hữu Hoà,Đường Hữu Lê - Xã Hữu Hoà - Huyện Thanh Trì,2026-09-16,2026-09-17
nhatot,nt_134309410,nha_tro,https://www.nhatot.com/134309410.htm,CHO THUÊ PHÒNG TRỌ GIÁ RẺ NGAY CẦU THANH TRÌ NHÀ MẶT TIỀN VÀO Ở NGAY,1900000,"1,9 triệu/tháng",15.0,15.0,,,,Hà Nội,Long Biên,Cự Khối,Đường Bát Khối - Phường Cự Khối - Quận Long Biên,2026-09-16,2026-09-17
nhatot,nt_134733019,nha_tro,https://www.nhatot.com/134733019.htm,Cho thuê văn phòng tại Hoàng Cầu 130m2 giá 20t cực rẻ,20000000,20 triệu/tháng,130.0,130.0,,,,Hà Nội,Đống Đa,Ô Chợ Dừa,Phố Hoàng Cầu - Phường Ô Chợ Dừa - Quận Đống Đa,2026-09-16,2026-09-17
nhatot,nt_134732994,nha_tro,https://www.nhatot.com/134732994.htm,Pass Phòng full nội thất,4200000,"4,2 triệu/tháng",28.0,28.0,,,,Hà Nội,Nam Từ Liêm,Mễ Trì,Đường Mễ Trì - Phường Mễ Trì - Quận Nam Từ Liêm,2026-09-16,2026-09-17
nhatot,nt_134732783,nha_tro,https://www.nhatot.com/134732783.htm,Cho thuê văn phòng tại Huỳnh Thúc Kháng 145m2 giá 27t full đồ,27000000,27 triệu/tháng,145.0,145.0,,,,Hà Nội,Đống Đa,Láng Thượng,Phố Huỳnh Thúc Kháng - Phường Láng Thượng - Quận Đống Đa,2026-09-16,2026-09-17
nhatot,nt_134732613,nha_tro,https://www.nhatot.com/134732613.htm,Pass trọ gần BKX,3500000,"3,5 triệu/tháng",35.0,35.0,,,,Hà Nội,Hai Bà Trưng,Bạch Mai,Ngõ Quỳnh - Phường Bạch Mai - Quận Hai Bà Trưng,2026-09-16,2026-09-17
nhatot,nt_134483934,nha_tro,https://www.nhatot.com/134483934.htm,CHO THUÊ VĂN PHÒNG TẠI TÒA G3 VINHOMES GREENBAY MỄ TRÌ,14500000,"14,5 triệu/tháng",50.0,50.0,,,Đầy đủ,Hà Nội,Nam Từ Liêm,Mễ Trì,Đại lộ Thăng Long - Phường Mễ Trì - Quận Nam Từ Liêm,2026-09-16,2026-09-17
nhatot,nt_133942526,nha_tro,https://www.nhatot.com/133942526.htm,nhà 3 tầng 4 phòng ngủ,14000000,14 triệu/tháng,200.0,200.0,,,,Hà Nội,Hoàng Mai,Định Công,Đường Ngõ 337 - Phường Định Công - Quận Hoàng Mai,2026-09-16,2026-09-17
nhatot,nt_134510337,nha_tro,https://www.nhatot.com/134510337.htm,"35tr/th, cho thuê toà Văn Phòng ngay Quang Trung, Hà Đông mt 11m",35000000,35 triệu/tháng,110.0,110.0,,,,Hà Nội,Hà Đông,La Khê,Đường Quang Trung - Phường La Khê - Quận Hà Đông,2026-09-16,2026-09-17
nhatot,nt_134732035,nha_tro,https://www.nhatot.com/134732035.htm,Cho thuê mặt bằng kinh doanh tại số nhà 88 tổ 12 đường thiết bị điện,6000000,6 triệu/tháng,50.0,50.0,,,Thô,Hà Nội,Đông Anh,Thị trấn Đông Anh,Thiết Bị Điện - Thị trấn Đông Anh - Huyện Đông Anh,2026-09-16,2026-09-17
nhatot,nt_134713096,nha_tro,https://www.nhatot.com/134713096.htm,cho thuê phòng trọ tây hồ,1700000,"1,7 triệu/tháng",25.0,25.0,,,,Hà Nội,Tây Hồ,Phú Thượng,Ngõ 2 An Dương Vương - Phường Phú Thượng - Quận Tây Hồ,2026-09-16,2026-09-17
nhatot,nt_132446737,nha_tro,https://www.nhatot.com/132446737.htm,"Cho thuê nhà,100m2,  3 tầng kinh doanh văn phòng, khách sạn, lớp học",19000000,19 triệu/tháng,100.0,100.0,,,Đầy đủ,Hà Nội,Long Biên,Việt Hưng,Phố Hoa Lâm - Phường Việt Hưng - Quận Long Biên,2026-09-16,2026-09-17
nhatot,nt_134731818,nha_tro,https://www.nhatot.com/134731818.htm,"KHAI TRƯƠNG STUDIO BAN CÔNG MÁY GIẶT RIÊNG, 300m GA METRO",4300000,"4,3 triệu/tháng",28.0,28.0,,,,Hà Nội,Cầu Giấy,Mai Dịch,Phú Diễn - Phường Mai Dịch - Quận Cầu Giấy,2026-09-16,2026-09-17
nhatot,nt_134731719,nha_tro,https://www.nhatot.com/134731719.htm,"CHO THUÊ PHÒNG TRỌ CẦU GIẤY, NGÕ PHỐ CHÙA HÀ",4800000,"4,8 triệu/tháng",24.0,24.0,,,,Hà Nội,Cầu Giấy,Dịch Vọng,Phố Chùa Hà - Phường Dịch Vọng - Quận Cầu Giấy,2026-09-16,2026-09-17
nhatot,nt_134731711,nha_tro,https://www.nhatot.com/134731711.htm,CCMN thang máy Nguyễn CHí Thanh 3.5tr tủ lạnh VSKK,3500000,"3,5 triệu/tháng",20.0,20.0,,,,Hà Nội,Đống Đa,Láng Hạ,Ngõ 91 Nguyễn Chí Thanh - Phường Láng Hạ - Quận Đống Đa,2026-09-16,2026-09-17
nhatot,nt_134731617,nha_tro,https://www.nhatot.com/134731617.htm,"Phòng trọ khép kín gần Đh Điện lực, cđ KTKT - điều hòa, tủ lạnh",1600000,"1,6 triệu/tháng",10.0,10.0,,,,Hà Nội,Hà Đông,Phú Lương,Đường Huyền Kỳ - Phường Phú Lương - Quận Hà Đông,2026-09-16,2026-09-17
nhatot,nt_133431991,nha_tro,https://www.nhatot.com/133431991.htm,"Cho thuê sân thượng, sẵn mái. 500m2",40000000,40 triệu/tháng,500.0,500.0,,,Thô,Hà Nội,Hoàn Kiếm,Chương Dương,Phố Chương Dương Độ - Phường Chương Dương - Quận Hoàn Kiếm,2026-09-16,2026-09-17
nhatot,nt_134731250,nha_tro,https://www.nhatot.com/134731250.htm,"cho thuê kho, xưởng 120m2 khu tái định cư Ngọc Hồi ",9000000,9 triệu/tháng,120.0,120.0,,,,Hà Nội,Thanh Trì,Ngọc Hồi,Tái Định Cư Ngọc Hồi - Xã Ngọc Hồi - Huyện Thanh Trì,2026-09-16,2026-09-17
nhatot,nt_134506335,nha_tro,https://www.nhatot.com/134506335.htm,Cho thuê văn phòng,8500000,"8,5 triệu/tháng",44.0,44.0,,,,Hà Nội,Hoàng Mai,Hoàng Liệt,Phố Nguyễn Phan Chánh - Phường Hoàng Liệt - Quận Hoàng Mai,2026-09-16,2026-09-17
nhatot,nt_134730927,nha_tro,https://www.nhatot.com/134730927.htm,Phòng cho sinh viên thuê,2700000,"2,7 triệu/tháng",15.0,15.0,,,,Hà Nội,Đống Đa,Kim Liên,Tôn Thất Tùng - Phường Kim Liên - Quận Đống Đa,2026-09-16,2026-09-17
nhatot,nt_134730768,nha_tro,https://www.nhatot.com/134730768.htm,pass phòng trọ,4500000,"4,5 triệu/tháng",30.0,30.0,,,,Hà Nội,Nam Từ Liêm,Mễ Trì,Phố Đỗ Đức Dục - Phường Mễ Trì - Quận Nam Từ Liêm,2026-09-16,2026-09-17
nhatot,nt_134584244,nha_tro,https://www.nhatot.com/134584244.htm,CHO THUÊ PHÒNG KHÉP KÍN,3500000,"3,5 triệu/tháng",22.0,22.0,,,,Hà Nội,Hoàng Mai,Thịnh Liệt,Phố Giáp Nhị - Phường Thịnh Liệt - Quận Hoàng Mai,2026-09-16,2026-09-17
nhatot,nt_134059433,nha_tro,https://www.nhatot.com/134059433.htm,"🔥 VỊ TRÍ ĐẮC ĐỊA TRẦN NHÂN TÔNG,  VIEW RẠP XIẾC & CÔNG VIÊN",40000000,40 triệu/tháng,72.0,72.0,,,,Hà Nội,Hai Bà Trưng,Nguyễn Du,Phố Trần Nhân Tông - Phường Nguyễn Du - Quận Hai Bà Trưng,2026-09-16,2026-09-17
nhatot,nt_131041525,nha_tro,https://www.nhatot.com/131041525.htm,Phòng trọ khu Nguyên Hồng - Thành Công,2600000,"2,6 triệu/tháng",28.0,28.0,,,,Hà Nội,Ba Đình,Thành Công,Phố Thành Công - Phường Thành Công - Quận Ba Đình,2026-09-16,2026-09-17
nhatot,nt_133574859,nha_tro,https://www.nhatot.com/133574859.htm,CC cho thuê cửa hàng mặt đường Láng,8000000,8 triệu/tháng,20.0,20.0,,,Cơ bản,Hà Nội,Đống Đa,Láng Thượng,Đường Láng - Phường Láng Thượng - Quận Đống Đa,2026-09-16,2026-09-17
nhatot,nt_134448582,nha_tro,https://www.nhatot.com/134448582.htm,CHO THUÊ MẶT BẰNG KINH DOANH. PHƯỜNG CÁT LINH.,30000000,30 triệu/tháng,50.0,50.0,,,,Hà Nội,Đống Đa,Cát Linh,An trạch - Phường Cát Linh - Quận Đống Đa,2026-09-16,2026-09-17
nhatot,nt_134729116,nha_tro,https://www.nhatot.com/134729116.htm,"Cho thuê phòng tại ngõ 61 bằng liệt,Hoàng Liệt, Hà Nội. Vào ở luôn",2000000,2 triệu/tháng,25.0,25.0,,,,Hà Nội,Hoàng Mai,Hoàng Liệt,Đường Bằng Liệt - Phường Hoàng Liệt - Quận Hoàng Mai,2026-09-16,2026-09-17
nhatot,nt_134729115,nha_tro,https://www.nhatot.com/134729115.htm,cho thuê căn hộ ,8500000,"8,5 triệu/tháng",50.0,50.0,,,,Hà Nội,Thanh Xuân,Nhân Chính,Phố Cự Lộc - Phường Nhân Chính - Quận Thanh Xuân,2026-09-16,2026-09-17
nhatot,nt_134612702,nha_tro,https://www.nhatot.com/134612702.htm,"🌿 PHÒNG tại BA ĐÌNH, 2 CỬA SỔ THOÁNG – FULL ĐỒ – 3,9 TRIỆU",3900000,"3,9 triệu/tháng",28.0,28.0,,,,Hà Nội,Ba Đình,Vĩnh Phúc,Đường Hoàng Hoa Thám - Phường Vĩnh Phúc - Quận Ba Đình,2026-09-16,2026-09-17
nhatot,nt_134615594,nha_tro,https://www.nhatot.com/134615594.htm,"VĂN PHÒNG MẶT PHỐ TRẦN CUNG FULL NỘI THẤT CHỈ TỪ 3,9 TRIỆU",3900000,"3,9 triệu/tháng",20.0,20.0,,,Đầy đủ,Hà Nội,Cầu Giấy,Nghĩa Đô,Tran Cung - Phường Nghĩa Đô - Quận Cầu Giấy,2026-09-16,2026-09-17
nhatot,nt_134728616,nha_tro,https://www.nhatot.com/134728616.htm,Chính chủ cho thuê shophouse The Manor Central Park Nguyễn Xiển,35000000,35 triệu/tháng,75.0,75.0,,,Đầy đủ,Hà Nội,Hoàng Mai,Đại Kim,Nghiêm Xuân Yêm - Phường Đại Kim - Quận Hoàng Mai,2026-09-16,2026-09-17
nhatot,nt_134596065,nha_tro,https://www.nhatot.com/134596065.htm,(Chính chủ) cho thuê phòng đủ đồ Núi Trúc,3800000,"3,8 triệu/tháng",20.0,20.0,,,,Hà Nội,Ba Đình,Kim Mã,Phố Núi Trúc - Phường Kim Mã - Quận Ba Đình,2026-09-16,2026-09-17
nhatot,nt_134728262,nha_tro,https://www.nhatot.com/134728262.htm,3.9 tr 66 Hồ Tùng Mậu - Full đồ - Ở Luôn,3900000,"3,9 triệu/tháng",30.0,30.0,,,,Hà Nội,Cầu Giấy,Mai Dịch,Đường Hồ Tùng Mậu - Phường Mai Dịch - Quận Cầu Giấy,2026-09-16,2026-09-17
nhatot,nt_133021792,nha_tro,https://www.nhatot.com/133021792.htm,Chính chủ cần cho thuê sàn 65m2 mặt phố Nguyễn Khánh Toàn - Cầu Giấy,14000000,14 triệu/tháng,65.0,65.0,,,,Hà Nội,Cầu Giấy,Quan Hoa,Đường Nguyễn Khánh Toàn - Phường Quan Hoa - Quận Cầu Giấy,2026-09-16,2026-09-17
nhatot,nt_134725869,nha_tro,https://www.nhatot.com/134725869.htm,Nhà số 2 ngoc 144 quan nhân,1300000,"1,3 triệu/tháng",16.0,16.0,,,,Hà Nội,Thanh Xuân,Nhân Chính,Ngõ 144 Quan Nhân - Phường Nhân Chính - Quận Thanh Xuân,2026-09-16,2026-09-17
nhatot,nt_134339178,nha_tro,https://www.nhatot.com/134339178.htm,chính chủ cho thuê phòng gác xép tại mễ trì thượng giá chỉ 3tr4,3500000,"3,5 triệu/tháng",20.0,20.0,,,,Hà Nội,Nam Từ Liêm,Mễ Trì,mễ trì thượng - Phường Mễ Trì - Quận Nam Từ Liêm,2026-09-16,2026-09-17
nhatot,nt_134723995,nha_tro,https://www.nhatot.com/134723995.htm,Cho thuê sàn văn phòng Khuất Duy Tiến 100m2 14tr view hồ điều hòa,14000000,14 triệu/tháng,115.0,115.0,,,,Hà Nội,Thanh Xuân,Thanh Xuân Trung,Đường Khuất Duy Tiến - Phường Thanh Xuân Trung - Quận Thanh Xuân,2026-09-16,2026-09-17
nhatot,nt_132403360,nha_tro,https://www.nhatot.com/132403360.htm,"Tôn Đức Thắng- VP 105m2 Không gian mở, kinh doanh hái ra tiền giá hời",19000000,19 triệu/tháng,105.0,105.0,,,,Hà Nội,Đống Đa,Cát Linh,Phố Tôn Đức Thắng - Phường Cát Linh - Quận Đống Đa,2026-09-16,2026-09-17
nhatot,nt_134118456,nha_tro,https://www.nhatot.com/134118456.htm,Phòng trọ đơn giá sinh viên tại Nguyên Hồng,1600000,"1,6 triệu/tháng",10.0,10.0,,,,Hà Nội,Đống Đa,Láng Hạ,Phố Nguyên Hồng - Phường Láng Hạ - Quận Đống Đa,2026-09-16,2026-09-17
nhatot,nt_134723348,nha_tro,https://www.nhatot.com/134723348.htm,cho thuê nhà làm văn phòng,6500000,"6,5 triệu/tháng",60.0,60.0,,,,Hà Nội,Gia Lâm,Cổ Bi,"Đường Quốc Lộ 5, Xã Cổ Bi, Huyện Gia Lâm, Hà Nội - Xã Cổ Bi - Huyện Gia Lâm",2026-09-16,2026-09-17
nhatot,nt_131012765,nha_tro,https://www.nhatot.com/131012765.htm,"VP 185 Chùa Láng 40m2 Full Đồ: 8Tr, HH MG 100  - 150 %",8000000,8 triệu/tháng,40.0,40.0,,,Đầy đủ,Hà Nội,Đống Đa,Láng Thượng,Phố chùa Láng - Phường Láng Thượng - Quận Đống Đa,2026-09-16,2026-09-17
nhatot,nt_134722692,nha_tro,https://www.nhatot.com/134722692.htm,"Chính chủ cho thuê cửa hàng, 2 tầng 88m2 ngõ 211 Xã Đàn, MT 5m",15000000,15 triệu/tháng,113.0,113.0,,,Đầy đủ,Hà Nội,Đống Đa,Nam Đồng,Phố Xã Đàn - Phường Nam Đồng - Quận Đống Đa,2026-09-16,2026-09-17
nhatot,nt_134697789,nha_tro,https://www.nhatot.com/134697789.htm,Cho Thuê Phòng Phú Đô 3.6 tr - Khép Kín - Full Đồ - Không Chung Chủ,3600000,"3,6 triệu/tháng",20.0,20.0,,,,Hà Nội,Nam Từ Liêm,Phú Đô,Phố Phú Đô - Phường Phú Đô - Quận Nam Từ Liêm,2026-09-16,2026-09-17
nhatot,nt_134704613,nha_tro,https://www.nhatot.com/134704613.htm,cho thuê trọ 401 xuân đỉnh đủ đồ,3000000,3 triệu/tháng,30.0,30.0,,,,Hà Nội,Bắc Từ Liêm,Xuân Đỉnh,Đường Xuân Đỉnh - Phường Xuân Đỉnh - Quận Bắc Từ Liêm,2026-09-16,2026-09-17
nhatot,nt_134723523,nha_tro,https://www.nhatot.com/134723523.htm,Cho thuê phòng tầng 4 tập thể A7,2500000,"2,5 triệu/tháng",20.0,20.0,,,,Hà Nội,Hai Bà Trưng,Bạch Mai,Phố Bùi Ngọc Dương - Phường Bạch Mai - Quận Hai Bà Trưng,2026-09-16,2026-09-17
nhatot,nt_134681106,nha_tro,https://www.nhatot.com/134681106.htm,Trọ 143 Nguyễn Chính,3900000,"3,9 triệu/tháng",39.0,39.0,,,,Hà Nội,Hoàng Mai,Định Công,Phố Định Công Thượng - Phường Định Công - Quận Hoàng Mai,2026-09-16,2026-09-17
nhatot,nt_132395695,nha_tro,https://www.nhatot.com/132395695.htm,"VP Đống Đa 185 Chùa Láng: 3.5Tr, HH MG 100-150%",3500000,"3,5 triệu/tháng",15.0,15.0,,,Đầy đủ,Hà Nội,Đống Đa,Láng Thượng,Phố chùa láng  - Phường Láng Thượng - Quận Đống Đa,2026-09-16,2026-09-17
nhatot,nt_133166866,nha_tro,https://www.nhatot.com/133166866.htm,"Khu trọ sinh thái - nhiều kích cỡ, nhiều lựa chọn!",2000000,2 triệu/tháng,20.0,20.0,,,,Hà Nội,Tây Hồ,Quảng An,ngõ 238 Âu Cơ  - Phường Quảng An - Quận Tây Hồ,2026-09-16,2026-09-17
nhatot,nt_133809678,nha_tro,https://www.nhatot.com/133809678.htm,Phòng Khép Kín 27m2 Giá Mềm 4Tr Ảnh Thật Đủ NT Tiện Ích Nhận Xe Điện,4000000,4 triệu/tháng,27.0,27.0,,,,Hà Nội,Đống Đa,Phương Liên,Phố Xã Đàn - Phường Phương Liên - Quận Đống Đa,2026-09-16,2026-09-17
nhatot,nt_134721561,nha_tro,https://www.nhatot.com/134721561.htm,CHO THUÊ DÀI HẠN 1–3 CĂN NHÀ XÂY THÔ LK1-(21-23) ,5000000,5 triệu/tháng,82.5,82.5,,,Thô,Hà Nội,Đông Anh,Thị trấn Đông Anh,Đông Anh - Thị trấn Đông Anh - Huyện Đông Anh,2026-09-16,2026-09-17
nhatot,nt_134721397,nha_tro,https://www.nhatot.com/134721397.htm,HO THUÊ PHÒNG BIỆT THỰ TẠI KĐT XUÂN PHƯƠNG (30m² – FULL NỘI THẤT),3100000,"3,1 triệu/tháng",30.0,30.0,,,,Hà Nội,Nam Từ Liêm,Xuân Phương,Đường Foresa 5 - Phường Xuân Phương - Quận Nam Từ Liêm,2026-09-16,2026-09-17
nhatot,nt_134720917,nha_tro,https://www.nhatot.com/134720917.htm,"CHO THUÊ NHÀ MẶT PHỐ LÊ TRỌNG TẤN - PHƯƠNG LIỆT, HÀ NỘI",17000000,17 triệu/tháng,62.0,62.0,,,,Hà Nội,Thanh Xuân,Khương Mai,Phố Lê Trọng Tấn - Phường Khương Mai - Quận Thanh Xuân,2026-09-16,2026-09-17
nhatot,nt_133599450,nha_tro,https://www.nhatot.com/133599450.htm,Trọ đơn WC chung 1tr6-2tr,1600000,"1,6 triệu/tháng",10.0,10.0,,,,Hà Nội,Ba Đình,Kim Mã,Phố Kim Mã - Phường Kim Mã - Quận Ba Đình,2026-09-16,2026-09-17
nhatot,nt_134366535,nha_tro,https://www.nhatot.com/134366535.htm,Cho sinh viên nữ thuê phòng tại ngõ 250 Tân Mai,2600000,"2,6 triệu/tháng",30.0,30.0,,,,Hà Nội,Hoàng Mai,Tân Mai,ngõ 250 Tân Mai - Phường Tân Mai - Quận Hoàng Mai,2026-09-16,2026-09-17
nhatot,nt_134451644,nha_tro,https://www.nhatot.com/134451644.htm,Cho thuê phòng ở giá rẻ,3200000,"3,2 triệu/tháng",20.0,20.0,,,,Hà Nội,Hoàng Mai,Thịnh Liệt,Phố Nguyễn Chính - Phường Thịnh Liệt - Quận Hoàng Mai,2026-09-16,2026-09-17
nhatot,nt_133025151,nha_tro,https://www.nhatot.com/133025151.htm,Văn phòng 22m2 trọn gói chỉ 3tr5 tại Trần Quang Diệu - Đống Đa,3500000,"3,5 triệu/tháng",22.0,22.0,,,Cơ bản,Hà Nội,Đống Đa,Ô Chợ Dừa,Ngõ 19 Trần Quang Diệu - Phường Ô Chợ Dừa - Quận Đống Đa,2026-09-16,2026-09-17
nhatot,nt_134720020,nha_tro,https://www.nhatot.com/134720020.htm,"Nhà ngõ 2 Trung Kính, Dt 48m2 x 5 tầng , đường trước nhà rộng để ô tô",26000000,26 triệu/tháng,48.0,48.0,,,,Hà Nội,Cầu Giấy,Yên Hoà,Trung Kính - Phường Yên Hoà - Quận Cầu Giấy,2026-09-16,2026-09-17
nhatot,nt_134719962,nha_tro,https://www.nhatot.com/134719962.htm,Chính chủ cho thuê văn phòng 265m2 mặt phố Đại La,50000000,50 triệu/tháng,265.0,265.0,,,,Hà Nội,Hai Bà Trưng,Bạch Mai,Đại Lai - Phường Bạch Mai - Quận Hai Bà Trưng,2026-09-16,2026-09-17
nhatot,nt_134719857,nha_tro,https://www.nhatot.com/134719857.htm,Chính chủ cho thuê văn phòng 170m2 mặt phố Khuất Duy Tiến,27000000,27 triệu/tháng,170.0,170.0,,,,Hà Nội,Thanh Xuân,Thanh Xuân Bắc,Đường Khuất Duy Tiến - Phường Thanh Xuân Bắc - Quận Thanh Xuân,2026-09-16,2026-09-17
nhatot,nt_134719797,nha_tro,https://www.nhatot.com/134719797.htm,Cho thuê văn phòng 150m2 tại Trần Vỹ,25000000,25 triệu/tháng,150.0,150.0,,,,Hà Nội,Cầu Giấy,Mai Dịch,Trần vỹ - Phường Mai Dịch - Quận Cầu Giấy,2026-09-16,2026-09-17
nhatot,nt_134719690,nha_tro,https://www.nhatot.com/134719690.htm,Cho thuê lâu dài,25000000,25 triệu/tháng,45.0,45.0,,,Cơ bản,Hà Nội,Đống Đa,Thổ Quan,Phố Khâm Thiên - Phường Thổ Quan - Quận Đống Đa,2026-09-16,2026-09-17
nhatot,nt_133582711,nha_tro,https://www.nhatot.com/133582711.htm,Cho thuê sàn văn phòng 170m2 tại Thụy Khuê,25000000,25 triệu/tháng,170.0,170.0,,,,Hà Nội,Tây Hồ,Bưởi,Đường Thụy Khuê - Phường Bưởi - Quận Tây Hồ,2026-09-16,2026-09-17
nhatot,nt_133582311,nha_tro,https://www.nhatot.com/133582311.htm,Cho thuê văn phòng 320m2 tại Vũ Tông Phan,58000000,58 triệu/tháng,320.0,320.0,,,,Hà Nội,Thanh Xuân,Khương Đình,Phố Vũ Tông Phan - Phường Khương Đình - Quận Thanh Xuân,2026-09-16,2026-09-17
nhatot,nt_133582090,nha_tro,https://www.nhatot.com/133582090.htm,Cho thuê MBKD  100m2 Tại Trần Vỹ,35000000,35 triệu/tháng,100.0,100.0,,,,Hà Nội,Cầu Giấy,Mai Dịch,Phố Trần Vỹ - Phường Mai Dịch - Quận Cầu Giấy,2026-09-16,2026-09-17
nhatot,nt_133461428,nha_tro,https://www.nhatot.com/133461428.htm,Cho thuê sàn văn phòng 200m2 tại Hoàng Cầu,52000000,52 triệu/tháng,200.0,200.0,,,,Hà Nội,Đống Đa,Ô Chợ Dừa,Ô Chợ Dừa - Phường Ô Chợ Dừa - Quận Đống Đa,2026-09-16,2026-09-17
nhatot,nt_133013520,nha_tro,https://www.nhatot.com/133013520.htm,Chính chủ cho thuê MBKD 60m2 Tại Võ Văn Dũng,23000000,23 triệu/tháng,60.0,60.0,,,Cơ bản,Hà Nội,Đống Đa,Ô Chợ Dừa,Phố Võ Văn Dũng - Phường Ô Chợ Dừa - Quận Đống Đa,2026-09-16,2026-09-17
nhatot,nt_133582506,nha_tro,https://www.nhatot.com/133582506.htm,Cho thuê văn phòng 100m2 tại Trần Thái Tông,20000000,20 triệu/tháng,100.0,100.0,,,,Hà Nội,Cầu Giấy,Dịch Vọng Hậu,Phố Trần Thái Tông - Phường Dịch Vọng Hậu - Quận Cầu Giấy,2026-09-16,2026-09-17
nhatot,nt_133581945,nha_tro,https://www.nhatot.com/133581945.htm,Cho thuê văn phòng đẹp 90m2 tại Mỹ Đình,19000000,19 triệu/tháng,90.0,90.0,,,,Hà Nội,Nam Từ Liêm,Mỹ Đình 2,Phố Thiên Hiền - Phường Mỹ Đình 2 - Quận Nam Từ Liêm,2026-09-16,2026-09-17
nhatot,nt_133565749,nha_tro,https://www.nhatot.com/133565749.htm,Cho thuê sàn văn phòng đẹp 200m2 tại Hoàng Quốc Việt  -Phạm Văn Đồng,38000000,38 triệu/tháng,200.0,200.0,,,,Hà Nội,Cầu Giấy,Dịch Vọng Hậu,Đường Phạm Văn Đồng - Phường Dịch Vọng Hậu - Quận Cầu Giấy,2026-09-16,2026-09-17
nhatot,nt_133565623,nha_tro,https://www.nhatot.com/133565623.htm,Cho thuê văn phòng 60m2 tại Lạc Long Quân 8 triệu,8000000,8 triệu/tháng,60.0,60.0,,,,Hà Nội,Tây Hồ,Bưởi,Đường Lạc Long Quân - Phường Bưởi - Quận Tây Hồ,2026-09-16,2026-09-17
nhatot,nt_134706080,nha_tro,https://www.nhatot.com/134706080.htm,Cho thuê căn hộ dịch vụ tại số 28E ngõ 32Hạ Yên Quyết phòng 25m2 khép,3600000,"3,6 triệu/tháng",25.0,25.0,,,,Hà Nội,Cầu Giấy,Yên Hoà,Phố Hạ Yên Quyết - Phường Yên Hoà - Quận Cầu Giấy,2026-09-16,2026-09-17
nhatot,nt_134718971,nha_tro,https://www.nhatot.com/134718971.htm,"CỬA HÀNG 3 TẦNG CHO THUÊ –  DƯƠNG KHUÊ, CẦU GIẤY, HÀ NỘI",60000000,60 triệu/tháng,270.0,270.0,,,,Hà Nội,Cầu Giấy,Mai Dịch,Phố Dương Khuê - Phường Mai Dịch - Quận Cầu Giấy,2026-09-16,2026-09-17
nhatot,nt_134718862,nha_tro,https://www.nhatot.com/134718862.htm,Cho thuê MBKD 80m2 nhà MẶT PHỐ Hà Kế Tấn - Trường Chinh 20 tr/tháng.,20000000,20 triệu/tháng,80.0,80.0,,,,Hà Nội,Thanh Xuân,Phương Liệt,Phố Hà Kế Tấn - Phường Phương Liệt - Quận Thanh Xuân,2026-09-16,2026-09-17
nhatot,nt_134718271,nha_tro,https://www.nhatot.com/134718271.htm,CHÍNH CHỦ CHO THUÊ PHÒNG CCMN,3600000,"3,6 triệu/tháng",27.0,27.0,,,,Hà Nội,Nam Từ Liêm,Phương Canh,Đường Xuân Phương - Phường Phương Canh - Quận Nam Từ Liêm,2026-09-16,2026-09-17
nhatot,nt_134718121,nha_tro,https://www.nhatot.com/134718121.htm,"Chính chủ cho thuê phòng mới phố Đội Cấn,Ba Đình, Hà Nội",4000000,4 triệu/tháng,25.0,25.0,,,,Hà Nội,Ba Đình,Đội Cấn,Phố Đội Cấn - Phường Đội Cấn - Quận Ba Đình,2026-09-16,2026-09-17
nhatot,nt_133268241,nha_tro,https://www.nhatot.com/133268241.htm,"CHO THUÊ NHÀ NGÕ 34 VŨ PHẠM HÀM - PHÙ HỢP LÀM VĂN PHÒNG, KINH DOANH",50000000,50 triệu/tháng,100.0,100.0,,,,Hà Nội,Cầu Giấy,Yên Hoà,Phố Vũ Phạm Hàm - Phường Yên Hoà - Quận Cầu Giấy,2026-09-16,2026-09-17
nhatot,nt_134717814,nha_tro,https://www.nhatot.com/134717814.htm,"Cho thuê nhà ngõ 155 Nguyễn Khang, Dt 80m2 x 2 tầng có hầm để xe",20000000,20 triệu/tháng,80.0,80.0,,,,Hà Nội,Cầu Giấy,Yên Hoà,Đường Nguyễn Khang - Phường Yên Hoà - Quận Cầu Giấy,2026-09-16,2026-09-17
nhatot,nt_134717719,nha_tro,https://www.nhatot.com/134717719.htm,🔥 STUDIO FULL NỘI THẤT – BAN CÔNG ĐẸP TẠI TÂY HỒ 🔥 GIẢM 1TR tháng đầu,4800000,"4,8 triệu/tháng",22.0,22.0,,,,Hà Nội,Tây Hồ,Quảng An,Đường Đặng Thai Mai - Phường Quảng An - Quận Tây Hồ,2026-09-16,2026-09-17
nhatot,nt_134682972,nha_tro,https://www.nhatot.com/134682972.htm,"phòng nhỏ chỉ cho 1 người thuê, chính chủ, khép kín khu vực Hoàng Mai",1200000,"1,2 triệu/tháng",15.0,15.0,,,,Hà Nội,Hoàng Mai,Đại Kim,Phố Đại Từ - Phường Đại Kim - Quận Hoàng Mai,2026-09-16,2026-09-17
nhatot,nt_132986196,nha_tro,https://www.nhatot.com/132986196.htm,Chính chủ cho thuê nhà phố Khuất Duy Tiến,36000000,36 triệu/tháng,60.0,60.0,,,Cơ bản,Hà Nội,Thanh Xuân,Thanh Xuân Bắc,Đường Khuất Duy Tiến - Phường Thanh Xuân Bắc - Quận Thanh Xuân,2026-09-16,2026-09-17
alonhadat,alo_19072964,can_ho_chung_cu,https://alonhadat.com.vn/chinh-chu-cho-thue-can-ho-tai-toa-ct1-2-cccc-183-hoang-van-thai-thanh-xuan-ha-noi-2pn-19072964.html,"Cho thuê căn hộ tại tòa CT1.2 CCCC 183 HOÀNG VĂN THÁI, Thanh Xuân, Hà Nội. 2PN",12500000,"Giá: 12,5 triệu / tháng",70.0,70.0,2.0,,,Hà Nội,Thanh Xuân,Khương Đình,Phố Hoàng Văn Thái - Phường Khương Đình - Hà Nội,2026-09-16,2026-09-17
alonhadat,alo_18631200,can_ho_chung_cu,https://alonhadat.com.vn/chinh-chu-cho-thue-can-ho-tai-toa-ct1-2-cccc-183-hoang-van-thai-thanh-xuan-ha-noi-2-pho-18631200.html,"cho thuê căn hộ tại tòa CT1.2 CCCC 183 HOÀNG VĂN THÁI, Thanh Xuân, Hà Nội. 2 PHÒ",12500000,"Giá: 12,5 triệu / tháng",70.0,70.0,2.0,,,Hà Nội,Thanh Xuân,Khương Đình,Phố Hoàng Văn Thái - Phường Khương Đình - Hà Nội,2026-09-16,2026-09-17
alonhadat,alo_19077669,can_ho_chung_cu,https://alonhadat.com.vn/chinh-chu-cho-thue-can-ho-2pn-83m2-chung-cu-hoa-phat-99-tan-mai-phuong-tan-mai-19077669.html,"CHÍNH CHỦ CHO THUÊ CĂN HỘ 2PN 83M2 CHUNG CƯ HÒA PHÁT 99 TÂN MAI, PHƯỜNG TÂN MAI",14000000,Giá: 14 triệu / tháng,83.0,83.0,2.0,,,Hà Nội,Hoàng Mai,Hoàng Mai,Phố Tân Mai - Phường Hoàng Mai - Hà Nội,2026-09-17,2026-09-17
alonhadat,alo_19078015,can_ho_chung_cu,https://alonhadat.com.vn/cho-thue-can-ho-ngoc-lam-long-bien-30m2-4tr-th-19078015.html,CHO THUÊ CĂN HỘ NGỌC LÂM - LONG BIÊN 30m2 - 4tr/th,4000000,Giá: 4 triệu / tháng,30.0,30.0,1.0,,,Hà Nội,Long Biên,Bồ Đề,Đường Ngọc Lâm - Phường Bồ Đề - Hà Nội,2026-09-17,2026-09-17
alonhadat,alo_19076751,can_ho_chung_cu,https://alonhadat.com.vn/cho-thue-can-studio-khu-s3-vinhome-smart-city-full-nt-gia-7-6-trieu-thang-19076751.html,Cho thuê căn Studio khu S3  Smart City full NT giá 7.6 triệu/tháng,7600000,"Giá: 7,6 triệu / tháng",30.0,30.0,1.0,,,Hà Nội,Nam Từ Liêm,Tây Mỗ,Đường Đại Lộ Thăng Long - Phường Tây Mỗ - Hà Nội,2026-09-17,2026-09-17
alonhadat,alo_19073935,can_ho_chung_cu,https://alonhadat.com.vn/cho-thue-can-ho-the-matrix-one-3-phong-ngu-28-trieu-19073935.html,Cho thuê căn hộ The Matrix One 3 phòng ngủ 28 triệu,28000000,Giá: 28 triệu / tháng,112.0,112.0,3.0,,,Hà Nội,Nam Từ Liêm,Từ Liêm,Đường Lê Quang Đạo - Phường Từ Liêm - Hà Nội,2026-09-16,2026-09-17
alonhadat,alo_19073520,can_ho_chung_cu,https://alonhadat.com.vn/cho-thue-can-ho-ct2b-thach-ban-tang-cao-3-ngu-full-do-10tr-19073520.html,CHO THUÊ CĂN HỘ CT2B THẠCH BÀN - TẦNG CAO - 3 NGỦ - FULL ĐỒ 10Tr,10000000,Giá: 10 triệu / tháng,88.0,88.0,3.0,,,Hà Nội,Long Biên,Long Biên,Đường Thạch Bàn - Phường Long Biên - Hà Nội,2026-09-16,2026-09-17
alonhadat,alo_19057804,can_ho_chung_cu,https://alonhadat.com.vn/cho-thue-cc-mini-35m2-7-5-trieu-1pn-1wc-tai-ngo-401-xuan-dinh-bac-tu-liem-ha-noi-19057804.html,"Cho thuê CC mini 35m2, 7,5 triệu, 1PN, 1WC tại Ngõ 401 Xuân Đỉnh, Bắc Từ Liêm, Hà Nội",7500000,"Giá: 7,5 triệu / tháng",35.0,35.0,1.0,,,Hà Nội,Bắc Từ Liêm,Xuân Đỉnh,Đường Xuân Đỉnh - Phường Xuân Đỉnh - Hà Nội,2026-09-09,2026-09-17
alonhadat,alo_18979887,can_ho_chung_cu,https://alonhadat.com.vn/cho-thue-chung-cu-the-k-park-van-phu-68m2-3-phong-ngu-full-noi-that-gia-10-5-trieu-thang-18979887.html,"CHO THUÊ CHUNG CƯ THE K PARK VĂN PHÚ 68M2 3 PHÒNG NGỦ FULL NỘI THẤT GIÁ 10,5 TRIỆU/THÁNG",10500000,"Giá: 10,5 triệu / tháng",69.0,69.0,3.0,,,Hà Nội,Hà Đông,Kiến Hưng,Đường Lê Trọng Tấn - Phường Kiến Hưng - Hà Nội,2026-09-17,2026-09-17
alonhadat,alo_19009949,can_ho_chung_cu,https://alonhadat.com.vn/cho-thue-vinhomes-smart-city-65m-2-ngu-full-do-dep-9-trieu-19009949.html,CHO THUÊ VINHOMES SMART CITY  – 65M² – 2 NGỦ – FULL ĐỒ ĐẸP – 9 TRIỆU,9000000,Giá: 9 triệu / tháng,65.0,65.0,2.0,,,Hà Nội,Nam Từ Liêm,Đại Mỗ,Đường Đại Mỗ - Phường Đại Mỗ - Hà Nội,2026-09-17,2026-09-17
alonhadat,alo_19058208,can_ho_chung_cu,https://alonhadat.com.vn/cho-thue-c2-xuan-dinh-85m-2pn-full-do-dep-ban-cong-rong-thoang-11tr-19058208.html,CHO THUÊ C2 XUÂN ĐỈNH 85M² – 2PN FULL ĐỒ ĐẸP – BAN CÔNG RỘNG THOÁNG – 11TR,11000000,Giá: 11 triệu / tháng,85.0,85.0,2.0,,,Hà Nội,Bắc Từ Liêm,Xuân Đỉnh,Đường Xuân Đỉnh - Phường Xuân Đỉnh - Hà Nội,2026-09-17,2026-09-17
alonhadat,alo_19070358,can_ho_chung_cu,https://alonhadat.com.vn/cho-thue-can-ho-85m-2pn-full-noi-that-c2-xuan-dinh-megastar-chi-11-trieu-19070358.html,"CHO THUÊ CĂN HỘ 85M² – 2PN FULL NỘI THẤT – C2 XUÂN ĐỈNH, MEGASTAR - CHỈ 11 TRIỆU",11000000,Giá: 11 triệu / tháng,85.0,85.0,2.0,,,Hà Nội,Bắc Từ Liêm,Xuân Đỉnh,Đường Phạm Văn Đồng - Phường Xuân Đỉnh - Hà Nội,2026-09-17,2026-09-17
alonhadat,alo_19052309,can_ho_chung_cu,https://alonhadat.com.vn/chi-16-trieu-can-105m-3pn-full-do-sun-square-21-le-duc-tho-o-ngay--19052309.html,CHỈ 16 TRIỆU - CĂN 105M² 3PN FULL ĐỒ – SUN SQUARE 21 LÊ ĐỨC THỌ - Ở NGAY.,16000000,Giá: 16 triệu / tháng,105.0,105.0,3.0,,,Hà Nội,Nam Từ Liêm,Từ Liêm,Đường Lê Đức Thọ - Phường Từ Liêm - Hà Nội,2026-09-17,2026-09-17
alonhadat,alo_18939025,can_ho_chung_cu,https://alonhadat.com.vn/cho-thue-ccmn-giap-nhat-dt-50m-2ngu-1-ve-sinh-khach-bep-phong-bep-loza-gia-thue-8-trieu-18939025.html,"CHO THUÊ  CCMN Giáp Nhất dt 50m 2ngủ 1 vệ sinh loza Giá Thuê 7,5 triệu",7500000,"Giá: 7,5 triệu / tháng",50.0,50.0,2.0,,,Hà Nội,Thanh Xuân,Thanh Xuân,Đường Giáp Nhất - Phường Thanh Xuân - Hà Nội,2026-09-17,2026-09-17
alonhadat,alo_18574945,can_ho_chung_cu,https://alonhadat.com.vn/cho-thue-can-ho-chung-cu-cao-cap-toa-the-golden-palm-21-le-van-luong-thanh-xuan--18574945.html,"Cho thuê căn hộ chung cư cao cấp tòa The Golden Palm, 21 Lê Văn Lương, Thanh Xuân.",17500000,"Giá: 17,5 triệu / tháng",66.0,66.0,2.0,,,Hà Nội,Thanh Xuân,Thanh Xuân,Đường Lê Văn Lương - Phường Thanh Xuân - Hà Nội,2026-09-17,2026-09-17
alonhadat,alo_12600810,can_ho_chung_cu,https://alonhadat.com.vn/quy-can-sieu-hot-cc-iris-garden-2-3pn-do-co-ban-va-full-noi-that-chi-tu-10tr-re-nhat-12600810.html,"Quỹ căn SIÊU HOT CC Iris Garden 2-3PN, đồ cơ bản và full nội thất chỉ  13tr rẻ nhất",12000000,Giá: 12 triệu / tháng,62.0,62.0,2.0,,,Hà Nội,Nam Từ Liêm,Từ Liêm,Đường Trần Hữu Dực - Phường Từ Liêm - Hà Nội,2026-09-17,2026-09-17
alonhadat,alo_16929626,can_ho_chung_cu,https://alonhadat.com.vn/quy-can-ho-vinhome-smart-city-toa-sa1-tu-studio-3-ngu-gia-tu-6tr-th-co-xuat-hoa-don-16929626.html,"QUỸ CĂN HỘ: VINHOME SMART CITY TOÀ SA1 - TỪ STUDIO - 3 NGỦ, GIÁ TỪ 7TR/TH CÓ XUẤT HOÁ ĐƠN",11000000,Giá: 11 triệu / tháng,55.0,55.0,2.0,,,Hà Nội,Nam Từ Liêm,Đại Mỗ,Đường Đại Mỗ - Phường Đại Mỗ - Hà Nội,2026-09-17,2026-09-17
alonhadat,alo_14673191,can_ho_chung_cu,https://alonhadat.com.vn/cho-thue-nha-rieng-4-tang-du-tien-nghi-pho-kim-ma-gan-khach-san-daewoo-14673191.html,"Cho thuê căn hộ đủ tiện nghi 2 ngủ phố Cát Linh, Trịnh Hoài Đức",10000000,Giá: 10 triệu / tháng,65.0,65.0,2.0,,,Hà Nội,Đống Đa,Ô Chợ Dừa,Phố Cát Linh - Phường Ô Chợ Dừa - Hà Nội,2026-09-17,2026-09-17
alonhadat,alo_14402042,can_ho_chung_cu,https://alonhadat.com.vn/cho-thue-nha-rieng-5-tang-pho-bach-mai-ngo-quynh-tien-kinh-doanh--14402042.html,"Cho thuê căn hộ thang máy đủ tiện nghi phố Hàng Bài, sát Hồ Gươm",9500000,"Giá: 9,5 triệu / tháng",40.0,40.0,1.0,,,Hà Nội,Hoàn Kiếm,Cửa Nam,Phố Hàng Bài - Phường Cửa Nam - Hà Nội,2026-09-17,2026-09-17
alonhadat,alo_11535870,can_ho_chung_cu,https://alonhadat.com.vn/cho-thue-can-ho-tang-3-du-tien-nghi-pho-van-mieu-nguyen-thai-hoc--11535870.html,"Cho thuê chung cư thang máy đủ tiện nghi phố Tôn Đức Thắng, Ngõ Thịnh Hào 1",7000000,Giá: 7 triệu / tháng,40.0,40.0,1.0,,,Hà Nội,Đống Đa,Ô Chợ Dừa,Phố Tôn Đức Thắng - Phường Ô Chợ Dừa - Hà Nội,2026-09-17,2026-09-17
alonhadat,alo_14598876,can_ho_chung_cu,https://alonhadat.com.vn/cho-thue-can-ho-chung-cu-2-ngu-thang-may-du-tien-nghi-gan-cua-bac-pho-duc-chinh-14598876.html,"Cho thuê căn hộ chung cư 2 ngủ thang máy đủ tiện nghi gần Cửa Bắc, Phó Đức Chính",15000000,Giá: 15 triệu / tháng,70.0,70.0,2.0,,,Hà Nội,Ba Đình,Ba Đình,Phố Cửa Bắc - Phường Ba Đình - Hà Nội,2026-09-17,2026-09-17
alonhadat,alo_15380365,can_ho_chung_cu,https://alonhadat.com.vn/cho-thue-chung-cu-thang-may-du-tien-nghi-2-ngu-pho-xa-dan-gan-o-cho-dua-15380365.html,"Cho thuê chung cư thang máy đủ tiện nghi 2 ngủ phố Xã Đàn, gần Ô Chợ Dừa",8000000,Giá: 8 triệu / tháng,50.0,50.0,2.0,,,Hà Nội,Đống Đa,Đống Đa,Phố Xã Đàn - Phường Đống Đa - Hà Nội,2026-09-17,2026-09-17
alonhadat,alo_13569988,can_ho_chung_cu,https://alonhadat.com.vn/cho-thue-chung-cu-thang-may-du-tien-nghi-pho-ha-hoi-tran-quoc-toan--13569988.html,"Cho thuê chung cư thang máy đủ tiện nghi phố Hạ Hồi, Trần Quốc Toản.",13500000,"Giá: 13,5 triệu / tháng",50.0,50.0,1.0,,,Hà Nội,Hoàn Kiếm,Cửa Nam,Đường Hạ Hồi - Phường Cửa Nam - Hà Nội,2026-09-17,2026-09-17
alonhadat,alo_13484823,can_ho_chung_cu,https://alonhadat.com.vn/cho-thue-nha-rieng-5-5-tang-pho-trieu-viet-vuong-mai-hac-de--13484823.html,"Cho thuê căn hộ mini thang máy Trần Khát Chân, Lò Đúc",6000000,Giá: 6 triệu / tháng,45.0,45.0,1.0,,,Hà Nội,Hai Bà Trưng,Hai Bà Trưng,Đường Trần Khát Chân - Phường Hai Bà Trưng - Hà Nội,2026-09-17,2026-09-17
alonhadat,alo_14285735,can_ho_chung_cu,https://alonhadat.com.vn/cho-thue-can-ho-thang-may-du-tien-nghi-pho-doi-can-van-bao-14285735.html,"Cho thuê căn hộ thang máy đủ tiện nghi phố Đội Cấn, Vạn Bảo",12000000,Giá: 12 triệu / tháng,60.0,60.0,1.0,,,Hà Nội,Ba Đình,Ngọc Hà,Phố Đội cấn - Phường Ngọc Hà - Hà Nội,2026-09-17,2026-09-17
alonhadat,alo_14639844,can_ho_chung_cu,https://alonhadat.com.vn/cho-thue-nha-rieng-5-tang-x-88m2-pho-huynh-thuc-khang-tien-lam-van-phong-14639844.html,"Cho thuê căn hộ thang máy đủ tiện nghi phố Lê Duẩn, Hai Bà Trưng",8000000,Giá: 8 triệu / tháng,70.0,70.0,2.0,,,Hà Nội,Hoàn Kiếm,Cửa Nam,Đường Lê Duẩn - Phường Cửa Nam - Hà Nội,2026-09-17,2026-09-17
alonhadat,alo_14562565,can_ho_chung_cu,https://alonhadat.com.vn/cho-thue-can-ho-dich-vu-du-tien-nghi-pho-xa-dan-de-la-thanh-14562565.html,"Cho thuê căn hộ dịch vụ đủ tiện nghi phố Xã Đàn, Đê La Thành",8000000,Giá: 8 triệu / tháng,45.0,45.0,1.0,,,Hà Nội,Đống Đa,Ô Chợ Dừa,Phố Xã Đàn - Phường Ô Chợ Dừa - Hà Nội,2026-09-17,2026-09-17
alonhadat,alo_14611761,can_ho_chung_cu,https://alonhadat.com.vn/cho-thue-nha-rieng-5-tang-khu-phan-lo-pho-nguyen-hong-14611761.html,"Cho thuê căn hộ chung cư đủ tiện nghi phố Nguyễn Huy Tự, Lê Quý Đôn",14000000,Giá: 14 triệu / tháng,100.0,100.0,2.0,,,Hà Nội,Hai Bà Trưng,Hồng Hà,Phố Nguyễn Huy Tự - Phường Hồng Hà - Hà Nội,2026-09-17,2026-09-17
alonhadat,alo_15618221,can_ho_chung_cu,https://alonhadat.com.vn/cho-thue-nha-rieng-1-tang-pho-cua-dong-ly-nam-de-tien-nghi-day-du--15618221.html,"Cho thuê chung cư mini thang máy đủ tiện nghi phố Khâm Thiên, ngõ Đại Đồng",5000000,Giá: 5 triệu / tháng,25.0,25.0,1.0,,,Hà Nội,Đống Đa,Văn Miếu - Quốc Tử Giám,Phố Khâm Thiên - Phường Văn Miếu - Quốc Tử Giám - Hà Nội,2026-09-17,2026-09-17
alonhadat,alo_15772972,can_ho_chung_cu,https://alonhadat.com.vn/cho-thue-chung-cu-thang-may-day-du-tien-nghi-mat-pho-giai-phong-dai-la-truong-chinh-15772972.html,"Cho thuê chung cư thang máy đầy đủ tiện nghi mặt phố Giải Phóng, Đại La, Trường Chinh",10000000,Giá: 10 triệu / tháng,47.0,47.0,1.0,,,Hà Nội,Đống Đa,Kim Liên,Đường Giải Phóng - Phường Kim Liên - Hà Nội,2026-09-17,2026-09-17
alonhadat,alo_14503136,can_ho_chung_cu,https://alonhadat.com.vn/cho-thue-chung-cu-thang-may-du-tien-nghi-pho-lang-yen-dam-trau-14503136.html,"Cho thuê chung cư thang máy đủ tiện nghi phố Lãng Yên, Đầm Trấu",7500000,"Giá: 7,5 triệu / tháng",40.0,40.0,1.0,,,Hà Nội,Hai Bà Trưng,Hồng Hà,Đường Lãng Yên - Phường Hồng Hà - Hà Nội,2026-09-17,2026-09-17
alonhadat,alo_14263549,can_ho_chung_cu,https://alonhadat.com.vn/cho-thue-kho-hang-van-phong-pho-lac-trung-kim-nguu-80m2-x-3-tang--14263549.html,"Cho thuê chung cư đủ tiện nghi phố Điện Biên Phủ, Nguyễn Tri Phương",9000000,Giá: 9 triệu / tháng,40.0,40.0,1.0,,,Hà Nội,Ba Đình,Ba Đình,Đường Nguyễn Tri Phương - Phường Ba Đình - Hà Nội,2026-09-17,2026-09-17
alonhadat,alo_14562531,can_ho_chung_cu,https://alonhadat.com.vn/cho-thue-can-ho-thang-may-du-tien-nghi-pho-kim-ma-14562531.html,Cho thuê căn hộ thang máy đủ tiện nghi phố Kim Mã,6500000,"Giá: 6,5 triệu / tháng",45.0,45.0,1.0,,,Hà Nội,Ba Đình,Ngọc Hà,Đường Kim Mã - Phường Ngọc Hà - Hà Nội,2026-09-17,2026-09-17
alonhadat,alo_14481169,can_ho_chung_cu,https://alonhadat.com.vn/cho-thue-nha-rieng-4-tang-pho-le-quy-don-nguyen-cao-tang-bat-ho-14481169.html,"Cho thuê căn hộ thang máy đủ tiện nghi phố Quốc Tử Giám, Văn Miếu",10000000,Giá: 10 triệu / tháng,60.0,60.0,2.0,,,Hà Nội,Đống Đa,Văn Miếu - Quốc Tử Giám,Phố Quốc Tử Giám - Phường Văn Miếu - Quốc Tử Giám - Hà Nội,2026-09-17,2026-09-17
alonhadat,alo_14187540,can_ho_chung_cu,https://alonhadat.com.vn/cho-thue-chung-cu-pho-minh-khai-gan-dai-la-bach-mai-3-ngu-can-goc-cuc-thoang--14187540.html,"Cho thuê chung cư đủ tiện nghi phố Đội Cấn, 75m2, 2 ngủ.",13000000,Giá: 13 triệu / tháng,75.0,75.0,2.0,,,Hà Nội,Ba Đình,Ngọc Hà,Phố Đội cấn - Phường Ngọc Hà - Hà Nội,2026-09-17,2026-09-17
alonhadat,alo_14145817,can_ho_chung_cu,https://alonhadat.com.vn/cho-thue-can-ho-du-tien-nghi-pho-nguyen-cong-tru-14145817.html,Cho thuê căn hộ đủ tiện nghi phố Nguyễn Công Trứ,5000000,Giá: 5 triệu / tháng,50.0,50.0,1.0,,,Hà Nội,Hai Bà Trưng,Hai Bà Trưng,Phố Nguyễn Công Trứ - Phường Hai Bà Trưng - Hà Nội,2026-09-17,2026-09-17
alonhadat,alo_16807403,can_ho_chung_cu,https://alonhadat.com.vn/cho-thue-can-ho-2-ngu-du-tien-nghi-pho-lac-trung-kim-nguu-16807403.html,"Cho thuê căn hộ 2 ngủ đủ tiện nghi phố Lạc Trung, Kim Ngưu",10000000,Giá: 10 triệu / tháng,55.0,55.0,2.0,,,Hà Nội,Hai Bà Trưng,Vĩnh Tuy,Phố Lạc Trung - Phường Vĩnh Tuy - Hà Nội,2026-09-17,2026-09-17
alonhadat,alo_18373448,can_ho_chung_cu,https://alonhadat.com.vn/cho-thue-chung-cu-thang-may-du-tien-nghi-pho-dang-thai-than-gan-nha-hat-lon-18373448.html,"Cho thuê chung cư thang máy đủ tiện nghi phố Đặng Thái Thân, gần Nhà Hát Lớn",11000000,Giá: 11 triệu / tháng,55.0,55.0,1.0,,,Hà Nội,Hoàn Kiếm,Cửa Nam,Phố Đặng Thái Thân - Phường Cửa Nam - Hà Nội,2026-09-17,2026-09-17
alonhadat,alo_16050734,can_ho_chung_cu,https://alonhadat.com.vn/cho-thue-chung-cu-thang-may-du-tien-nghi-pho-lang-ha-16050734.html,Cho thuê chung cư thang máy đủ tiện nghi phố Láng Hạ,9500000,"Giá: 9,5 triệu / tháng",45.0,45.0,1.0,,,Hà Nội,Đống Đa,Láng,Đường Láng Hạ - Phường Láng - Hà Nội,2026-09-17,2026-09-17
alonhadat,alo_16274915,can_ho_chung_cu,https://alonhadat.com.vn/cho-thue-can-ho-tang-4-du-tien-nghi-pho-ta-quang-buu-le-thanh-nghi-16274915.html,"Cho thuê căn hộ tầng 4 đủ tiện nghi phố Tạ Quang Bửu, Lê Thanh Nghị",7500000,"Giá: 7,5 triệu / tháng",60.0,60.0,2.0,,,Hà Nội,Hai Bà Trưng,Bạch Mai,Phố Tạ Quang Bửu - Phường Bạch Mai - Hà Nội,2026-09-17,2026-09-17
alonhadat,alo_16061286,can_ho_chung_cu,https://alonhadat.com.vn/cho-thue-tap-the-tang-4-du-tien-nghi-pho-ta-quang-buu-16061286.html,"Cho thuê căn hộ 2 tầng đủ tiện nghi phố Trần Phú, gần Cửa Nam, Lý Nam Đế",8500000,"Giá: 8,5 triệu / tháng",50.0,50.0,1.0,,,Hà Nội,Ba Đình,Ba Đình,Phố Trần Phú - Phường Ba Đình - Hà Nội,2026-09-17,2026-09-17
alonhadat,alo_16071740,can_ho_chung_cu,https://alonhadat.com.vn/cho-thue-can-ho-thang-may-du-tien-nghi-cao-cap-pho-doi-can-van-bao-16071740.html,"Cho thuê căn hộ thang máy đủ tiện nghi cao cấp phố Đội Cấn, Vạn Bảo",9000000,Giá: 9 triệu / tháng,45.0,45.0,1.0,,,Hà Nội,Ba Đình,Ngọc Hà,Phố Đội cấn - Phường Ngọc Hà - Hà Nội,2026-09-17,2026-09-17
alonhadat,alo_15781481,can_ho_chung_cu,https://alonhadat.com.vn/cho-thue-chung-cu-tien-nghi-tang-2-pho-nguyen-cong-tru-gan-ho-huong-vien-15781481.html,"Cho thuê chung cư tiện nghi tầng 2 phố Nguyễn Công Trứ, gần hồ Hương Viên",7000000,Giá: 7 triệu / tháng,30.0,30.0,1.0,,,Hà Nội,Hai Bà Trưng,Hai Bà Trưng,Phố Nguyễn Công Trứ - Phường Hai Bà Trưng - Hà Nội,2026-09-17,2026-09-17
alonhadat,alo_16017102,can_ho_chung_cu,https://alonhadat.com.vn/cho-thue-chung-cu-536a-minh-khai-75m2-2-phong-ngu-gan-hoa-binh-green-16017102.html,"Cho thuê chung cư 536A Minh Khai, 75m2, 2 phòng ngủ, gần Hoà Bình Green",12000000,Giá: 12 triệu / tháng,75.0,75.0,2.0,,,Hà Nội,Hai Bà Trưng,Vĩnh Tuy,Đường Minh Khai - Phường Vĩnh Tuy - Hà Nội,2026-09-17,2026-09-17
alonhadat,alo_18710271,can_ho_chung_cu,https://alonhadat.com.vn/cho-thue-can-ho-du-tien-nghi-tang-4-pho-nguyen-dinh-chieu-hoa-lu-18710271.html,"Cho thuê căn hộ đủ tiện nghi tầng 4 phố Nguyễn ĐÌnh Chiểu, Hoa Lư",7000000,Giá: 7 triệu / tháng,50.0,50.0,1.0,,,Hà Nội,Hai Bà Trưng,Hai Bà Trưng,Phố Nguyễn Đình Chiểu - Phường Hai Bà Trưng - Hà Nội,2026-09-17,2026-09-17
alonhadat,alo_16103159,can_ho_chung_cu,https://alonhadat.com.vn/cho-thue-can-ho-thang-may-tien-nghi-pho-hue-tran-khat-chan-16103159.html,"Cho thuê căn hộ thang máy tiện nghi Phố Huế, Trần Khát Chân",4500000,"Giá: 4,5 triệu / tháng",25.0,25.0,1.0,,,Hà Nội,Hai Bà Trưng,Hai Bà Trưng,Phố Huế - Phường Hai Bà Trưng - Hà Nội,2026-09-17,2026-09-17
alonhadat,alo_16807373,can_ho_chung_cu,https://alonhadat.com.vn/cho-thue-chung-cu-125m2-ngo-669-truong-dinh-3-phong-ngu--16807373.html,"Cho thuê chung cư 125m2 ngõ 669 Trương Định, 3 phòng ngủ.",10000000,Giá: 10 triệu / tháng,125.0,125.0,3.0,,,Hà Nội,Hoàng Mai,Hoàng Mai,Đường Trương Định - Phường Hoàng Mai - Hà Nội,2026-09-17,2026-09-17
alonhadat,alo_17342124,can_ho_chung_cu,https://alonhadat.com.vn/cho-thue-can-ho-cao-cap-full-do-moi-ngoc-thuy-long-bien-dt-230m2-gia-chi-25tr-th-17342124.html,CHO THUÊ CĂN HỘ CAO CẤP FULL ĐỒ MỚI- NGỌC THỤY- LONG BIÊN-DT 230M2-GIÁ CHỈ 25TR/TH,25000000,Giá: 25 triệu / tháng,230.0,230.0,4.0,,,Hà Nội,Long Biên,Bồ Đề,Đường Ngọc Thụy - Phường Bồ Đề - Hà Nội,2026-09-17,2026-09-17
alonhadat,alo_17914728,can_ho_chung_cu,https://alonhadat.com.vn/cho-thue-can-ho-cao-cap-full-do-gia-thuong-ngoc-thuy-long-bien-17914728.html,CHO THUÊ CĂN HỘ  CAO CẤP  FULL ĐỒ GIA THƯỢNG - NGỌC THỤY-LONG BIÊN,22000000,Giá: 22 triệu / tháng,120.0,120.0,3.0,,,Hà Nội,Long Biên,Bồ Đề,Phố Gia Thụy - Phường Bồ Đề - Hà Nội,2026-09-17,2026-09-17
alonhadat,alo_18930647,can_ho_chung_cu,https://alonhadat.com.vn/cho-thue-can-ho-chung-cu-60b-nguyen-huy-tuong-60m2-can-goc-13-5tr-18930647.html,"Cho thuê căn hộ chung cư 60B Nguyễn Huy Tưởng, 60m2, căn góc, 13.5tr",13500000,"Giá: 13,5 triệu / tháng",60.0,60.0,2.0,,,Hà Nội,Thanh Xuân,Thanh Xuân,Phố Nguyễn Huy Tưởng - Phường Thanh Xuân - Hà Nội,2026-09-17,2026-09-17
alonhadat,alo_19038398,can_ho_chung_cu,https://alonhadat.com.vn/cho-thue-chung-cu-320-cau-giay-100m2-15tr-19038398.html,"Cho thuê chung cư 320 Cầu Giấy, 100m2, 15tr",15000000,Giá: 15 triệu / tháng,100.0,100.0,3.0,,,Hà Nội,Cầu Giấy,Cầu Giấy,Đường Cầu Giấy - Phường Cầu Giấy - Hà Nội,2026-09-17,2026-09-17
alonhadat,alo_18899269,can_ho_chung_cu,https://alonhadat.com.vn/cho-thue-can-ho-3-pn-full-do-view-ho-tay-toa-c18-ngo-655-lac-long-quan-tay-ho-gia-17tr-th-18899269.html,"Cho thuê căn hộ 3 PN full dồ view Hồ Tây toà C18 ngõ 655 Lạc Long Quân, Tây Hồ giá 17tr/th",17000000,Giá: 17 triệu / tháng,102.0,102.0,3.0,,,Hà Nội,Tây Hồ,Tây Hồ,Đường Lạc Long Quân - Phường Tây Hồ - Hà Nội,2026-09-17,2026-09-17
alonhadat,alo_18988315,can_ho_chung_cu,https://alonhadat.com.vn/tap-the-tang-1-thanh-cong-ba-dinh-mat-ngo-kd-30m-ra-o-to-hang-an-kho-phong-tap-18988315.html,"TẬP THỂ TẦNG 1 THÀNH CÔNG, BA ĐÌNH - MẶT NGÕ KD - 30M RA Ô TÔ – HÀNG ĂN, KHO, PHÒNG TẬP",8000000,Giá: 8 triệu / tháng,55.0,55.0,1.0,,,Hà Nội,Ba Đình,Giảng Võ,Phố Thành Công - Phường Giảng Võ - Hà Nội,2026-09-17,2026-09-17
alonhadat,alo_19033847,can_ho_chung_cu,https://alonhadat.com.vn/tap-the-tang-1-thanh-cong-ba-dinh-ngo-thong-o-to-do-cua-o-vp-kho-hang-an-19033847.html,"TẬP THỂ TẦNG 1 THÀNH CÔNG, BA ĐÌNH – NGÕ THÔNG – Ô TÔ ĐỖ CỬA– Ở, VP, KHO, HÀNG ĂN",10500000,"Giá: 10,5 triệu / tháng",70.0,70.0,2.0,,,Hà Nội,Ba Đình,Giảng Võ,Phố Nguyên Hồng - Phường Giảng Võ - Hà Nội,2026-09-17,2026-09-17
alonhadat,alo_19068256,can_ho_chung_cu,https://alonhadat.com.vn/cho-thue-can-ho-tap-the-pho-ton-duc-thang-dong-da-6-5tr-19068256.html,"CHO THUÊ CĂN HỘ TẬP THỂ PHỐ TÔN ĐỨC THẮNG, ĐỐNG ĐA - 6.5TR",6500000,"Giá: 6,5 triệu / tháng",60.0,60.0,2.0,,,Hà Nội,Đống Đa,Ô Chợ Dừa,Phố Tôn Đức Thắng - Phường Ô Chợ Dừa - Hà Nội,2026-09-17,2026-09-17
alonhadat,alo_19038740,can_ho_chung_cu,https://alonhadat.com.vn/cho-thue-can-ho-yen-hoa-park-view-3-vu-pham-ham-cau-giay-3-ngu-2vs-view-dep-19038740.html,"Cho thuê căn hộ Yên Hòa Park View - 3 Vũ Phạm Hàm, Cầu Giấy, 3 ngủ, 2vs, view đẹp",22000000,Giá: 22 triệu / tháng,122.0,122.0,3.0,,,Hà Nội,Cầu Giấy,Yên Hòa,Phố Vũ Phạm Hàm - Phường Yên Hòa - Hà Nội,2026-09-17,2026-09-17
alonhadat,alo_18925895,can_ho_chung_cu,https://alonhadat.com.vn/cho-thue-can-ho-cc-royal-city-r1-can-goc-dt-150m-3pn-2wc-tang-full-nt-32-tr-th-18925895.html,CHO THUÊ CĂN HỘ CC ROYAL CITY R1 – CĂN GÓC - DT 150M² – 3PN – 2WC -TẶNG FULL NT - 32 TR/TH,32000000,Giá: 32 triệu / tháng,150.0,150.0,3.0,,,Hà Nội,Thanh Xuân,Thanh Xuân,Đường Nguyễn Trãi - Phường Thanh Xuân - Hà Nội,2026-09-17,2026-09-17
alonhadat,alo_18748674,can_ho_chung_cu,https://alonhadat.com.vn/cho-thue-can-ho-toa-imperia-smart-city-lo-goc-64m2-2-1-ngu-bc-dong-nam-thoang-mat-18748674.html,CHO THUÊ CĂN HỘ IMPERIA SMART CITY LÔ GÓC 64M2 - 2+1 NGỦ BC ĐÔNG NAM THOÁNG MÁT,10500000,"Giá: 10,5 triệu / tháng",64.0,64.0,3.0,,,Hà Nội,Nam Từ Liêm,Tây Mỗ,Đường Đại Lộ Thăng Long - Phường Tây Mỗ - Hà Nội,2026-09-17,2026-09-17
alonhadat,alo_18990175,can_ho_chung_cu,https://alonhadat.com.vn/cho-thue-can-ho-chung-cu-phap-van-80m-3-ngu-8-trieu-du-do-18990175.html,Cho thuê căn hộ chung cư Pháp Vân 80m 3 ngủ 8 triệu đủ đồ,8000000,Giá: 8 triệu / tháng,80.0,80.0,3.0,,,Hà Nội,Hoàng Mai,Yên Sở,Đường Trần Thủ Độ - Phường Yên Sở - Hà Nội,2026-09-17,2026-09-17
alonhadat,alo_16658811,can_ho_chung_cu,https://alonhadat.com.vn/cho-thue-can-ho-khu-do-thi-phap-van-duong-tran-thu-do-83-m3-ngu-hai-ve-sinh-6-5-trieu-16658811.html,Cho thuê căn hộ khu đô thị Pháp Vân đường Trần Thủ Độ 83 m3 ngủ hai vệ sinh 7 triệu,7000000,Giá: 7 triệu / tháng,83.0,83.0,3.0,,,Hà Nội,Hoàng Mai,Hoàng Liệt,Đường Trần Thủ Độ - Phường Hoàng Liệt - Hà Nội,2026-09-17,2026-09-17
alonhadat,alo_19053934,nha_rieng,https://alonhadat.com.vn/chinh-chu-cho-thue-mat-bang-tang-1-100m2-mat-tien-7-6m-so-25-pho-tho-thap-cau-giay-19053934.html,"cho thuê mặt bằng tầng 1, 100m2, mặt tiền 7,6m, số 25 Phố Thọ Tháp, Cầu Giấy",35000000,Giá: 35 triệu / tháng,100.0,100.0,1.0,,,Hà Nội,Cầu Giấy,Cầu Giấy,Đường Thọ Tháp - Phường Cầu Giấy - Hà Nội,2026-09-14,2026-09-17
alonhadat,alo_18693119,nha_rieng,https://alonhadat.com.vn/cho-thue-nha-nguyen-can-thuy-khue-tay-ho-ha-noi-18693119.html,"CHO THUÊ NHÀ NGUYÊN CĂN – THỤY KHUÊ, TÂY HỒ, HÀ NỘI",23000000,Giá: 23 triệu / tháng,54.0,54.0,,,,Hà Nội,Tây Hồ,Tây Hồ,Đường Thụy Khuê - Phường Tây Hồ - Hà Nội,2026-09-16,2026-09-17
alonhadat,alo_19075988,nha_rieng,https://alonhadat.com.vn/cho-thue-mat-pho-ngo-gia-tu-85m-x6t-mt-6m-he-rong-2-thoang-kinh-doanh-nhieu-do-26tr--19075988.html,"CHO THUÊ MẶT PHỐ NGÔ GIA TỰ 85M²x6T, MT 6M, HÈ RỘNG, 2 THOÁNG– KINH DOANH, NHIỀU ĐỒ, 26TR/",26000000,Giá: 26 triệu / tháng,85.0,85.0,6.0,,,Hà Nội,Long Biên,Việt Hưng,Đường Ngô Gia Tự - Phường Việt Hưng - Hà Nội,2026-09-17,2026-09-17
alonhadat,alo_19076051,nha_rieng,https://alonhadat.com.vn/cho-thue-nha-mat-pho-vu-duc-than-lb-180m-mt-6m-2-mat-tien-o-to-thang-may-40tr-th--19076051.html,"CHO THUÊ NHÀ MẶT PHỐ VŨ ĐỨC THẬN LB– 180M², MT 6m – 2 MẶT TIỀN Ô TÔ– THANG MÁY, 40tr/th.",40000000,Giá: 40 triệu / tháng,180.0,180.0,3.0,,,Hà Nội,Long Biên,Việt Hưng,Đường Vũ Đức Thận - Phường Việt Hưng - Hà Nội,2026-09-17,2026-09-17
alonhadat,alo_19068905,nha_rieng,https://alonhadat.com.vn/cc-cho-thue-nha-nguyen-can-dt-61-6m2-4-tang-trong-ngo-rong-duong-huynh-thuc-khang-keo-dai-19068905.html,"CC cho thuê nhà nguyên căn DT 61,6m2 4 tầng trong ngõ rộng đường Huỳnh Thúc Kháng (Kéo dài",24500000,"Giá: 24,5 triệu / tháng",62.0,62.0,5.0,,,Hà Nội,Đống Đa,Láng,Phố Huỳnh Thúc Kháng - Phường Láng - Hà Nội,2026-09-14,2026-09-17
alonhadat,alo_19078545,nha_rieng,https://alonhadat.com.vn/cho-thue-mat-pho-vo-chi-cong-6-tang-thang-may-50m2-via-he-rong-kinh-doanh-25-tr-19078545.html,Cho thuê Mặt phố Võ Chí Công 6 tầng thang máy 50m2 vỉa hè rộng kinh doanh 25 tr,25000000,Giá: 25 triệu / tháng,50.0,50.0,4.0,,,Hà Nội,Cầu Giấy,Nghĩa Đô,Đường Võ Chí Công - Phường Nghĩa Đô - Hà Nội,2026-09-17,2026-09-17
alonhadat,alo_19078507,nha_rieng,https://alonhadat.com.vn/cho-thue-nguyen-can-xuan-dinh-36m2-x-5-tang-full-noi-that-uu-tien-nhom-thue-gia-12-5tr-19078507.html,Cho thuê nguyên căn Xuân đỉnh. 36m2 x 5 tầng. Full nội thất. Ưu tiên nhóm thuê. Giá 12.5tr,12500000,"Giá: 12,5 triệu / tháng",36.0,36.0,3.0,,,Hà Nội,Bắc Từ Liêm,Xuân Đỉnh,Đường Xuân Đỉnh - Phường Xuân Đỉnh - Hà Nội,2026-09-17,2026-09-17
alonhadat,alo_19078413,nha_rieng,https://alonhadat.com.vn/-cho-thue-nha-nguyen-can-mat-pho-yen-hoa-view-tron-ho-tay-19078413.html,🏠 CHO THUÊ NHÀ NGUYÊN CĂN MẶT PHỐ YÊN HOA – VIEW TRỌN HỒ TÂY,50000000,Giá: 50 triệu / tháng,50.0,50.0,6.0,,,Hà Nội,Tây Hồ,Hồng Hà,Đường Vũ Miện - Phường Hồng Hà - Hà Nội,2026-09-17,2026-09-17
alonhadat,alo_19078035,nha_rieng,https://alonhadat.com.vn/cho-thue-nguyen-can-5-tang-ngoc-lam-25-m2-duong-o-to-tranh-8-tr-thg-19078035.html,"Cho thuê nguyên căn 5 tầng Ngọc Lâm- 25 m2, đường ô tô tránh- 8 tr/thg",8000000,Giá: 8 triệu / tháng,25.0,25.0,3.0,,,Hà Nội,Long Biên,Bồ Đề,Đường Ngọc Lâm - Phường Bồ Đề - Hà Nội,2026-09-17,2026-09-17
alonhadat,alo_19077618,nha_rieng,https://alonhadat.com.vn/-42tr-thang-mat-pho-nguyen-khang-55m2-7-tang-mt4-2m-thong-san-thang-may--19077618.html,"☘️42TR/THÁNG! MẶT PHỐ NGUYỄN KHANG 55M2, 7 TẦNG, MT4.2M. THÔNG SÀN – THANG MÁY☘️",42000000,Giá: 42 triệu / tháng,55.0,55.0,5.0,,,Hà Nội,Cầu Giấy,Yên Hòa,Đường Nguyễn Khang - Phường Yên Hòa - Hà Nội,2026-09-17,2026-09-17
alonhadat,alo_10892263,nha_rieng,https://alonhadat.com.vn/cho-thue-nha-mat-pho-tran-duy-hung-mat-tien-gan-8m-cho-thue-dai-han-10892263.html,"Cho thuê nhà mặt phố Trần Duy Hưng, mặt tiền gần 8m, cho thuê dài hạn",85000000,Giá: 85 triệu / tháng,100.0,100.0,,,,Hà Nội,Cầu Giấy,Yên Hòa,Đường Trần Duy Hưng - Phường Yên Hòa - Hà Nội,2026-09-17,2026-09-17
alonhadat,alo_11930907,nha_rieng,https://alonhadat.com.vn/cho-thue-nha-mat-pho-lang-ha-mat-tien-10m-ban-giao-ngay-gan-800m2-su-dung--11930907.html,"Cho thuê nhà mặt phố Láng Hạ, mặt tiền 10m, bàn giao ngay, gần 800m2 sử dụng.",155000000,Giá: 155 triệu / tháng,800.0,800.0,,,,Hà Nội,Đống Đa,Láng,Đường Láng Hạ - Phường Láng - Hà Nội,2026-09-17,2026-09-17
alonhadat,alo_19077231,nha_rieng,https://alonhadat.com.vn/cho-thue-nha-nguyen-can-nguyen-son-63m-4-tang-4-ngu-full-noi-that-9tr-thang-19077231.html,Cho thuê nhà Nguyên Căn Nguyến Sơn 63m 4 tầng 4 ngủ full Nội thất 9tr/ tháng,9000000,Giá: 9 triệu / tháng,63.0,63.0,4.0,,,Hà Nội,Long Biên,Bồ Đề,Đường Nguyễn Sơn - Phường Bồ Đề - Hà Nội,2026-09-17,2026-09-17
alonhadat,alo_19076771,nha_rieng,https://alonhadat.com.vn/lap-phong-can-ho-35m2-full-noi-that-o-mien-che-19076771.html,"Lấp phòng căn hộ, 35m2, full nội thất, ở miễn chê",5000000,Giá: 5 triệu / tháng,35.0,35.0,2.0,,,Hà Nội,Long Biên,Long Biên,Phường Long Biên - Hà Nội,2026-09-17,2026-09-17
alonhadat,alo_19075938,nha_rieng,https://alonhadat.com.vn/cho-thue-nha-ngo-2-duong-nguyen-chanh-cau-giay-19075938.html,"Cho thuê nhà ngõ 2 đường Nguyễn Chánh, Cầu Giấy",38000000,Giá: 38 triệu / tháng,50.0,50.0,5.0,,,Hà Nội,Cầu Giấy,Yên Hòa,Đường Nguyễn Chánh - Phường Yên Hòa - Hà Nội,2026-09-16,2026-09-17
alonhadat,alo_19075935,nha_rieng,https://alonhadat.com.vn/cho-thue-nha-ngo-180-hoang-quoc-viet-cau-giay-19075935.html,"CHO THUÊ NHÀ NGÕ 180 HOÀNG QUỐC VIỆT, CẦU GIẤY",23000000,Giá: 23 triệu / tháng,50.0,50.0,7.0,,,Hà Nội,Cầu Giấy,Nghĩa Đô,Đường Hoàng Quốc Việt - Phường Nghĩa Đô - Hà Nội,2026-09-16,2026-09-17
alonhadat,alo_19075918,nha_rieng,https://alonhadat.com.vn/cho-thue-nha-vo-chi-cong-tay-ho-120m-x-5-tang-mt-15m-thang-may-gia-115tr-thang-19075918.html,"Cho thuê nhà Võ Chí Công, Tây Hồ 120m² x 5 tầng, MT 15m, thang máy, giá 115tr/tháng",115000000,Giá: 115 triệu / tháng,120.0,120.0,,,,Hà Nội,Tây Hồ,Tây Hồ,Đường Võ Chí Công - Phường Tây Hồ - Hà Nội,2026-09-16,2026-09-17
alonhadat,alo_18935502,nha_rieng,https://alonhadat.com.vn/chinh-chu-cho-thue-nha-ngo-1-dinh-cong-giai-phong-30m-4t-3-ngu-8-trieu-18935502.html,"Cho thuê nhà ngõ 1 Định Công, Giải Phóng, 30m*4T, 3 ngủ, 8 triệu",8000000,Giá: 8 triệu / tháng,30.0,30.0,3.0,,,Hà Nội,Hoàng Mai,Định Công,Đường Định Công - Phường Định Công - Hà Nội,2026-09-16,2026-09-17
alonhadat,alo_19074397,nha_rieng,https://alonhadat.com.vn/cho-thue-nha-nguyen-can-3-tang-40m2-nha-mat-duong-dai-hung-lac-thi-ngoc-hoi-thanh-tri--19074397.html,"CHO THUÊ NHÀ NGUYÊN CĂN 3 TẦNG 40m2  NHÀ MẶT ĐƯỜNG ĐẠI HƯNG, LẠC THỊ, NGỌC HỒI THANH TRÌ,",4500000,"Giá: 4,5 triệu / tháng",40.0,40.0,2.0,,,Hà Nội,Thanh Trì,Ngọc Hồi,Đường Lạc Thị - Xã Ngọc Hồi - Hà Nội,2026-09-16,2026-09-17
alonhadat,alo_19073692,nha_rieng,https://alonhadat.com.vn/cho-thue-nha-nguyen-can-pho-ngoc-lam-o-to-do-cua-4pn-noi-that-day-du-15tr-th-19073692.html,CHO THUÊ NHÀ NGUYÊN CĂN PHỐ NGỌC LÂM - Ô TÔ ĐỖ CỬA - 4PN - NỘI THẤT ĐẦY ĐỦ - 15tr/th,15000000,Giá: 15 triệu / tháng,40.0,40.0,3.0,,,Hà Nội,Long Biên,Bồ Đề,Đường Ngọc Lâm - Phường Bồ Đề - Hà Nội,2026-09-16,2026-09-17
alonhadat,alo_19073536,nha_rieng,https://alonhadat.com.vn/cho-thue-nha-lam-du-bo-de-o-to-do-cua-full-noi-that-cach-cau-chuong-duong-300m-19073536.html,CHO THUÊ NHÀ LÂM DU - BỒ ĐỀ - Ô TÔ ĐỖ CỬA - FULL NỘI THẤT - CÁCH CẦU CHƯƠNG DƯƠNG 300m,4000000,Giá: 4 triệu / tháng,25.0,25.0,1.0,,,Hà Nội,Long Biên,Bồ Đề,Phố Bồ Đề - Phường Bồ Đề - Hà Nội,2026-09-16,2026-09-17
alonhadat,alo_19073494,nha_rieng,https://alonhadat.com.vn/cho-thue-can-ho-cao-cap-hong-tien-hoang-nhu-tiep-thang-may-1ngu-2-ngu-full-do-8tr-19073494.html,"CHO THUÊ CĂN HỘ CAO CẤP HỒNG TIẾN - HOÀNG NHƯ TIẾP - THANG MÁY - 1NGỦ,2 NGỦ - FULL ĐỒ 8TR",8000000,Giá: 8 triệu / tháng,45.0,45.0,1.0,,,Hà Nội,Long Biên,Bồ Đề,Đường Hoàng Như Tiếp - Phường Bồ Đề - Hà Nội,2026-09-16,2026-09-17
alonhadat,alo_19006913,nha_rieng,https://alonhadat.com.vn/cho-thue-nha-rieng-pho-ly-thai-to-hoan-kiem-dt-55m2-x-4t-khong-chdv-homestay-19006913.html,"Cho thuê nhà riêng phố Lý Thái Tổ, Hoàn Kiếm dt 50m2 x 4t, không CHDV, homestay",16000000,Giá: 16 triệu / tháng,50.0,50.0,4.0,,,Hà Nội,Hoàn Kiếm,Hoàn Kiếm,Phố Lý Thái Tổ - Phường Hoàn Kiếm - Hà Nội,2026-09-13,2026-09-17
alonhadat,alo_19000487,nha_rieng,https://alonhadat.com.vn/cho-thue-nha-cap-4-co-gac-xep-mat-cho-van-la-ha-dong-kinh-doanh-moi-mat-hang-9tr-19000487.html,CHO THUÊ NHÀ CẤP 4 CÓ GÁC XÉP – MẶT CHỢ VĂN LA HÀ ĐÔNG - KINH DOANH MỌI MẶT HÀNG  - 9TR,9000000,Giá: 9 triệu / tháng,50.0,50.0,2.0,,,Hà Nội,Hà Đông,Kiến Hưng,Đường Phúc La - Văn Phú - Phường Kiến Hưng - Hà Nội,2026-09-17,2026-09-17
alonhadat,alo_19000497,nha_rieng,https://alonhadat.com.vn/cho-thue-nha-yen-nghia-ha-dong-ngay-dai-hoc-phennikaa-3-ngu-full-do-6-5tr-19000497.html,CHO THUÊ NHÀ – YÊN NGHĨA -  HÀ ĐÔNG - NGAY ĐẠI HỌC PHENNIKAA - 3 NGỦ FULL ĐỒ - 6.5TR,6500000,"Giá: 6,5 triệu / tháng",35.0,35.0,3.0,,,Hà Nội,Hà Đông,Yên Nghĩa,Đường Yên Lộ - Phường Yên Nghĩa - Hà Nội,2026-09-17,2026-09-17
alonhadat,alo_19000688,nha_rieng,https://alonhadat.com.vn/phong-tro-full-do-ngay-dai-hoc-phenikaa-gia-tu-2-5-trieu-19000688.html,"PHÒNG TRỌ FULL ĐỒ NGAY ĐẠI HỌC PHENIKAA – GIÁ TỪ 2,5 TRIỆU",2500000,"Giá: 2,5 triệu / tháng",30.0,30.0,2.0,,,Hà Nội,Hà Đông,Yên Nghĩa,Đường Yên Lộ - Phường Yên Nghĩa - Hà Nội,2026-09-17,2026-09-17
alonhadat,alo_19025621,nha_rieng,https://alonhadat.com.vn/cho-thue-phong-cach-phennikaa-1km-phong-rong-30m-full-do-vieu-thoang-3tr-3-9tr-19025621.html,CHO THUÊ PHÒNG CÁCH PHENNIKAA 1KM - PHÒNG RỘNG 30M - FULL ĐỒ VIEU THOÁNG 3tr - 3.9TR,3000000,Giá: 3 triệu / tháng,25.0,25.0,2.0,,,Hà Nội,Hà Đông,Yên Nghĩa,Đường Yên Lộ - Phường Yên Nghĩa - Hà Nội,2026-09-17,2026-09-17
alonhadat,alo_18995016,nha_rieng,https://alonhadat.com.vn/cho-thue-nha-lo-goc-5-tang-kinh-doanh-moi-mat-hang-3-ngu-full-do-8tr-18995016.html,CHO THUÊ NHÀ LÔ GÓC 5 TẦNG - KINH DOANH MỌI MẶT HÀNG - 3 NGỦ - FULL ĐỒ - 8TR,8000000,Giá: 8 triệu / tháng,35.0,35.0,3.0,,,Hà Nội,Hà Đông,Yên Nghĩa,Đường Nghĩa Lộ - Phường Yên Nghĩa - Hà Nội,2026-09-17,2026-09-17
alonhadat,alo_18934265,nha_rieng,https://alonhadat.com.vn/cho-thue-nha-nguyen-can-sat-pho-van-quan-ha-dong-4-ngu-full-do-11tr-18934265.html,CHO THUÊ NHÀ NGUYÊN CĂN SÁT PHỐ VĂN QUÁN – HÀ ĐÔNG - 4 NGỦ FULL ĐỒ - 11TR,11000000,Giá: 11 triệu / tháng,35.0,35.0,4.0,,,Hà Nội,Hà Đông,Hà Đông,Đường 19 tháng 5 - Phường Hà Đông - Hà Nội,2026-09-17,2026-09-17
alonhadat,alo_18930331,nha_rieng,https://alonhadat.com.vn/cho-thue-nha-nguyen-can-le-trong-tan-la-khe-ha-dong-3-ngu-full-do-9tr-18930331.html,"CHO THUÊ NHÀ NGUYÊN CĂN - LÊ TRỌNG TẤN – LA KHÊ, HÀ ĐÔNG - 3 NGỦ FULL ĐỒ - 9TR",9000000,Giá: 9 triệu / tháng,30.0,30.0,3.0,,,Hà Nội,Hà Đông,Yên Nghĩa,Đường Lê Trọng Tấn - Phường Yên Nghĩa - Hà Nội,2026-09-17,2026-09-17
alonhadat,alo_18930412,nha_rieng,https://alonhadat.com.vn/cho-thue-lien-ke-ngo-thi-nham-thang-may-kinh-doanh-dinh-ngay-2-toa-chung-cu-ct1-2-18930412.html,"CHO THUÊ LIỀN KỀ NGÔ THÌ NHẬM – THANG MÁY – KINH DOANH ĐỈNH - NGAY 2 TÒA CHUNG CƯ CT1,2",25000000,Giá: 25 triệu / tháng,50.0,50.0,6.0,,,Hà Nội,Hà Đông,Dương Nội,Đường Ngô Thì Nhậm - Phường Dương Nội - Hà Nội,2026-09-17,2026-09-17
alonhadat,alo_18951502,nha_rieng,https://alonhadat.com.vn/cho-thue-toa-nha-mat-pho-trung-tam-quan-ha-dong-200m-8tang-gia-re-18951502.html,CHO THUÊ TÒA NHÀ MẶT PHỐ  TRUNG TÂM QUẬN  HÀ ĐÔNG - 200M 8TẦNG - GIÁ RẺ,26000000,Giá: 130 ngàn / m²  / tháng,200.0,200.0,10.0,,,Hà Nội,Hà Đông,Hà Đông,Đường Vũ Trọng Khánh - Phường Hà Đông - Hà Nội,2026-09-17,2026-09-17
alonhadat,alo_18979916,nha_rieng,https://alonhadat.com.vn/cho-thue-mat-pho-le-trong-tan-ha-dong-ngay-park-city-13tr-18979916.html,CHO THUÊ MẶT PHỐ LÊ TRỌNG TẤN – HÀ ĐÔNG – NGAY PARK CITY - 13TR,13000000,Giá: 13 triệu / tháng,90.0,90.0,1.0,,,Hà Nội,Hà Đông,Dương Nội,Đường Lê Trọng Tấn - Phường Dương Nội - Hà Nội,2026-09-17,2026-09-17
alonhadat,alo_18984279,nha_rieng,https://alonhadat.com.vn/cho-thue-lien-ke-khu-a-geleximco-mat-pho-le-trong-tan-la-khe-120m-6-tang-kinh-doanh-18984279.html,CHO THUÊ LIỀN KỀ KHU A GELEXIMCO – MẶT PHỐ LÊ TRỌNG TẤN – LA KHÊ - 120M 6 TẦNG KINH DOANH,55000000,Giá: 55 triệu / tháng,120.0,120.0,8.0,,,Hà Nội,Hà Đông,Dương Nội,Đường Lê Trọng Tấn - Phường Dương Nội - Hà Nội,2026-09-17,2026-09-17
alonhadat,alo_18986872,nha_rieng,https://alonhadat.com.vn/cho-thue-nha-mat-pho-van-quan-ha-dong-50m-5-tang-full-do-kinh-doanh-18986872.html,CHO THUÊ NHÀ MẶT PHỐ  – VĂN QUÁN – HÀ ĐÔNG - 50M 5 TẦNG - FULL ĐỒ - KINH DOANH,21000000,Giá: 21 triệu / tháng,50.0,50.0,5.0,,,Hà Nội,Hà Đông,Hà Đông,Đường Nguyễn Khuyến - Phường Hà Đông - Hà Nội,2026-09-17,2026-09-17
alonhadat,alo_18986991,nha_rieng,https://alonhadat.com.vn/cho-thue-van-phong-cong-ty-trung-tam-tai-himlam-van-phuc-ha-dong-100m-7-tang-18986991.html,CHO THUÊ VĂN PHÒNG - CÔNG TY - TRUNG TÂM... TẠI HIMLAM VẠN PHÚC HÀ ĐÔNG - 100M 7 TẦNG,70000000,Giá: 70 triệu / tháng,100.0,100.0,8.0,,,Hà Nội,Hà Đông,Hà Đông,Đường Tố Hữu - Phường Hà Đông - Hà Nội,2026-09-17,2026-09-17
alonhadat,alo_19014454,nha_rieng,https://alonhadat.com.vn/mat-hang-ke-ca-hang-an-truc-chinh-ra-cv-cay-dan-15tr-19014454.html,mặt hàng. Kể cả hàng ăn. Trục chính ra cv Cây Đàn. 15tr,15000000,Giá: 15 triệu / tháng,75.0,75.0,6.0,,,Hà Nội,Hà Đông,Yên Nghĩa,Đường Yên Lộ - Phường Yên Nghĩa - Hà Nội,2026-09-17,2026-09-17
alonhadat,alo_19015014,nha_rieng,https://alonhadat.com.vn/cho-thue-nha-chuc-chinh-yen-nghia-ha-dong-kinh-doanh-3-ngu-full-do-8tr-thang-19015014.html,CHO THUÊ NHÀ CHỤC CHÍNH YÊN NGHĨA HÀ ĐÔNG -  KINH DOANH - 3 NGỦ FULL ĐỒ - 8TR/ THÁNG,8000000,Giá: 8 triệu / tháng,40.0,40.0,3.0,,,Hà Nội,Hà Đông,Yên Nghĩa,Đường Yên Lộ - Phường Yên Nghĩa - Hà Nội,2026-09-17,2026-09-17
alonhadat,alo_19017578,nha_rieng,https://alonhadat.com.vn/-cho-thue-nha-truc-chinh-kinh-doanh-la-khe-ha-dong-nha-5-tang-phan-lo-15tr-19017578.html,💥CHO THUÊ NHÀ TRỤC CHÍNH KINH DOANH LA KHÊ HÀ ĐÔNG - NHÀ 5 TẦNG PHÂN LÔ - 15TR,15000000,Giá: 15 triệu / tháng,45.0,45.0,6.0,,,Hà Nội,Hà Đông,Dương Nội,Phố Phan Đình Giót - Phường Dương Nội - Hà Nội,2026-09-17,2026-09-17
alonhadat,alo_19047582,nha_rieng,https://alonhadat.com.vn/cho-thue-nha-rieng-35m2-tai-xa-dan-quoc-tu-giam-4pn-3wc-full-noi-that-gia-dinh-19047582.html,"Cho thuê nhà riêng 35m2 tại Xã Đàn - Quốc Tử Giám, 4PN 3WC full nội thất gia đình",1500000,"Giá: 1,5 triệu / tháng",35.0,35.0,4.0,,,Hà Nội,Đống Đa,Văn Miếu - Quốc Tử Giám,Phố Xã Đàn - Phường Văn Miếu - Quốc Tử Giám - Hà Nội,2026-09-17,2026-09-17
alonhadat,alo_18668932,nha_rieng,https://alonhadat.com.vn/cho-thue-nha-mat-pho-pho-hang-cot-hoan-kiem-164m2-5m-mt-kd-moi-mo-hinh-18668932.html,"CHO THUÊ NHÀ MẶT PHỐ PHỐ HÀNG CÓT – HOÀN KIẾM  164m2 , 5m MT , KD MỌI MÔ HÌNH",130000000,Giá: 130 triệu / tháng,164.0,164.0,3.0,,,Hà Nội,Hoàn Kiếm,Hoàn Kiếm,Phố Hàng Cót - Phường Hoàn Kiếm - Hà Nội,2026-09-17,2026-09-17
alonhadat,alo_18666836,nha_rieng,https://alonhadat.com.vn/cho-thue-sieu-pham-mat-pho-nguyen-hong-dong-da-700m2-x-30m-mat-tien-kd-dinh-18666836.html,"CHO THUÊ SIÊU PHẨM MẶT PHỐ NGUYÊN HỒNG, ĐỐNG ĐA  700M2 X 30M MẶT TIỀN , KD ĐỈNH",200000000,Giá: 200 triệu / tháng,350.0,350.0,2.0,,,Hà Nội,Đống Đa,Đống Đa,Phố Nguyên Hồng - Phường Đống Đa - Hà Nội,2026-09-17,2026-09-17
alonhadat,alo_18953905,nha_rieng,https://alonhadat.com.vn/-27tr-thang-cho-thue-toa-nha-5-tang-mat-pho-kinh-doanh-tay-ho-965460112-rat-18953905.html,✨ 27TR/THÁNG – CHO THUÊ TÒA NHÀ 5 TẦNG - MẶT PHỐ - KINH DOANH - TÂY HỒ 🏡,27000000,Giá: 27 triệu / tháng,110.0,110.0,5.0,,,Hà Nội,Tây Hồ,Phú Thượng,Đường An Dương Vương - Phường Phú Thượng - Hà Nội,2026-09-17,2026-09-17
alonhadat,alo_15562443,nha_rieng,https://alonhadat.com.vn/cho-thue-nha-5-tang-3pn-o-phan-dinh-giot-la-khe-ha-dong-8-5-tr-thang-full-noi-that-15562443.html,"Cho thuê nhà 5 tầng 3PN ở Phan Đình Giót - La Khê- Hà Đông 8.5 tr/tháng, full nội thất",8500000,"Giá: 8,5 triệu / tháng",33.0,33.0,3.0,,,Hà Nội,Hà Đông,Dương Nội,Phố Phan Đình Giót - Phường Dương Nội - Hà Nội,2026-09-17,2026-09-17
alonhadat,alo_15820155,nha_rieng,https://alonhadat.com.vn/hiem-cho-thue-nha-nguyen-can-4t-42m-4pn-o-dai-mo-gan-aeonmall-ha-dong-day-du-noi-that-15820155.html,"HIẾM!!Cho thuê nhà nguyên căn 4T-42m-4PN ở Đại Mỗ gần AEONMALL Hà Đông, đầy đủ nội thất",8500000,"Giá: 8,5 triệu / tháng",42.0,42.0,4.0,,,Hà Nội,Nam Từ Liêm,Đại Mỗ,Đường Đại Mỗ - Phường Đại Mỗ - Hà Nội,2026-09-17,2026-09-17
alonhadat,alo_15683978,nha_rieng,https://alonhadat.com.vn/hiem-cho-thue-nha-4t-dt50m2-o-la-khe-ngay-cho-bong-do-4pn-full-noi-that-oto-do-cua-15683978.html,HIẾM! Cho thuê nhà 4T-DT50m2 ở La Khê ngay chợ Bông Đỏ 4PN full nội thất-ôtô đỗ cửa,11000000,Giá: 11 triệu / tháng,50.0,50.0,4.0,,,Hà Nội,Hà Đông,Dương Nội,Phố Phan Đình Giót - Phường Dương Nội - Hà Nội,2026-09-17,2026-09-17
alonhadat,alo_15693731,nha_rieng,https://alonhadat.com.vn/cho-thue-nha-4t-4pn-dt-gan-100m2-du-noi-that-gan-voi-ubnd-phuong-dai-mo-ngo-thong-oto-15693731.html,"Cho thuê nhà 4T-4PN DT gần 100m2, đủ nội thất gần với UBND phường Đại Mỗ-ngõ thông ôtô",9000000,Giá: 9 triệu / tháng,100.0,100.0,4.0,,,Hà Nội,Nam Từ Liêm,Đại Mỗ,Đường Đại Mỗ - Phường Đại Mỗ - Hà Nội,2026-09-17,2026-09-17
alonhadat,alo_15735538,nha_rieng,https://alonhadat.com.vn/hang-hiem-cho-thue-nha-nguyen-can-dt38m-3pn-o-ha-tri-ngay-cuoi-duong-ba-trieu-kd-tot-oto-15735538.html,"Hàng hiếm cho thuê nhà nguyên căn DT38m-3PN ở Hà Trì ngay cuối đường Bà Triệu,KD tốt. ôtô",7000000,Giá: 7 triệu / tháng,38.0,38.0,3.0,,,Hà Nội,Hà Đông,Hà Đông,Đường Hà Trì - Phường Hà Đông - Hà Nội,2026-09-17,2026-09-17
alonhadat,alo_18988409,nha_rieng,https://alonhadat.com.vn/hiem-cho-thue-nha-4t-dt50m2-o-la-khe-ngay-cho-bong-do-4pn-full-noi-that-oto-do-cua-hon-10t-18988409.html,HIẾM!Cho thuê nhà 4T-DT50m2 ở La Khê ngay chợ Bông Đỏ 4PN full nội thất-ôtô đỗ cửa hơn 10t,10000000,Giá: 10 triệu / tháng,50.0,50.0,4.0,,,Hà Nội,Hà Đông,Hà Đông,Phố Phan Đình Giót - Phường Hà Đông - Hà Nội,2026-09-17,2026-09-17
alonhadat,alo_19073549,nha_rieng,https://alonhadat.com.vn/nha-dep-hoang-quoc-viet-40m-x-5-tang-4pn-full-noi-that-xin-chi-15tr-thang-19073549.html,NHÀ ĐẸP HOÀNG QUỐC VIỆT – 40M² x 5 TẦNG – 4PN – FULL NỘI THẤT XỊN – CHỈ 15TR/THÁNG,15000000,Giá: 15 triệu / tháng,40.0,40.0,4.0,,,Hà Nội,Cầu Giấy,Nghĩa Đô,Đường Hoàng Quốc Việt - Phường Nghĩa Đô - Hà Nội,2026-09-17,2026-09-17
alonhadat,alo_19065718,nha_rieng,https://alonhadat.com.vn/cho-thue-can-ho-65m-2pn-full-noi-that-dep-mai-dich-cau-giay-8-5-trieu-thang-19065718.html,"Cho thuê căn hộ 65m² 2PN full nội thất đẹp – Mai Dịch, Cầu Giấy – 8,5 triệu/tháng",8500000,"Giá: 8,5 triệu / tháng",65.0,65.0,2.0,,,Hà Nội,Cầu Giấy,Phú Diễn,Phố Doãn Kế Thiện - Phường Phú Diễn - Hà Nội,2026-09-17,2026-09-17
alonhadat,alo_19076956,nha_rieng,https://alonhadat.com.vn/sat-pho-hoang-quoc-viet-nguyen-can-75m-6-tang-via-he-o-to-tranh-kd-moi-mo-hinh-19076956.html,Sát Phố Hoàng Quốc Việt – Nguyên Căn 75m² × 6 Tầng – Vỉa Hè Ô Tô Tránh – KD Mọi Mô Hình,38000000,Giá: 38 triệu / tháng,75.0,75.0,10.0,,,Hà Nội,Cầu Giấy,Nghĩa Đô,Đường Hoàng Quốc Việt - Phường Nghĩa Đô - Hà Nội,2026-09-17,2026-09-17
alonhadat,alo_18610259,nha_rieng,https://alonhadat.com.vn/cho-thue-mat-bang-kinh-doanh-tang-2-mat-pho-trieu-viet-vuong-hai-ba-trung--18610259.html,"Cho thuê mặt bằng kinh doanh tầng 2 mặt phố Triệu Việt Vương, Hai Bà Trưng.",16000000,Giá: 16 triệu / tháng,100.0,100.0,1.0,,,Hà Nội,Hai Bà Trưng,Hai Bà Trưng,Phố Triệu Việt Vương - Phường Hai Bà Trưng - Hà Nội,2026-09-17,2026-09-17
alonhadat,alo_18751642,nha_rieng,https://alonhadat.com.vn/cho-thue-nha-5-tang-giap-nhi-hoang-mai-gia-14tr-thang-18751642.html,"Cho thuê nhà 5 tầng Giáp Nhị, Hoàng mai. Giá: 14tr/ tháng",14000000,Giá: 14 triệu / tháng,38.0,38.0,4.0,,,Hà Nội,Hoàng Mai,Hoàng Mai,Phố Giáp Nhị - Phường Hoàng Mai - Hà Nội,2026-09-17,2026-09-17
alonhadat,alo_18758690,nha_rieng,https://alonhadat.com.vn/cho-thue-nha-4-tang-khuong-trung-thanh-xuan-gia-14tr-thang-18758690.html,"Cho thuê nhà 4 tầng Khương Trung, Thanh Xuân. Giá: 14tr/ tháng",14000000,Giá: 14 triệu / tháng,40.0,40.0,4.0,,,Hà Nội,Thanh Xuân,Khương Đình,Đường Khương Trung - Phường Khương Đình - Hà Nội,2026-09-17,2026-09-17
alonhadat,alo_18828829,nha_rieng,https://alonhadat.com.vn/cho-thue-nha-3-tang-bach-mai-hai-ba-trung-gia-12tr-thang-18828829.html,"Cho thuê nhà 3 tầng Bạch Mai, Hai Bà Trưng. Giá: 12tr/ tháng",12000000,Giá: 12 triệu / tháng,40.0,40.0,3.0,,,Hà Nội,Hai Bà Trưng,Bạch Mai,Phố Bạch Mai - Phường Bạch Mai - Hà Nội,2026-09-17,2026-09-17
alonhadat,alo_18508044,nha_rieng,https://alonhadat.com.vn/cho-thue-nha-5-tang-minh-khai-hai-ba-trung-gia-15tr-thang-18508044.html,"Cho thuê nhà 5 tầng Minh Khai, Hai Bà Trưng. Giá: 15tr/ tháng",15000000,Giá: 15 triệu / tháng,35.0,35.0,3.0,,,Hà Nội,Hai Bà Trưng,Bạch Mai,Đường Minh Khai - Phường Bạch Mai - Hà Nội,2026-09-17,2026-09-17
alonhadat,alo_18508059,nha_rieng,https://alonhadat.com.vn/cho-thue-nha-4-tang-tay-son-dong-da-gia-13tr-thang-18508059.html,"Cho thuê nhà 4 tầng Tây Sơn, Đống Đa. Giá: 13tr/ tháng",13000000,Giá: 13 triệu / tháng,30.0,30.0,3.0,,,Hà Nội,Đống Đa,Kim Liên,Phố Tây Sơn - Phường Kim Liên - Hà Nội,2026-09-17,2026-09-17
alonhadat,alo_18692983,nha_rieng,https://alonhadat.com.vn/cho-thue-nha-4-tang-truong-chinh-dong-da-gia-25tr-thang-18692983.html,"Cho thuê nhà 4 tầng Trường Chinh, Đống Đa. Giá: 25tr/ tháng",25000000,Giá: 25 triệu / tháng,70.0,70.0,2.0,,,Hà Nội,Đống Đa,Kim Liên,Đường Trường Chinh - Phường Kim Liên - Hà Nội,2026-09-17,2026-09-17
alonhadat,alo_18704534,nha_rieng,https://alonhadat.com.vn/cho-thue-nha-3-tang-dao-tan-ba-dinh-gia-18tr-thang-18704534.html,"Cho thuê nhà 3 tầng Đào Tấn,  Ba Đình. Giá: 18tr/ tháng",18000000,Giá: 18 triệu / tháng,60.0,60.0,4.0,,,Hà Nội,Ba Đình,Ngọc Hà,Đường Đào Tấn - Phường Ngọc Hà - Hà Nội,2026-09-17,2026-09-17
alonhadat,alo_19078730,nha_tro,https://alonhadat.com.vn/khai-truong-toa-ccmn-moi-18phong-phuong-canh-xuan-phuong-trinh-van-bo-19078730.html,Khai trương toà CCMN mới 18phòng _ Phương Canh_Xuân Phương_Trịnh Văn Bô,4000000,Giá: 4 triệu / tháng,15.0,15.0,18.0,,,Hà Nội,Nam Từ Liêm,Xuân Phương,Đường Xuân Phương - Phường Xuân Phương - Hà Nội,2026-09-17,2026-09-17
alonhadat,alo_19071483,nha_tro,https://alonhadat.com.vn/chinh-chu-cho-thue-phong-khep-kin-40m-ngo-532-bach-dang-hn-19071483.html,"CHÍNH CHỦ CHO THUÊ PHÒNG KHÉP KÍN 40M² – NGÕ 532 BẠCH ĐẰNG, HN",5500000,"Giá: 5,5 triệu / tháng",40.0,40.0,,,,Hà Nội,Hoàn Kiếm,Hồng Hà,Đường Bạch Đằng - Phường Hồng Hà - Hà Nội,2026-09-17,2026-09-17
alonhadat,alo_19077974,nha_tro,https://alonhadat.com.vn/cho-thue-ccmn-ngoc-lam-nguyen-van-cu-full-do-co-thang-may-co-cho-de-o-to-xe-may-5-5tr-t-19077974.html,"CHO THUÊ CCMN NGỌC LÂM, NGUYỄN VĂN CỪ full đồ- CÓ THANG MÁY, CÓ CHỖ ĐỂ Ô TÔ XE MÁY 5.5Tr/t",5500000,"Giá: 5,5 triệu / tháng",30.0,30.0,1.0,,,Hà Nội,Long Biên,Bồ Đề,Đường Ngọc Lâm - Phường Bồ Đề - Hà Nội,2026-09-17,2026-09-17
alonhadat,alo_19077665,nha_tro,https://alonhadat.com.vn/-vip-3n1k-70m2-286-nguyen-xien-full-do-8tr2-19077665.html,👑 VIP - 3N1K - 70M2 - 286 NGUYỄN XIỂN -  FULL ĐỒ - 8TR2,8200000,"Giá: 8,2 triệu / tháng",70.0,70.0,3.0,,,Hà Nội,Thanh Xuân,Khương Đình,Đường Nguyễn Xiển - Phường Khương Đình - Hà Nội,2026-09-17,2026-09-17
alonhadat,alo_19042998,nha_tro,https://alonhadat.com.vn/-chinh-chu-cho-nam-thue-phong-dep-25m-la-khe-ha-dong-19042998.html,"🏠 CHÍNH CHỦ CHO NAM THUÊ PHÒNG ĐẸP 25M² – DỌC BÚN 1, LA KHÊ, HÀ ĐÔNG",3000000,Giá: 3 triệu / tháng,25.0,25.0,,,,Hà Nội,Hà Đông,Hà Đông,Phường Hà Đông - Hà Nội,2026-09-17,2026-09-17
alonhadat,alo_19059621,nha_tro,https://alonhadat.com.vn/cho-thue-nha-tro-25m2-khep-kin-co-gac-xep-gan-khu-do-thi-linh-dam-19059621.html,Cho thuê nhà trọ 25m2 khép kín có gác xép - gần khu đô thị Linh Đàm,2000000,Giá: 2 triệu / tháng,25.0,25.0,,,,Hà Nội,Hoàng Mai,Hoàng Liệt,Đường Bằng B - Phường Hoàng Liệt - Hà Nội,2026-09-10,2026-09-17
alonhadat,alo_18458425,nha_tro,https://alonhadat.com.vn/toi-cho-ho-gia-dinh-2-nguoi-thue-1-2-nha-25a-ngach-28-ng-18458425.html,Tôi  Cho HỘ GIA ĐÌNH 2+ người thuê 1/2 nhà 25A ngách 28 ng,4500000,"Giá: 4,5 triệu / tháng",40.0,40.0,2.0,,,Hà Nội,Đống Đa,Ô Chợ Dừa,Đường Văn Hương - Phường Ô Chợ Dừa - Hà Nội,2026-09-17,2026-09-17
alonhadat,alo_17727810,nha_tro,https://alonhadat.com.vn/cho-thue-ccmn-63-tran-quoc-vuong-cau-giay-25m2-studio-cua-so-ban-cong-thang-may-giat-rieng-17727810.html,Cho Thuê CCMN 63 Trần Quốc Vượng Cầu Giấy 25m2 Studio Cửa Sổ Ban Công Thang Máy Giặt Riêng,6000000,Giá: 6 triệu / tháng,25.0,25.0,10.0,,,Hà Nội,Cầu Giấy,Cầu Giấy,Phố Trần Quốc Vượng - Phường Cầu Giấy - Hà Nội,2026-09-17,2026-09-17
alonhadat,alo_17727819,nha_tro,https://alonhadat.com.vn/cho-thue-ccmn-108-nguyen-lan-thanh-xuan-30m2-cua-so-ban-cong-giat-rieng-thang-may-o-to-do-17727819.html,Cho Thuê CCMN 108 Nguyễn Lân Thanh Xuân 30m2 Cửa Sổ Ban Công Giặt Riêng Thang Máy Ô Tô Đỗ,5500000,"Giá: 5,5 triệu / tháng",30.0,30.0,10.0,,,Hà Nội,Thanh Xuân,Phương Liệt,Đường Nguyễn Lân - Phường Phương Liệt - Hà Nội,2026-09-17,2026-09-17
alonhadat,alo_16536037,nha_tro,https://alonhadat.com.vn/cho-thue-ccmn-ngo-165-quan-nhan-thanh-xuan-35m2-1k1n-thang-may-giat-rieng-gan-cho-o-to-gan-16536037.html,Cho Thuê CCMN Ngõ 165 Quan Nhân Thanh Xuân 35m2 1K1N Thang Máy Giặt Riêng Gần Chợ Ô Tô Gần,7000000,Giá: 7 triệu / tháng,35.0,35.0,10.0,,,Hà Nội,Thanh Xuân,Thanh Xuân,Phố Quan Nhân - Phường Thanh Xuân - Hà Nội,2026-09-17,2026-09-17
alonhadat,alo_16536072,nha_tro,https://alonhadat.com.vn/cho-thue-ccmn-ngo-146-vuong-thua-vu-thanh-xuan-30m2-gac-xep-cua-so-giat-rieng-thang-may-16536072.html,Cho Thuê CCMN Ngõ 146 Vương Thừa Vũ Thanh Xuân 30m2 Gác Xép Cửa Sổ Giặt Riêng Thang Máy,5200000,"Giá: 5,2 triệu / tháng",30.0,30.0,10.0,,,Hà Nội,Thanh Xuân,Khương Đình,Phố Vương Thừa Vũ - Phường Khương Đình - Hà Nội,2026-09-17,2026-09-17
alonhadat,alo_18414965,nha_tro,https://alonhadat.com.vn/cho-thue-ccmn-219-dinh-cong-thuong-hoang-mai-25m2-studio-ban-cong-giat-rieng-thang-may-18414965.html,Cho Thuê CCMN 219 Định Công Thượng Hoàng Mai 25m2 Studio Ban Công Giặt Riêng Thang Máy,4500000,"Giá: 4,5 triệu / tháng",25.0,25.0,10.0,,,Hà Nội,Hoàng Mai,Định Công,Đường Định Công Thượng - Phường Định Công - Hà Nội,2026-09-17,2026-09-17
alonhadat,alo_18443126,nha_tro,https://alonhadat.com.vn/cho-thue-ccmn-317-ngo-quynh-hai-ba-trung-25m2-studio-cua-so-ban-cong-thang-may-full-do-18443126.html,Cho Thuê CCMN 317 Ngõ Quỳnh Hai Bà Trưng 25m2 Studio Cửa Sổ Ban Công Thang Máy Full Đồ,4500000,"Giá: 4,5 triệu / tháng",25.0,25.0,10.0,,,Hà Nội,Hai Bà Trưng,Bạch Mai,Ngõ Quỳnh - Phường Bạch Mai - Hà Nội,2026-09-17,2026-09-17
alonhadat,alo_18995058,nha_tro,https://alonhadat.com.vn/chinh-chu-cho-thue-can-ho-full-noi-that-moi-tinh-tai-ho-tung-mau-goldmark-18995058.html,CHO THUÊ CĂN HỘ FULL NỘI THẤT MỚI TINH TẠI HỒ TÙNG MẬU GOLDMARK,7000000,Giá: 7 triệu / tháng,52.0,52.0,5.0,,,Hà Nội,Bắc Từ Liêm,Phú Diễn,Đường Hồ Tùng Mậu - Phường Phú Diễn - Hà Nội,2026-09-17,2026-09-17
alonhadat,alo_18995087,nha_tro,https://alonhadat.com.vn/chinh-chu-cho-thue-can-ho-trong-toa-nha-6-tang-moi-xay-thang-may-nhap-khau-hien-dai--18995087.html,"cho thuê căn hộ trong tòa nhà 6 tầng mới xây, thang máy nhập khẩu hiện đại.",7000000,Giá: 7 triệu / tháng,55.0,55.0,5.0,,,Hà Nội,Bắc Từ Liêm,Phú Diễn,Đường Hồ Tùng Mậu - Phường Phú Diễn - Hà Nội,2026-09-17,2026-09-17
alonhadat,alo_19000740,nha_tro,https://alonhadat.com.vn/cho-thue-can-ho-full-noi-that-ho-tung-mau-ngay-goldmark-city-19000740.html,CHO THUÊ CĂN HỘ FULL NỘI THẤT HỒ TÙNG MẬU – NGAY GOLDMARK CITY,7000000,Giá: 7 triệu / tháng,55.0,55.0,5.0,,,Hà Nội,Cầu Giấy,Phú Diễn,Đường Hồ Tùng Mậu - Phường Phú Diễn - Hà Nội,2026-09-17,2026-09-17
alonhadat,alo_16018584,nha_tro,https://alonhadat.com.vn/cho-thue-phong-tro-ngo-36-cau-dien-nha-co-2-phong-gia-re-cho-cac-ban-sinh-song-va-lam-viec-16018584.html,Cho thuê Phòng Trọ Ngõ 36 Cầu Diễn nhà có 2 phòng giá rẻ cho các bạn sinh sống và làm việc,2600000,"Giá: 2,6 triệu / tháng",20.0,20.0,6.0,,,Hà Nội,Bắc Từ Liêm,Phú Diễn,Đường Phú Diễn - Phường Phú Diễn - Hà Nội,2026-09-17,2026-09-17
alonhadat,alo_16023615,nha_tro,https://alonhadat.com.vn/cho-thue-phong-1-ngu-1-khach-nha-ngo-42-phu-do-khep-kin-dieu-hoa-nong-lanh-day-du-4-4trieu-16023615.html,Cho thuê phòng 1 ngủ 1 khách nhà ngõ 42 Phú Đô khép kín điều hòa nóng lạnh đầy đủ 4.4triệu,4400000,"Giá: 4,4 triệu / tháng",35.0,35.0,2.0,,,Hà Nội,Nam Từ Liêm,Từ Liêm,Đường Phú Đô - Phường Từ Liêm - Hà Nội,2026-09-17,2026-09-17
alonhadat,alo_17332708,nha_tro,https://alonhadat.com.vn/chinh-chu-cho-thue-chung-cu-mini-cau-dien-bac-tu-liem-full-do-thang-may-17332708.html,"cho thuê chung cư mini Phú Diễn Bắc Từ Liêm Full đồ, thang máy",2000000,Giá: 2 triệu / tháng,20.0,20.0,1.0,,,Hà Nội,Bắc Từ Liêm,Phú Diễn,Đường Cầu Diễn - Phường Phú Diễn - Hà Nội,2026-09-17,2026-09-17
alonhadat,alo_13988367,nha_tro,https://alonhadat.com.vn/nha-moi-100-chung-cu-mini-cao-cap-o-quang-tien-tay-mo-full-do-co-pccc-13988367.html,"Nhà mới tinh - chung cư mini cao cấp ở Quang Tiến Tây Mỗ full đồ, có PCCC, Ô tô đỗ",2400000,"Giá: 2,4 triệu / tháng",20.0,20.0,1.0,,,Hà Nội,Nam Từ Liêm,Đại Mỗ,Đường Quang Tiến - Phường Đại Mỗ - Hà Nội,2026-09-17,2026-09-17
alonhadat,alo_15530172,nha_tro,https://alonhadat.com.vn/ngo-87-yen-xa-con-3p-khep-kin-full-do-thang-may-o-so-nguoi-thoai-mai-k-gioi-han-15530172.html,"Ngõ 87 YÊN XÁ CÒN 3p khép kín, Full đồ, thang máy ở số người thoải mái k giới hạn",3400000,"Giá: 3,4 triệu / tháng",30.0,30.0,,,,Hà Nội,Thanh Trì,Thanh Liệt,Đường Yên Xá - Phường Thanh Liệt - Hà Nội,2026-09-17,2026-09-17
alonhadat,alo_18931558,nha_tro,https://alonhadat.com.vn/cho-thue-nha-xa-la-ha-dong-full-noi-that-gia-sinh-vien-18931558.html,"CHo Thuê nhà Xa La, Hà Đông full nội thất giá sinh viên",4900000,"Giá: 4,9 triệu / tháng",26.0,26.0,2.0,,,Hà Nội,Hà Đông,Hà Đông,Phố Xa La - Phường Hà Đông - Hà Nội,2026-09-17,2026-09-17
alonhadat,alo_18919328,nha_tro,https://alonhadat.com.vn/cho-thue-ccmn-mo-lao-thang-may-day-du-noi-that-gia-chi-3-trieu-18919328.html,CHO THUÊ CCMN MỖ LAO THANG MÁY ĐẦY ĐỦ NỘI THẤT GIÁ CHỈ 3 TRIỆU,3000000,Giá: 3 triệu / tháng,15.0,15.0,17.0,,,Hà Nội,Hà Đông,Hà Đông,Đường Trần Phú - Phường Hà Đông - Hà Nội,2026-09-17,2026-09-17
alonhadat,alo_18840896,nha_tro,https://alonhadat.com.vn/cho-thue-phong-tro-van-quan-thang-may-25m2-full-noi-that-gia-chi-hon-3-trieu-18840896.html,CHO THUÊ PHÒNG TRỌ VĂN QUÁN THANG MÁY 25M2 FULL NỘI THẤT GIÁ CHỈ HƠN 3 TRIỆU,3000000,Giá: 3 triệu / tháng,25.0,25.0,13.0,,,Hà Nội,Hà Đông,Hà Đông,Đường Nguyễn Khuyến - Phường Hà Đông - Hà Nội,2026-09-17,2026-09-17
alonhadat,alo_18862050,nha_tro,https://alonhadat.com.vn/phong-tro-ccmn-sieu-dep-van-quan-may-giat-rieng-tang-1-trieu-cho-khach-thue-18862050.html,PHÒNG TRỌ CCMN SIÊU ĐẸP TRẦN PHÚ VĂN QUÁN MÁY GIẶT RIÊNG TẶNG 1 TRIỆU CHO KHÁCH THUÊ,5000000,Giá: 5 triệu / tháng,18.0,18.0,18.0,,,Hà Nội,Hà Đông,Hà Đông,Đường Trần Phú - Phường Hà Đông - Hà Nội,2026-09-17,2026-09-17
alonhadat,alo_18526176,nha_tro,https://alonhadat.com.vn/phong-tro-trieu-khuc-thang-may-full-noi-that-gia-chi-3tr-18526176.html,PHÒNG TRỌ TRIỀU KHÚC THANG MÁY FULL NỘI THẤT GIÁ CHỈ 3TR,3000000,Giá: 3 triệu / tháng,15.0,15.0,12.0,,,Hà Nội,Thanh Trì,Thanh Liệt,Đường Triều Khúc - Phường Thanh Liệt - Hà Nội,2026-09-17,2026-09-17
alonhadat,alo_18340462,nha_tro,https://alonhadat.com.vn/phong-tro-moi-dep-ha-dong-thang-may-full-noi-that-may-giat-rieng-chi-hon-3-trieu-18340462.html,PHÒNG TRỌ MỚI ĐẸP HÀ ĐÔNG THANG MÁY FULL NỘI THẤT MÁY GIẶT RIÊNG CHỈ HƠN 3 TRIỆU,3000000,Giá: 3 triệu / tháng,15.0,15.0,12.0,,,Hà Nội,Hà Đông,Hà Đông,Phố Xa La - Phường Hà Đông - Hà Nội,2026-09-17,2026-09-17
alonhadat,alo_18340475,nha_tro,https://alonhadat.com.vn/phong-tro-moi-dep-ha-dong-thang-may-full-noi-that-may-giat-rieng-chi-hon-3-trieu-18340475.html,PHÒNG TRỌ MỚI ĐẸP HÀ ĐÔNG THANG MÁY FULL NỘI THẤT MÁY GIẶT RIÊNG CHỈ HƠN 3 TRIỆU,3000000,Giá: 3 triệu / tháng,15.0,15.0,12.0,,,Hà Nội,Hà Đông,Kiến Hưng,Đường Mậu Lương - Phường Kiến Hưng - Hà Nội,2026-09-17,2026-09-17
alonhadat,alo_18353066,nha_tro,https://alonhadat.com.vn/phong-tro-moi-dep-quang-trung-ha-dong-thang-may-full-noi-that-chi-hon-3-trieu-18353066.html,PHÒNG TRỌ MỚI ĐẸP QUANG TRUNG - HÀ ĐÔNG THANG MÁY FULL NỘI THẤT CHỈ HƠN 3 TRIỆU,3000000,Giá: 3 triệu / tháng,18.0,18.0,19.0,,,Hà Nội,Hà Đông,Dương Nội,Đường Quang Trung - Phường Dương Nội - Hà Nội,2026-09-17,2026-09-17
alonhadat,alo_19006591,nha_tro,https://alonhadat.com.vn/cho-thue-ccmn-khep-kin-moi-dep-full-noi-that-tai-xa-la-ha-dong-gia-3-trieu-19006591.html,CHO THUÊ CCMN KHÉP KÍN MỚI ĐẸP FULL NỘI THẤT TẠI XA LA – HÀ ĐÔNG GIÁ 3 TRIỆU,3000000,Giá: 3 triệu / tháng,18.0,18.0,12.0,,,Hà Nội,Hà Đông,Hà Đông,Đường Phùng Hưng - Phường Hà Đông - Hà Nội,2026-09-17,2026-09-17
alonhadat,alo_18993481,nha_tro,https://alonhadat.com.vn/cho-thue-phong-30m2-full-noi-that-may-giat-rieng-tai-xa-la-mau-luong-18993481.html,CHO THUÊ PHÒNG 30M2 FULL NỘI THẤT MÁY GIẶT RIÊNG TẠI XA LA – MẬU LƯƠNG,4000000,Giá: 4 triệu / tháng,30.0,30.0,8.0,,,Hà Nội,Hà Đông,Hà Đông,Phố Xa La - Phường Hà Đông - Hà Nội,2026-09-17,2026-09-17
alonhadat,alo_18965261,nha_tro,https://alonhadat.com.vn/cho-thue-can-ho-cuc-dep-47m2-2pn-1k-tai-trung-van-gia-chi-6-5-trieu-18965261.html,CHO THUÊ CĂN HỘ CỰC ĐẸP 47M2 2PN 1K TẠI TRUNG VĂN GIÁ CHỈ 6.5 TRIỆU,6500000,"Giá: 6,5 triệu / tháng",47.0,47.0,2.0,,,Hà Nội,Nam Từ Liêm,Đại Mỗ,Đường Đại Linh - Phường Đại Mỗ - Hà Nội,2026-09-17,2026-09-17
alonhadat,alo_19056845,nha_tro,https://alonhadat.com.vn/cho-thue-phong-tro-khep-kin-tai-duong-phung-hung-22m2-gia-3-5-trieu-19056845.html,CHO THUÊ PHÒNG TRỌ KHÉP KÍN TẠI ĐƯỜNG PHÙNG HƯNG 22M2 GIÁ 3.5 TRIỆU,3500000,"Giá: 3,5 triệu / tháng",22.0,22.0,1.0,,,Hà Nội,Hà Đông,Hà Đông,Đường Phùng Hưng - Phường Hà Đông - Hà Nội,2026-09-17,2026-09-17
alonhadat,alo_19073879,nha_tro,https://alonhadat.com.vn/cho-thue-phong-tro-khep-kin-yen-xa-20m2-thang-may-full-noi-that-gia-3-5tr-19073879.html,CHO THUÊ PHÒNG TRỌ KHÉP KÍN YÊN XÁ 20M2 THANG MÁY FULL NỘI THẤT GIÁ 3.5TR,3500000,"Giá: 3,5 triệu / tháng",20.0,20.0,18.0,,,Hà Nội,Thanh Trì,Thanh Liệt,Đường Yên Xá - Phường Thanh Liệt - Hà Nội,2026-09-17,2026-09-17
alonhadat,alo_19041757,nha_tro,https://alonhadat.com.vn/cho-thue-phong-tro-ccmn-khep-kin-yen-xa-full-noi-that-gia-chi-3-trieu-19041757.html,CHO THUÊ PHÒNG TRỌ CCMN KHÉP KÍN YÊN XÁ FULL NỘI THẤT GIÁ CHỈ 3 TRIỆU,3000000,Giá: 3 triệu / tháng,25.0,25.0,24.0,,,Hà Nội,Thanh Trì,Thanh Liệt,Đường Yên Xá - Phường Thanh Liệt - Hà Nội,2026-09-17,2026-09-17
alonhadat,alo_18924122,nha_tro,https://alonhadat.com.vn/cho-thue-phong-tro-mini-duong-quang-ham-cau-giay-gia-3-trieu-18924122.html,CHO THUÊ PHÒNG TRỌ MINI DƯƠNG QUẢNG HÀM - CẦU GIẤY - GIÁ 3 TRIỆU - 30M2 - FULL ĐỒ,3000000,Giá: 3 triệu / tháng,30.0,30.0,,,,Hà Nội,Cầu Giấy,Cầu Giấy,Phố Dương Quảng Hàm - Phường Cầu Giấy - Hà Nội,2026-09-17,2026-09-17
alonhadat,alo_18927325,nha_tro,https://alonhadat.com.vn/chinh-chu-cho-thue-ccmn-cau-giay-dong-da-ba-dinh-tu-liem-3tr-15tr-thang-18927325.html,CHO THUÊ CCMN CẦU GIẤY - ĐỐNG ĐA - BA ĐÌNH - TỪ LIÊM - 3TR - 15TR/THÁNG,5000000,Giá: 5 triệu / tháng,50.0,50.0,2.0,,,Hà Nội,Cầu Giấy,Cầu Giấy,Đường Cầu Giấy - Phường Cầu Giấy - Hà Nội,2026-09-17,2026-09-17
alonhadat,alo_18887357,nha_tro,https://alonhadat.com.vn/chinh-chu-cho-thue-chung-cu-mini-cho-sinh-vien-minh-khai-hai-ba-trung-ha-noi-18887357.html,"CHÍNH CHỦ CHO THUÊ CHUNG CƯ MINI TẠI NGÕ GỐC ĐỀ, MINH KHAI, HAI BÀ TRƯNG, HÀ NỘI",3150000,"Giá: 3,15 triệu / tháng",18.0,18.0,,,,Hà Nội,Hai Bà Trưng,Bạch Mai,Ngõ Gốc Đề - Phường Bạch Mai - Hà Nội,2026-09-17,2026-09-17
alonhadat,alo_19078044,nha_tro,https://alonhadat.com.vn/-tro-vip-1n1k-97-khuong-trung-5tr8-19078044.html,👑 TRỌ VIP - 1N1K - 97 KHƯƠNG TRUNG  - 5TR8,5800000,"Giá: 5,8 triệu / tháng",35.0,35.0,,,,Hà Nội,Thanh Xuân,Khương Đình,Đường Khương Trung - Phường Khương Đình - Hà Nội,2026-09-17,2026-09-17
alonhadat,alo_19077979,nha_tro,https://alonhadat.com.vn/-tro-vip-1n1k-may-giat-rieng-198-xa-dan-7tr-19077979.html,👑 TRỌ VIP - 1N1K - MÁY GIẶT RIÊNG  - 198 XÃ ĐÀN- 7TR,7000000,Giá: 7 triệu / tháng,35.0,35.0,1.0,,,Hà Nội,Đống Đa,Kim Liên,Phố Xã Đàn - Phường Kim Liên - Hà Nội,2026-09-17,2026-09-17
alonhadat,alo_19077936,nha_tro,https://alonhadat.com.vn/-tro-vip-1n1k-may-giat-rieng-o-duoc-3-4-nguoi-pham-van-dong-6tr5-19077936.html,👑 TRỌ VIP - 1N1K - MÁY GIẶT RIÊNG - Ở ĐƯỢC 3-4 NGƯỜI -  PHẠM VĂN ĐỒNG  - 6TR5,6500000,"Giá: 6,5 triệu / tháng",35.0,35.0,1.0,,,Hà Nội,Bắc Từ Liêm,Nghĩa Đô,Đường Phạm Văn Đồng - Phường Nghĩa Đô - Hà Nội,2026-09-17,2026-09-17
alonhadat,alo_19074771,nha_tro,https://alonhadat.com.vn/cho-thue-ccmn-1pn-1-khach-1wc-27m2-gia-cuc-chat-6-5-trieu-ngo-12-nguyen-ngoc-nai--19074771.html,"Cho thuê CCMN 1PN 1 khách, 1WC, 27m2, giá cực chất 6,5 triệu ngõ 12, Nguyễn Ngọc Nại.",6500000,"Giá: 6,5 triệu / tháng",27.0,27.0,1.0,,,Hà Nội,Thanh Xuân,Phương Liệt,Phố Nguyễn Ngọc Nại - Phường Phương Liệt - Hà Nội,2026-09-17,2026-09-17
alonhadat,alo_17054524,nha_tro,https://alonhadat.com.vn/cho-thue-phong-ho-tung-mau-30m2-gia-chi-tu-4-5-trieu-thang-17054524.html,Cho thuê phòng Hồ Tùng Mậu 30m2 giá chỉ từ 4.5 triệu/tháng,4500000,"Giá: 4,5 triệu / tháng",30.0,30.0,,,,Hà Nội,Cầu Giấy,Phú Diễn,Đường Hồ Tùng Mậu - Phường Phú Diễn - Hà Nội,2026-09-17,2026-09-17
alonhadat,alo_17054556,nha_tro,https://alonhadat.com.vn/cho-thue-phong-nguyen-hoang-32m2-gia-chi-tu-4-5-trieu-thang-17054556.html,Cho thuê phòng Nguyễn Hoàng 32m2 giá chỉ từ 4.5 triệu/tháng,4500000,"Giá: 4,5 triệu / tháng",32.0,32.0,,,,Hà Nội,Nam Từ Liêm,Từ Liêm,Đường Nguyễn Hoàng - Phường Từ Liêm - Hà Nội,2026-09-17,2026-09-17
alonhadat,alo_17054637,nha_tro,https://alonhadat.com.vn/cho-thue-phong-le-duc-tho-phu-my-my-dinh-36m2-gia-chi-tu-4-5-trieu-thang-17054637.html,Cho thuê phòng Lê Đức Thọ (Phú Mỹ) Mỹ Đình 36m2 giá chỉ từ 4.5 triệu/tháng,4500000,"Giá: 4,5 triệu / tháng",36.0,36.0,,,,Hà Nội,Nam Từ Liêm,Từ Liêm,Đường Lê Đức Thọ - Phường Từ Liêm - Hà Nội,2026-09-17,2026-09-17
alonhadat,alo_19077736,nha_tro,https://alonhadat.com.vn/-tro-vip-may-giat-rieng-o-duoc-3-4-nguoi-trung-van-5tr-19077736.html,👑 TRỌ VIP - MÁY GIẶT RIÊNG - Ở ĐƯỢC 3-4 NGƯỜI -  TRUNG VĂN  - 5TR,5000000,Giá: 5 triệu / tháng,30.0,30.0,1.0,,,Hà Nội,Nam Từ Liêm,Đại Mỗ,Đường Trung Văn - Phường Đại Mỗ - Hà Nội,2026-09-17,2026-09-17
alonhadat,alo_17688772,nha_tro,https://alonhadat.com.vn/-nha-gan-dh-cong-nghiep-88m-8-tang-25-phong-lo-goc-3-thoang-gia-17-8-ty-17688772.html,👑 VIP - 1N1K - 67 ĐÌNH THÔN - FULL ĐỒ - 6TR5,6500000,"Giá: 6,5 triệu / tháng",40.0,40.0,1.0,,,Hà Nội,Nam Từ Liêm,Từ Liêm,Đường Đình Thôn - Phường Từ Liêm - Hà Nội,2026-09-17,2026-09-17
alonhadat,alo_17739363,nha_tro,https://alonhadat.com.vn/-trung-tam-dong-da-47m-7-tang-13-phong-thu-45tr-th-gia-9-3-ty-hang-mini-17739363.html,👑 VIP - 1N1K - TRẦN DUY HƯNG - MẶT HỒ - FULL ĐỒ - 12TR,12000000,Giá: 12 triệu / tháng,50.0,50.0,1.0,,,Hà Nội,Cầu Giấy,Yên Hòa,Đường Trần Duy Hưng - Phường Yên Hòa - Hà Nội,2026-09-17,2026-09-17
alonhadat,alo_17581454,nha_tro,https://alonhadat.com.vn/-ban-gap-ccmn-o-to-do-cong-60-m2-7-tang-19-phong-thu-70tr-th-12-ty-hang-mini-17581454.html,👑 TRỌ VIP - ĐẶNG TRẦN CÔN - 40M2  - 5TR3,5300000,"Giá: 5,3 triệu / tháng",40.0,40.0,1.0,,,Hà Nội,Đống Đa,Ô Chợ Dừa,Phố Đặng Trần Côn - Phường Ô Chợ Dừa - Hà Nội,2026-09-17,2026-09-17
alonhadat,alo_17445394,nha_tro,https://alonhadat.com.vn/-toa-ccmn-kim-giang-104m-8-tang-24-phong-thu-100tr-th-gia-21-ty-17445394.html,👑 VIP - 1N1K - CÓ BAN CÔNG -  NGÕ 113  TRUNG KÍNH  - Full đồ - 6TR8,6800000,"Giá: 6,8 triệu / tháng",35.0,35.0,1.0,,,Hà Nội,Đống Đa,Đống Đa,Phố Thái Thịnh - Phường Đống Đa - Hà Nội,2026-09-17,2026-09-17
alonhadat,alo_18189766,nha_tro,https://alonhadat.com.vn/-dang-ngay-11-2-18189766.html,👑 VIP - 2N1K - NGÕ 68 TRUNG KÍNH  - Full đồ - 10TR5,10500000,"Giá: 10,5 triệu / tháng",55.0,55.0,2.0,,,Hà Nội,Cầu Giấy,Yên Hòa,Phố Trung Kính - Phường Yên Hòa - Hà Nội,2026-09-17,2026-09-17
alonhadat,alo_17496403,nha_tro,https://alonhadat.com.vn/-ccmn-phung-khoang-55m-5-tang-10-phong-thu-44tr-th-gia-9-8-ty-hang-mini-17496403.html,👑 TRỌ VIP - 1N1K - NGÕ 99 ÂU CƠ - 55M2 - Full đồ - 8TR,8000000,Giá: 8 triệu / tháng,55.0,55.0,1.0,,,Hà Nội,Tây Hồ,Tây Hồ,Đường Âu Cơ - Phường Tây Hồ - Hà Nội,2026-09-17,2026-09-17
alonhadat,alo_17305065,nha_tro,https://alonhadat.com.vn/-toa-nha-ccmn-trieu-khuc-60m2-7-tang-lo-goc-thu-70-tr-th-14-9-ty-hangmini-com-17305065.html,👑Phòng VIP - TÔ NGỌC VÂN - 45M2 - Full đồ - 6tr5,6500000,"Giá: 6,5 triệu / tháng",45.0,45.0,1.0,,,Hà Nội,Tây Hồ,Tây Hồ,Đường Tô Ngọc Vân - Phường Tây Hồ - Hà Nội,2026-09-17,2026-09-17
alonhadat,alo_19074716,nha_tro,https://alonhadat.com.vn/-phong-vip-1n1k-ngo-59-pham-van-dong-full-do-don-phong-mien-phi-8tr2-19074716.html,👑Phòng VIP - 1n1k - Ngõ 59 Phạm Văn Đồng - Full đồ - dọn phòng miễn phí - 8tr2,8200000,"Giá: 8,2 triệu / tháng",40.0,40.0,1.0,,,Hà Nội,Bắc Từ Liêm,Nghĩa Đô,Đường Phạm Văn Đồng - Phường Nghĩa Đô - Hà Nội,2026-09-17,2026-09-17
alonhadat,alo_19074750,nha_tro,https://alonhadat.com.vn/-phong-vip-2n1k-ngo-59-pham-van-dong-full-do-don-phong-mien-phi-10tr5-19074750.html,👑Phòng VIP - 2n1k - Ngõ 59 Phạm Văn Đồng - Full đồ - dọn phòng miễn phí - 10tr5,10500000,"Giá: 10,5 triệu / tháng",50.0,50.0,2.0,,,Hà Nội,Bắc Từ Liêm,Đông Ngạc,Đường Phạm Văn Đồng - Phường Đông Ngạc - Hà Nội,2026-09-17,2026-09-17
alonhadat,alo_19060438,nha_tro,https://alonhadat.com.vn/-chu-gap-kho-ve-tai-chinh-ban-gap-84m-5-tang-18-phong-cho-thue-chi-16-ty-19060438.html,👑Phòng VIP - 1n1k - NGUYÊN HỒNG - Full đồ - Ô TÔ ĐỖ CỬA - 12TR,12000000,Giá: 12 triệu / tháng,50.0,50.0,1.0,,,Hà Nội,Đống Đa,Láng,Phố Nguyên Hồng - Phường Láng - Hà Nội,2026-09-17,2026-09-17
alonhadat,alo_19060440,nha_tro,https://alonhadat.com.vn/-chu-gap-kho-ve-tai-chinh-ban-gap-84m-5-tang-18-phong-cho-thue-chi-16-ty-19060440.html,👑Phòng VIP - Mặt Phố Nguyễn Thượng Hiền - Full đồ - 6tr8,6800000,"Giá: 6,8 triệu / tháng",30.0,30.0,1.0,,,Hà Nội,Hai Bà Trưng,Hai Bà Trưng,Phố Nguyễn Thượng Hiền - Phường Hai Bà Trưng - Hà Nội,2026-09-17,2026-09-17
alonhadat,alo_19056962,nha_tro,https://alonhadat.com.vn/-chu-gap-kho-ve-tai-chinh-ban-gap-84m-5-tang-18-phong-cho-thue-chi-16-ty-19056962.html,👑Phòng VIP - 2n1k - TỨ LIÊN - Full đồ - dọn phòng miễn phí - 9tr5,9500000,"Giá: 9,5 triệu / tháng",70.0,70.0,2.0,,,Hà Nội,Tây Hồ,Hồng Hà,Đường Hồng Hà - Phường Hồng Hà - Hà Nội,2026-09-17,2026-09-17
alonhadat,alo_17287108,nha_tro,https://alonhadat.com.vn/-nha-dong-tien-112m-7-tang-36-phong-thu-144tr-th-26-ty-hang-mini-17287108.html,👑Phòng VIP - DUPLEX - CỬA BẮC - TRÚC BẠCH -  - Full đồ - 28TR,28000000,Giá: 28 triệu / tháng,50.0,50.0,1.0,,,Hà Nội,Ba Đình,Ba Đình,Phố Cửa Bắc - Phường Ba Đình - Hà Nội,2026-09-17,2026-09-17
alonhadat,alo_17382972,nha_tro,https://alonhadat.com.vn/-toa-chdv-gan-vin-tay-mo-lo-goc-3-thoang-19-phong-gia-17-9-ty-hang-mini-17382972.html,👑 TRỌ VIP - 1N1K - NGÕ 399 ÂU CƠ - 70M2 - Full đồ - 9TR,8500000,"Giá: 8,5 triệu / tháng",40.0,40.0,1.0,,,Hà Nội,Tây Hồ,Tây Hồ,Đường Âu Cơ - Phường Tây Hồ - Hà Nội,2026-09-17,2026-09-17
